Date,L Income,L 2030,L 2035,L 2040,L 2045,L 2050,L 2055,L 2060,L 2065,L 2070,L 2075,G Fund,F Fund,C Fund,S Fund,I Fund
2026-08-26,31.1127,63.8609,19.6835,75.9757,21.1432,47.1137,24.8244,24.8212,24.8179,14.7089,12.8483,20.1611,20.9462,123.7071,117.9597,66.4354
2026-08-25,31.1145,63.8713,19.6877,75.9943,21.1489,47.1271,24.8307,24.8275,24.8242,14.7127,12.8516,20.1584,20.9755,123.7318,117.7925,66.4982
2026-08-24,31.0624,63.6861,19.6194,75.7081,21.0641,46.9275,24.7125,24.7093,24.7059,14.6425,12.7903,20.1557,20.8808,123.3312,117.5013,65.9706
2026-08-21,31.0897,63.8225,19.6727,75.9347,21.1322,47.0907,24.8216,24.8183,24.8150,14.7071,12.8467,20.1475,20.8404,123.6762,118.5706,66.3161
2026-08-20,31.0289,63.5847,19.5835,75.5610,21.0211,46.8269,24.6505,24.6473,24.6440,14.6058,12.7582,20.1448,20.8751,123.1350,117.5638,65.6397
2026-08-19,31.0765,63.7709,19.6536,75.8562,21.1090,47.0350,24.7777,24.7745,24.7712,14.6813,12.8241,20.1421,20.9407,124.1969,118.9512,65.4902
2026-08-18,31.0541,63.7041,19.6298,75.7571,21.0799,46.9677,24.7443,24.7411,24.7377,14.6614,12.8067,20.1394,20.8421,123.9253,118.6624,65.5124
2026-08-17,31.1409,64.0591,19.7642,76.3233,21.2487,47.3693,25.0033,25.0000,24.9966,14.8148,12.9408,20.1367,20.8237,124.7825,120.6396,66.4152
2026-08-14,31.1598,64.1515,19.8005,76.4783,21.2954,47.4808,25.0724,25.0691,25.0657,14.8558,12.9766,20.1286,20.8619,125.4211,120.9799,66.3709
2026-08-13,31.1626,64.1621,19.8046,76.4964,21.3009,47.4934,25.0756,25.0724,25.0690,14.8578,12.9783,20.1259,20.9184,125.6188,120.7421,66.2866
2026-08-12,31.1021,63.9393,19.7218,76.1496,21.1980,47.2503,24.9270,24.9238,24.9204,14.7696,12.9013,20.1232,20.8523,124.8034,120.1488,65.9162
2026-08-11,31.0584,63.7761,19.6610,75.8952,21.1225,47.0717,24.8147,24.8115,24.8081,14.7031,12.8432,20.1205,20.8376,124.4725,119.3336,65.4874
2026-08-10,31.0627,63.8031,19.6719,75.9419,21.1366,47.1058,24.8387,24.8355,24.8321,14.7173,12.8556,20.1178,20.8191,124.8709,118.9517,65.4379
2026-08-07,31.0708,63.8476,19.6898,76.0195,21.1601,47.1618,24.8691,24.8659,24.8626,14.7354,12.8714,20.1096,20.8908,124.9314,119.3969,65.5282
2026-08-06,30.9956,63.5636,19.5838,75.5753,21.0282,46.8496,24.6742,24.6710,24.6677,14.6199,12.7705,20.1069,20.8490,124.1579,117.3501,65.0703
2026-08-05,31.0202,63.6597,19.6200,75.7282,21.0738,46.9573,24.7376,24.7344,24.7311,14.6575,12.8034,20.1042,20.9121,124.3768,117.7779,65.2913
2026-08-04,31.0238,63.6830,19.6295,75.7687,21.0860,46.9869,24.7581,24.7549,24.7516,14.6697,12.8140,20.1015,20.8985,124.5855,118.7782,65.0801
2026-08-03,30.8654,63.0802,19.4045,74.8264,20.8063,46.3253,24.3460,24.3428,24.3395,14.4253,12.6006,20.0988,20.8127,122.3935,116.0970,64.2093
2026-07-31,30.7572,62.6825,19.2573,74.2118,20.6242,45.8956,24.0788,24.0756,24.0723,14.2670,12.4622,20.0914,20.7644,120.6031,113.9868,64.0123
2026-07-30,30.7135,62.5106,19.1930,73.9435,20.5446,45.7066,23.9544,23.9513,23.9480,14.1934,12.3979,20.0889,20.8240,119.7571,114.4461,63.6309
2026-07-29,30.5357,61.8222,18.9357,72.8660,20.2246,44.9492,23.4757,23.4727,23.4695,13.9097,12.1502,20.0864,20.8114,117.8005,112.8644,61.8421
2026-07-28,30.6600,62.3057,19.1168,73.6258,20.4504,45.4835,23.8082,23.8051,23.8019,14.1068,12.3223,20.0839,20.8879,119.6140,114.7274,62.5724
2026-07-27,30.6709,62.3623,19.1389,73.7192,20.4785,45.5509,23.8559,23.8528,23.8496,14.1350,12.3470,20.0814,20.8369,119.3625,114.7314,63.1346
2026-07-24,30.6409,62.2717,19.1069,73.5874,20.4399,45.4611,23.8043,23.8012,23.7980,14.1044,12.3203,20.0739,20.7899,119.3426,113.9880,62.9110
2026-07-23,30.6476,62.3082,19.1213,73.6486,20.4583,45.5054,23.8351,23.8319,23.8287,14.1226,12.3361,20.0714,20.7658,119.2733,114.3141,63.1339
2026-07-22,30.7387,62.6666,19.2559,74.2137,20.6264,45.9036,24.0839,24.0808,24.0775,14.2701,12.4650,20.0690,20.8162,120.7302,114.9435,63.7601
2026-07-21,30.7432,62.6856,19.2632,74.2453,20.6359,45.9259,24.0952,24.0921,24.0888,14.2768,12.4709,20.0665,20.8528,120.8939,115.6414,63.5755
2026-07-20,30.6391,62.2785,19.1108,73.6070,20.4463,45.4764,23.8068,23.8037,23.8006,14.1060,12.3216,20.0640,20.8934,119.8313,114.1845,62.5066
2026-07-17,30.6745,62.4313,19.1693,73.8547,20.5204,45.6523,23.9152,23.9122,23.9091,14.1704,12.3778,20.0565,20.9438,120.0585,115.0455,62.9766
2026-07-16,30.7466,62.7239,19.2798,74.3193,20.6588,45.9810,24.1258,24.1227,24.1196,14.2951,12.4868,20.0540,20.9324,121.2823,115.6450,63.5023
2026-07-15,30.8033,62.9531,19.3663,74.6829,20.7671,46.2380,24.2889,24.2859,24.2827,14.3918,12.5713,20.0515,20.9393,121.9037,116.0530,64.1752
2026-07-14,30.7573,62.7850,19.3041,74.4228,20.6900,46.0562,24.1776,24.1745,24.1713,14.3258,12.5136,20.0490,20.8975,121.4343,116.0586,63.6953
2026-07-13,30.7103,62.6132,19.2404,74.1564,20.6110,45.8699,24.0637,24.0606,24.0574,14.2582,12.4546,20.0466,20.8503,120.9793,115.4533,63.3086
2026-07-10,30.7995,62.9756,19.3775,74.7342,20.7833,46.2785,24.3187,24.3157,24.3125,14.4094,12.5867,20.0391,20.9171,121.9455,116.5251,64.2755
2026-07-09,30.7728,62.8751,19.3402,74.5783,20.7370,46.1690,24.2479,24.2449,24.2417,14.3675,12.5500,20.0366,20.9359,121.4229,117.1972,64.0071
2026-07-08,30.6978,62.5905,19.2340,74.1338,20.6051,45.8568,24.0523,24.0492,24.0461,14.2515,12.4488,20.0341,20.9085,120.4389,115.6350,63.6064
2026-07-07,30.7451,62.7793,19.3053,74.4337,20.6944,46.0687,24.1846,24.1816,24.1784,14.3300,12.5173,20.0316,20.9410,120.7787,116.6563,64.1444
2026-07-06,30.8341,63.1241,19.4345,74.9767,20.8559,46.4507,24.4196,24.4166,24.4135,14.4694,12.6390,20.0292,21.0329,121.3184,118.2014,65.2002
2026-07-02,30.7327,62.7570,19.2990,74.4114,20.6885,46.0557,24.1732,24.1702,24.1671,14.3233,12.5115,20.0192,20.9986,120.4336,117.5528,64.1477
2026-07-01,30.7310,62.7575,19.2997,74.4152,20.6899,46.0592,24.1760,24.1730,24.1699,14.3250,12.5129,20.0167,20.9961,120.4309,118.1797,64.0453
2026-06-30,30.7769,62.9395,19.3683,74.7035,20.7757,46.2624,24.3019,24.2990,24.2959,14.3997,12.5782,20.0142,21.0363,120.6862,118.8906,64.6649
2026-06-29,30.7216,62.7083,19.2839,74.3503,20.6707,46.0129,24.1362,24.1334,24.1304,14.3016,12.4925,20.0117,21.1239,119.7407,117.9580,64.3313
2026-06-26,30.6308,62.3623,19.1589,73.8286,20.5162,45.6477,23.9066,23.9037,23.9008,14.1655,12.3736,20.0043,21.1142,118.3344,116.7844,63.9286
2026-06-25,30.6455,62.4324,19.1850,73.9390,20.5492,45.7265,23.9587,23.9559,23.9529,14.1964,12.4006,20.0018,21.0942,118.3881,116.1112,64.4268
2026-06-24,30.6051,62.2772,19.1289,73.7044,20.4797,45.5622,23.8560,23.8532,23.8502,14.1356,12.3474,19.9993,21.0819,118.3949,115.4845,63.7583
2026-06-23,30.5986,62.2730,19.1283,73.7028,20.4795,45.5636,23.8663,23.8634,23.8604,14.1415,12.3527,19.9968,20.9829,118.5099,115.0693,63.8369
2026-06-22,30.7529,62.9162,19.3640,74.6932,20.7744,46.2639,24.3148,24.3118,24.3087,14.4072,12.5848,19.9944,20.9577,120.2339,116.0268,65.7320
2026-06-18,30.7576,62.9567,19.3803,74.7648,20.7963,46.3164,24.3449,24.3420,24.3389,14.4252,12.6004,19.9844,21.0112,120.6745,116.1540,65.5819
2026-06-17,30.6557,62.5552,19.2342,74.1523,20.6144,45.8858,24.0760,24.0731,24.0700,14.2658,12.4612,19.9819,20.9603,119.3781,114.2377,64.9426
2026-06-16,30.7339,62.8707,19.3497,74.6377,20.7588,46.2279,24.2868,24.2839,24.2809,14.3908,12.5704,19.9794,21.0409,120.8459,115.2393,65.1878
2026-06-15,30.7629,63.0016,19.3981,74.8417,20.8197,46.3731,24.3827,24.3797,24.3766,14.4475,12.6200,19.9769,21.0051,121.5326,116.2841,65.1640
2026-06-12,30.6211,62.4498,19.1981,74.0057,20.5718,45.7868,24.0141,24.0112,24.0081,14.2291,12.4292,19.9695,20.9801,119.5288,114.9835,64.1908
2026-06-11,30.5669,62.2340,19.1198,73.6786,20.4748,45.5571,23.8672,23.8643,23.8613,14.1421,12.3532,19.9670,21.0045,118.9254,114.4059,63.6598
2026-06-10,30.3610,61.4218,18.8245,72.4419,20.1076,44.6891,23.3274,23.3245,23.3215,13.8221,12.0737,19.9646,20.8905,116.8769,111.1094,61.8247
2026-06-09,30.5058,62.0153,19.0414,73.3514,20.3781,45.3299,23.7328,23.7299,23.7268,14.0623,12.2835,19.9621,20.9039,118.7986,112.9169,63.0411
2026-06-08,30.4837,61.9402,19.0146,73.2403,20.3453,45.2533,23.6889,23.6859,23.6828,14.0363,12.2607,19.9596,20.8561,119.1020,112.5110,62.5553
2026-06-05,30.4513,61.8274,18.9746,73.0746,20.2965,45.1383,23.6154,23.6125,23.6094,13.9928,12.2227,19.9521,20.8721,118.7442,111.7849,62.4245
2026-06-04,30.7148,62.8995,19.3667,74.7209,20.7863,46.2993,24.3468,24.3438,24.3407,14.4263,12.6014,19.9497,20.9601,121.9526,115.5992,64.7097
2026-06-03,30.6809,62.7716,19.3204,74.5275,20.7290,46.1639,24.2632,24.2603,24.2572,14.3767,12.5581,19.9472,20.9351,121.4401,114.3062,64.7438
2026-06-02,30.7364,63.0001,19.4043,74.8803,20.8341,46.4130,24.4184,24.4155,24.4124,14.4687,12.6385,19.9447,20.9766,122.3388,115.4664,64.9821
2026-06-01,30.7029,62.8716,19.3578,74.6858,20.7764,46.2766,24.3328,24.3298,24.3267,14.4180,12.5941,19.9423,20.9683,122.1769,114.2469,64.7091
2026-05-29,30.6855,62.8053,19.3339,74.5863,20.7469,46.2069,24.2874,24.2845,24.2814,14.3911,12.5707,19.9398,20.9839,121.8470,113.9473,64.6827
2026-05-28,30.6463,62.6709,19.2862,74.3886,20.6887,46.0701,24.2036,24.2006,24.1976,14.3414,12.5273,19.9323,20.9619,121.5758,113.8154,64.2812
2026-05-27,30.6033,62.5088,19.2276,74.1436,20.6161,45.8988,24.0989,24.0960,24.0929,14.2794,12.4731,19.9299,20.9192,120.8787,112.7341,64.2569
2026-05-26,30.6004,62.5060,19.2270,74.1421,20.6158,45.8987,24.1003,24.0973,24.0942,14.2801,12.4737,19.9274,20.9082,120.8571,112.9809,64.2322
2026-05-22,30.4939,62.1148,19.0864,73.5559,20.4424,45.4902,23.8501,23.8471,23.8440,14.1318,12.3442,19.9175,20.8252,120.1155,111.3233,63.2516
2026-05-21,30.4562,61.9703,19.0341,73.3377,20.3778,45.3375,23.7545,23.7515,23.7485,14.0752,12.2947,19.9150,20.8158,119.6628,110.2447,63.1031
2026-05-20,30.4083,61.7863,18.9676,73.0601,20.2955,45.1434,23.6338,23.6308,23.6277,14.0036,12.2322,19.9126,20.7964,119.4435,109.5769,62.4956
2026-05-19,30.2857,61.3137,18.7963,72.3432,20.0829,44.6416,23.3264,23.3234,23.3203,13.8213,12.0730,19.9101,20.6832,118.1660,107.1590,61.6619
2026-05-18,30.3534,61.5846,18.8951,72.7580,20.2062,44.9330,23.5051,23.5021,23.4990,13.9273,12.1655,19.9077,20.7541,118.9511,107.9591,62.2424
2026-05-15,30.3394,61.5494,18.8836,72.7120,20.1930,44.9028,23.4869,23.4839,23.4808,13.9165,12.1561,19.9002,20.7561,119.0314,108.2834,61.9717
2026-05-14,30.4844,62.1267,19.0941,73.5951,20.4555,45.5232,23.8692,23.8663,23.8632,14.1432,12.3542,19.8978,20.8860,120.4986,110.4378,63.2906
2026-05-13,30.4337,61.9270,19.0217,73.2922,20.3656,45.3106,23.7342,23.7313,23.7283,14.0633,12.2843,19.8953,20.8925,119.5807,109.6606,63.1407
2026-05-12,30.3922,61.7657,18.9632,73.0481,20.2932,45.1394,23.6264,23.6235,23.6205,13.9994,12.2285,19.8928,20.8887,118.8810,109.6009,62.8762
2026-05-11,30.4386,61.9528,19.0317,73.3355,20.3787,45.3416,23.7495,23.7466,23.7436,14.0724,12.2923,19.8904,20.9504,119.0680,110.6296,63.4562
2026-05-08,30.4234,61.9058,19.0156,73.2706,20.3599,45.2973,23.7185,23.7157,23.7127,14.0541,12.2763,19.8829,20.9961,118.8341,110.6460,63.3982
2026-05-07,30.3598,61.6611,18.9269,72.8997,20.2499,45.0375,23.5582,23.5554,23.5524,13.9591,12.1933,19.8805,20.9509,117.8248,110.2634,63.0469
2026-05-06,30.4236,61.9188,19.0210,73.2944,20.3672,45.3149,23.7296,23.7267,23.7238,14.0607,12.2820,19.8780,21.0010,118.2739,111.9585,63.6530
2026-05-05,30.2562,61.2632,18.7833,72.3002,20.0724,44.6187,23.2981,23.2952,23.2923,13.8049,12.0586,19.8756,20.9126,116.5741,110.4989,61.9907
2026-05-04,30.1723,60.9371,18.6651,71.8065,19.9260,44.2732,23.0836,23.0808,23.0779,13.6778,11.9476,19.8731,20.8728,115.6318,109.1196,61.3781
2026-05-01,30.1996,61.0590,18.7105,71.9984,19.9834,44.4091,23.1647,23.1620,23.1591,13.7260,11.9897,19.8657,20.9401,116.0963,109.4965,61.5532
2026-04-30,30.1832,61.0033,18.6908,71.9167,19.9594,44.3528,23.1318,23.1290,23.1261,13.7064,11.9726,19.8633,20.9159,115.7553,109.0550,61.6621
2026-04-29,30.0628,60.5286,18.5187,71.1974,19.7461,43.8490,22.8166,22.8138,22.8109,13.5196,11.8094,19.8609,20.8926,114.5779,107.0642,60.5894
2026-04-28,30.0904,60.6350,18.5574,71.3603,19.7945,43.9628,22.8818,22.8790,22.8762,13.5583,11.8432,19.8585,20.9730,114.6232,107.6536,60.9283
2026-04-27,30.1406,60.8409,18.6326,71.6758,19.8883,44.1846,23.0200,23.0172,23.0144,13.6402,11.9148,19.8561,20.9974,115.1863,108.8322,61.2978
2026-04-24,30.1251,60.7955,18.6172,71.6136,19.8702,44.1426,22.9924,22.9897,22.9869,13.6240,11.9006,19.8489,21.0225,115.0442,108.7748,61.2102
2026-04-23,30.0660,60.5681,18.5351,71.2706,19.7687,43.9029,22.8442,22.8415,22.8387,13.5361,11.8238,19.8465,20.9928,114.1295,108.6157,60.8297
2026-04-22,30.1117,60.7551,18.6033,71.5568,19.8537,44.1040,22.9687,22.9660,22.9632,13.6099,11.8883,19.8441,21.0219,114.6014,109.2815,61.2747
2026-04-21,30.0457,60.4983,18.5104,71.1685,19.7386,43.8323,22.7995,22.7968,22.7940,13.5096,11.8007,19.8418,21.0016,113.4140,108.8549,61.0076
2026-04-20,30.1227,60.8067,18.6228,71.6395,19.8785,44.1628,23.0027,23.0000,22.9973,13.6301,11.9060,19.8394,21.0674,114.1387,109.7297,61.8167
2026-04-17,30.1358,60.8789,18.6502,71.7563,19.9136,44.2467,23.0558,23.0531,23.0504,13.6616,11.9335,19.8322,21.0773,114.4069,108.9131,62.1880
2026-04-16,30.0174,60.4213,18.4846,71.0648,19.7088,43.7636,22.7589,22.7562,22.7534,13.4856,11.7797,19.8298,20.9970,113.0459,106.8240,61.4234
2026-04-15,30.0022,60.3628,18.4636,70.9777,19.6831,43.7027,22.7184,22.7158,22.7130,13.4617,11.7588,19.8274,21.0267,112.7498,106.5255,61.4111
2026-04-14,29.9595,60.1943,18.4028,70.7241,19.6080,43.5253,22.6049,22.6023,22.5996,13.3944,11.7001,19.8250,21.0563,111.8484,106.0976,61.3477
2026-04-13,29.8599,59.8110,18.2645,70.1473,19.4374,43.1232,22.3578,22.3551,22.3524,13.2479,11.5721,19.8226,21.0018,110.5436,105.0498,60.7029
2026-04-10,29.7669,59.4657,18.1407,69.6327,19.2855,42.7658,22.1381,22.1355,22.1327,13.1177,11.4584,19.8154,20.9622,109.4304,103.1166,60.3073
2026-04-09,29.7621,59.4495,18.1351,69.6100,19.2789,42.7502,22.1265,22.1239,22.1212,13.1109,11.4524,19.8131,20.9877,109.5445,103.5194,60.0347
2026-04-08,29.7401,59.3692,18.1065,69.4916,19.2440,42.6683,22.0759,22.0733,22.0706,13.0809,11.4262,19.8107,20.9869,108.8662,103.4568,60.2016
2026-04-07,29.4729,58.3258,17.7303,67.9243,18.7807,41.5768,21.4000,21.3975,21.3948,12.6803,11.0763,19.8083,20.9358,106.2027,100.8403,57.6523
2026-04-06,29.4634,58.2975,17.7206,67.8844,18.7691,41.5499,21.3850,21.3825,21.3798,12.6714,11.0685,19.8059,20.9182,106.1212,100.8460,57.6012
2026-04-02,29.4145,58.1283,17.6610,67.6388,18.6971,41.3811,21.2798,21.2773,21.2747,12.6091,11.0141,19.7963,20.9356,105.6450,100.3576,57.2704
2026-04-01,29.4203,58.1639,17.6744,67.6954,18.7140,41.4218,21.3088,21.3063,21.3037,12.6263,11.0291,19.7939,20.8929,105.5194,99.8332,57.7086
2026-03-31,29.3186,57.7723,17.5340,67.1123,18.5420,41.0174,21.0590,21.0565,21.0539,12.4783,10.8998,19.7918,20.8902,104.7643,99.1781,56.5148
2026-03-30,29.0929,56.8697,17.2181,65.7992,18.1546,40.1064,20.4983,20.4958,20.4933,12.1460,10.6095,19.7896,20.8472,101.7900,95.8834,55.2561
2026-03-27,29.1058,56.9593,17.2506,65.9369,18.1959,40.2058,20.5699,20.5674,20.5647,12.1883,10.6465,19.7830,20.7347,102.1918,96.8842,55.2822
2026-03-26,29.2218,57.4399,17.4198,66.6426,18.4047,40.6982,20.8765,20.8740,20.8713,12.3700,10.8052,19.7809,20.7406,103.9264,98.8383,55.8537
2026-03-25,29.3786,58.0677,17.6403,67.5614,18.6762,41.3368,21.2641,21.2616,21.2589,12.5998,11.0059,19.7787,20.8641,105.7672,100.3958,57.0449
2026-03-24,29.2890,57.7208,17.5189,67.0565,18.5272,40.9870,21.0535,21.0510,21.0483,12.4749,10.8969,19.7765,20.7798,105.1932,99.2638,56.1205
2026-03-23,29.3173,57.8342,17.5589,67.2234,18.5766,41.1028,21.1215,21.1190,21.1163,12.5153,10.9321,19.7743,20.8328,105.5881,99.1530,56.3533
2026-03-20,29.1927,57.3552,17.3916,66.5284,18.3716,40.6213,20.8286,20.8260,20.8234,12.3416,10.7804,19.7678,20.7592,104.3866,97.1559,55.4744
2026-03-19,29.3554,58.0027,17.6193,67.4775,18.6522,41.2811,21.2266,21.2241,21.2215,12.5776,10.9866,19.7656,20.9250,105.9888,99.3709,56.7973
2026-03-18,29.3807,58.1159,17.6594,67.6456,18.7021,41.3994,21.3021,21.2996,21.2970,12.6224,11.0257,19.7634,20.9080,106.2748,99.0037,57.2340
2026-03-17,29.4911,58.5640,17.8173,68.3042,18.8970,41.8583,21.5827,21.5802,21.5776,12.7887,11.1710,19.7613,20.9838,107.7413,100.2798,57.9596
2026-03-16,29.4440,58.3840,17.7544,68.0428,18.8199,41.6774,21.4734,21.4709,21.4683,12.7239,11.1144,19.7591,20.9443,107.4700,99.4099,57.5199
2026-03-13,29.3408,57.9922,17.6176,67.4749,18.6524,41.2842,21.2355,21.2330,21.2304,12.5829,10.9912,19.7525,20.8661,106.3817,98.4072,56.7641
2026-03-12,29.4030,58.2509,17.7090,67.8568,18.7656,41.5513,21.4006,21.3981,21.3954,12.6807,11.0766,19.7504,20.8937,107.0162,98.6609,57.4813
2026-03-11,29.5411,58.8169,17.9086,68.6904,19.0125,42.1334,21.7594,21.7569,21.7542,12.8934,11.2624,19.7482,20.9614,108.6662,100.8656,58.4679
2026-03-10,29.5539,58.8607,17.9242,68.7557,19.0318,42.1781,21.7795,21.7770,21.7745,12.9054,11.2729,19.7460,21.0610,108.7531,101.0151,58.5187
2026-03-09,29.5445,58.8192,17.9098,68.6961,19.0142,42.1361,21.7487,21.7463,21.7437,12.8873,11.2571,19.7439,21.1207,108.9747,101.4893,58.0001
2026-03-06,29.4865,58.6081,17.8364,68.3919,18.9246,41.9261,21.6230,21.6206,21.6180,12.8127,11.1920,19.7373,21.0624,108.0667,100.4526,57.9747
2026-03-05,29.5942,59.0578,17.9953,69.0563,19.1216,42.3915,21.9132,21.9107,21.9082,12.9847,11.3422,19.7352,21.0841,109.5032,102.4059,58.6577
2026-03-04,29.6598,59.3279,18.0907,69.4555,19.2399,42.6705,22.0840,22.0815,22.0790,13.0860,11.4306,19.7330,21.1358,110.1211,103.7789,59.1932
2026-03-03,29.6158,59.1482,18.0275,69.1918,19.1619,42.4860,21.9666,21.9642,21.9617,13.0165,11.3699,19.7308,21.1564,109.2716,102.9777,59.1413
2026-03-02,29.7763,59.8212,18.2656,70.1882,19.4575,43.1851,22.4049,22.4025,22.3999,13.2762,11.5968,19.7287,21.1742,110.3088,104.7822,61.3728
2026-02-27,29.8127,59.9725,18.3197,70.4153,19.5251,43.3443,22.4980,22.4956,22.4931,13.3315,11.6451,19.7241,21.2657,110.2562,103.9385,62.3412
2026-02-26,29.8382,60.1009,18.3658,70.6100,19.5832,43.4830,22.5900,22.5876,22.5850,13.3859,11.6927,19.7194,21.2190,110.7254,105.3105,62.3806
2026-02-25,29.8452,60.1424,18.3808,70.6737,19.6023,43.5289,22.6219,22.6195,22.6169,13.4048,11.7092,19.7171,21.1858,111.3220,104.6115,62.2945
2026-02-24,29.7699,59.8353,18.2727,70.2225,19.4687,43.2133,22.4236,22.4212,22.4186,13.2873,11.6065,19.7148,21.1937,110.4207,104.0030,61.6023
2026-02-23,29.7035,59.5647,18.1774,69.8247,19.3508,42.9349,22.2484,22.2460,22.2435,13.1835,11.5159,19.7125,21.1991,109.5756,102.6800,61.2041
2026-02-20,29.7742,59.8875,18.2925,70.3080,19.4947,43.2763,22.4677,22.4652,22.4627,13.3134,11.6293,19.7056,21.1539,110.7221,104.7280,61.5476
2026-02-19,29.7159,59.6522,18.2097,69.9627,19.3924,43.0350,22.3165,22.3141,22.3115,13.2238,11.5510,19.7033,21.1528,109.9560,104.7752,60.9762
2026-02-18,29.7265,59.7046,18.2286,70.0422,19.4162,43.0914,22.3530,22.3505,22.3480,13.2454,11.5699,19.7010,21.1444,110.2518,104.6182,61.0549
2026-02-17,29.6802,59.5147,18.1618,69.7638,19.3338,42.8966,22.2288,22.2264,22.2239,13.1719,11.5057,19.6987,21.1710,109.6381,103.9003,60.7361
2026-02-13,29.6704,59.5027,18.1589,69.7545,19.3316,42.8927,22.2278,22.2254,22.2229,13.1713,11.5052,19.6894,21.1707,109.5106,103.8681,60.8406
2026-02-12,29.6440,59.4080,18.1259,69.6171,19.2911,42.7979,22.1729,22.1705,22.1679,13.1387,11.4767,19.6871,21.1193,109.4404,102.8022,60.6995
2026-02-11,29.7397,59.8299,18.2754,70.2436,19.4772,43.2396,22.4593,22.4568,22.4542,13.3083,11.6249,19.6848,21.0197,111.1721,104.8486,61.0983
2026-02-10,29.7285,59.7842,18.2595,70.1777,19.4578,43.1934,22.4272,22.4247,22.4221,13.2893,11.6083,19.6825,21.0602,111.1745,105.3787,60.7320
2026-02-09,29.7234,59.7805,18.2586,70.1750,19.4572,43.1932,22.4329,22.4304,22.4278,13.2926,11.6112,19.6802,20.9944,111.5368,105.4783,60.4688
2026-02-06,29.6473,59.4887,18.1568,69.7519,19.3324,42.8995,22.2509,22.2484,22.2458,13.1848,11.5170,19.6733,20.9849,111.0064,104.7706,59.6342
2026-02-05,29.4707,58.7623,17.9008,68.6831,19.0158,42.1517,21.7820,21.7795,21.7770,12.9069,11.2742,19.6710,20.9860,108.8571,101.1558,58.4906
2026-02-04,29.5728,59.2078,18.0585,69.3431,19.2117,42.6161,22.0813,22.0788,22.0762,13.0842,11.4291,19.6687,20.8960,110.2064,102.9027,59.3621
2026-02-03,29.5903,59.2860,18.0864,69.4604,19.2466,42.6987,22.1326,22.1301,22.1274,13.1146,11.4557,19.6664,20.9077,110.7676,103.2911,59.2331
2026-02-02,29.6064,59.3608,18.1132,69.5729,19.2801,42.7783,22.1834,22.1809,22.1782,13.1447,11.4819,19.6641,20.9011,111.7042,103.4829,58.8464
2026-01-30,29.5711,59.2242,18.0656,69.3752,19.2218,42.6407,22.0956,22.0931,22.0905,13.0927,11.4365,19.6595,20.9246,111.1000,102.8322,58.7858
2026-01-29,29.6359,59.5061,18.1658,69.7955,19.3467,42.9364,22.2810,22.2785,22.2759,13.2026,11.5325,19.6548,20.9387,111.5722,104.4637,59.4953
2026-01-28,29.6442,59.5497,18.1815,69.8622,19.3666,42.9840,22.3123,22.3098,22.3071,13.2211,11.5487,19.6525,20.9267,111.7156,104.9740,59.5161
2026-01-27,29.6510,59.5839,18.1939,69.9148,19.3824,43.0213,22.3354,22.3329,22.3302,13.2348,11.5607,19.6502,20.9354,111.7242,105.4629,59.5842
2026-01-26,29.5898,59.3344,18.1062,69.5487,19.2740,42.7654,22.1737,22.1712,22.1686,13.1390,11.4770,19.6479,20.9525,111.2691,105.2712,58.7455
2026-01-23,29.5428,59.1657,18.0477,69.3066,19.2028,42.5984,22.0727,22.0702,22.0676,13.0791,11.4247,19.6409,20.9194,110.7141,105.4681,58.3726
2026-01-22,29.5366,59.1501,18.0425,69.2859,19.1968,42.5848,22.0659,22.0634,22.0607,13.0751,11.4211,19.6386,20.9029,110.6680,106.8355,58.0824
2026-01-21,29.4770,58.9125,17.9592,68.9387,19.0942,42.3429,21.9157,21.9133,21.9106,12.9861,11.3434,19.6363,20.8919,110.0624,106.1861,57.5458
2026-01-20,29.3879,58.5581,17.8345,68.4187,18.9403,41.9803,21.6930,21.6905,21.6879,12.8541,11.2281,19.6339,20.8392,108.7993,104.5951,57.1605
2026-01-16,29.5169,59.1118,18.0311,69.2428,19.1850,42.5590,22.0519,22.0494,22.0468,13.0668,11.4139,19.6247,20.9052,111.0857,106.2787,57.7662
2026-01-15,29.5166,59.1098,18.0307,69.2416,19.1848,42.5580,22.0477,22.0452,22.0426,13.0644,11.4118,19.6223,20.9524,111.1496,106.2869,57.6821
2026-01-14,29.4890,58.9992,17.9919,69.0804,19.1371,42.4454,21.9756,21.9731,21.9706,13.0217,11.3745,19.6200,20.9744,110.8633,105.4861,57.5201
2026-01-13,29.4936,59.0311,18.0036,69.1299,19.1520,42.4813,22.0014,21.9990,21.9964,13.0370,11.3878,19.6177,20.9388,111.4551,105.3123,57.2987
2026-01-12,29.5055,59.0902,18.0248,69.2192,19.1786,42.5448,22.0431,22.0406,22.0380,13.0617,11.4094,19.6154,20.9206,111.6695,105.3464,57.4420
2026-01-09,29.4705,58.9644,17.9814,69.0401,19.1260,42.4212,21.9655,21.9631,21.9605,13.0157,11.3693,19.6084,20.9344,111.4841,105.1062,57.0497
2026-01-08,29.4136,58.7435,17.9039,68.7174,19.0306,42.1969,21.8292,21.8268,21.8242,12.9349,11.2987,19.6061,20.8875,110.7619,104.3810,56.7251
2026-01-07,29.4176,58.7608,17.9103,68.7445,19.0388,42.2159,21.8383,21.8359,21.8333,12.9403,11.3034,19.6038,20.9258,110.7535,104.0883,56.8580
2026-01-06,29.4404,58.8662,17.9478,68.9020,19.0856,42.3271,21.9105,21.9080,21.9055,12.9831,11.3408,19.6015,20.8992,111.1346,104.5276,57.0214
2026-01-05,29.3827,58.6345,17.8665,68.5634,18.9855,42.0911,21.7629,21.7604,21.7579,12.8956,11.2644,19.5991,20.9037,110.4419,103.1656,56.7184
2026-01-02,29.2952,58.3022,17.7506,68.0819,18.8435,41.7575,21.5591,21.5566,21.5541,12.7748,11.1588,19.5922,20.8602,109.7449,101.6677,56.0292
2025-12-31,29.2433,58.0982,17.6793,67.7859,18.7561,41.5515,21.4292,21.4268,21.4243,12.6979,11.0917,19.5877,20.8818,109.5126,100.4077,55.4922
2025-12-30,29.2915,58.3044,17.7504,68.0830,18.8442,41.7591,21.5559,21.5535,21.5509,12.7730,11.1573,19.5855,20.9233,110.3158,101.3719,55.6367
2025-12-29,29.2976,58.3362,17.7616,68.1304,18.8584,41.7927,21.5766,21.5742,21.5717,12.7853,11.1680,19.5833,20.9314,110.4676,101.8399,55.5826
2025-12-26,29.3103,58.4169,17.7901,68.2514,18.8947,41.8796,21.6341,21.6317,21.6292,12.8193,11.1977,19.5765,20.9051,110.8513,102.4499,55.6020
2025-12-24,29.3051,58.4102,17.7883,68.2453,18.8932,41.8768,21.6336,21.6312,21.6286,12.8190,11.1975,19.5721,20.8974,110.8746,102.7114,55.5286
2025-12-23,29.2819,58.3256,17.7595,68.1259,18.8580,41.7947,21.5862,21.5837,21.5812,12.7909,11.1729,19.5699,20.8540,110.5183,102.5025,55.4861
2025-12-22,29.2473,58.1856,17.7117,67.9273,18.7994,41.6566,21.5002,21.4978,21.4953,12.7400,11.1284,19.5677,20.8545,110.0172,103.0919,55.1054
2025-12-19,29.1849,57.9404,17.6284,67.5821,18.6977,41.4175,21.3516,21.3492,21.3467,12.6519,11.0515,19.5609,20.8612,109.3081,101.9108,54.7690
2025-12-18,29.1206,57.6689,17.5357,67.1963,18.5837,41.1486,21.1817,21.1794,21.1769,12.5513,10.9636,19.5587,20.8948,108.3499,100.8623,54.4339
2025-12-17,29.0551,57.4048,17.4454,66.8205,18.4727,40.8876,21.0228,21.0205,21.0180,12.4571,10.8813,19.5565,20.8517,107.4959,100.1772,54.0314
2025-12-16,29.1283,57.7235,17.5550,67.2781,18.6083,41.2077,21.2227,21.2204,21.2179,12.5756,10.9848,19.5543,20.8538,108.7545,101.1387,54.3822
2025-12-15,29.1554,57.8534,17.5997,67.4655,18.6640,41.3398,21.3090,21.3066,21.3041,12.6266,11.0294,19.5520,20.8118,109.0104,101.4657,54.7660
2025-12-12,29.1503,57.8568,17.6016,67.4758,18.6675,41.3492,21.3175,21.3151,21.3125,12.6316,11.0338,19.5453,20.7917,109.1659,102.3503,54.5413
2025-12-11,29.2297,58.1924,17.7171,67.9581,18.8103,41.6858,21.5233,21.5209,21.5183,12.7536,11.1404,19.5431,20.8509,110.3361,104.0391,54.8576
2025-12-10,29.1942,58.0490,17.6682,67.7547,18.7503,41.5445,21.4356,21.4332,21.4306,12.7017,11.0950,19.5409,20.8489,110.1063,103.1255,54.5629
2025-12-09,29.1230,57.7632,17.5704,67.3476,18.6300,41.2618,21.2644,21.2619,21.2594,12.6002,11.0063,19.5387,20.7890,109.3647,101.7459,54.1254
2025-12-08,29.1284,57.7904,17.5800,67.3883,18.6422,41.2906,21.2813,21.2789,21.2764,12.6102,11.0151,19.5365,20.8049,109.4602,101.8260,54.1637
2025-12-05,29.1434,57.8709,17.6084,67.5088,18.6782,41.3762,21.3334,21.3310,21.3285,12.6411,11.0421,19.5298,20.8329,109.8325,101.9877,54.2397
2025-12-04,29.1354,57.8389,17.5977,67.4647,18.6653,41.3455,21.3121,21.3097,21.3072,12.6285,11.0311,19.5276,20.8638,109.6036,102.0595,54.2359
2025-12-03,29.1136,57.7465,17.5663,67.3344,18.6268,41.2546,21.2526,21.2502,21.2478,12.5933,11.0003,19.5253,20.9030,109.4778,101.5497,53.9920
2025-12-02,29.0693,57.5702,17.5061,67.0841,18.5530,41.0811,21.1471,21.1447,21.1423,12.5308,10.9457,19.5231,20.8743,109.1502,100.1607,53.7353
2025-12-01,29.0485,57.4928,17.4798,66.9752,18.5209,41.0060,21.1025,21.1001,21.0976,12.5043,10.9226,19.5209,20.8509,108.8795,100.1642,53.6065
2025-11-28,29.0950,57.6831,17.5454,67.2489,18.6019,41.1963,21.2144,21.2121,21.2097,12.5708,10.9806,19.5187,20.9363,109.4490,100.9421,53.8534
2025-11-26,29.0446,57.4939,17.4816,66.9857,18.5247,41.0149,21.1010,21.0987,21.0963,12.5036,10.9219,19.5098,20.9594,108.8622,100.1863,53.6008
2025-11-25,28.9704,57.1909,17.3782,66.5555,18.3977,40.7163,20.9174,20.9152,20.9128,12.3948,10.8269,19.5076,20.9387,108.1137,99.4680,52.9470
2025-11-24,28.8830,56.8377,17.2576,66.0545,18.2499,40.3691,20.7062,20.7039,20.7015,12.2696,10.7175,19.5054,20.8919,107.1361,97.5486,52.4996
2025-11-21,28.7804,56.4344,17.1205,65.4862,18.0826,39.9766,20.4672,20.4649,20.4625,12.1279,10.5938,19.4987,20.8534,105.5027,95.9220,52.2729
2025-11-20,28.6942,56.0848,17.0011,64.9900,17.9362,39.6325,20.2571,20.2549,20.2525,12.0034,10.4850,19.4965,20.8131,104.4689,94.0240,51.8718
2025-11-19,28.8005,56.5457,17.1590,65.6481,18.1308,40.0915,20.5450,20.5427,20.5403,12.1740,10.6340,19.4943,20.7776,106.1057,95.9932,52.3909
2025-11-18,28.7897,56.5052,17.1454,65.5920,18.1143,40.0529,20.5205,20.5182,20.5158,12.1594,10.6213,19.4921,20.7882,105.7055,95.9814,52.5078
2025-11-17,28.8512,56.7761,17.2384,65.9803,18.2293,40.3245,20.6913,20.6889,20.6865,12.2606,10.7097,19.4899,20.7713,106.5774,95.8453,53.1548
2025-11-14,28.9279,57.1246,17.3585,66.4830,18.3784,40.6770,20.9126,20.9103,20.9078,12.3918,10.8243,19.4832,20.7595,107.5520,97.7324,53.6880
2025-11-13,28.9378,57.1685,17.3739,66.5476,18.3976,40.7222,20.9386,20.9363,20.9338,12.4072,10.8378,19.4810,20.7909,107.5833,97.8677,53.8284
2025-11-12,29.0629,57.6980,17.5557,67.3065,18.6223,41.2516,21.2645,21.2621,21.2597,12.6004,11.0065,19.4787,20.8489,109.3911,100.5248,54.3654
2025-11-10,29.0132,57.5102,17.4919,67.0420,18.5444,41.0692,21.1556,21.1533,21.1508,12.5358,10.9501,19.4743,20.7981,109.0912,100.6083,53.7718
2025-11-07,28.8981,57.0420,17.3323,66.3791,18.3488,40.6089,20.8694,20.8671,20.8646,12.3662,10.8020,19.4676,20.8087,107.4227,99.5570,53.1028
2025-11-06,28.8770,56.9586,17.3040,66.2616,18.3142,40.5275,20.8185,20.8162,20.8138,12.3361,10.7756,19.4654,20.8145,107.2768,98.5599,53.0336
2025-11-05,28.9410,57.2502,17.4041,66.6797,18.4381,40.8209,21.0078,21.0054,21.0029,12.4482,10.8735,19.4632,20.7357,108.4891,100.1816,53.2155
2025-11-04,28.9131,57.1261,17.3618,66.5039,18.3861,40.6976,20.9251,20.9228,20.9204,12.3993,10.8308,19.4610,20.8096,108.0941,99.1497,53.1004
2025-11-03,29.0097,57.5486,17.5069,67.1098,18.5656,41.1216,21.1920,21.1896,21.1872,12.5574,10.9689,19.4588,20.7849,109.3768,101.0001,53.7530
2025-10-31,28.9945,57.5029,17.4921,67.0499,18.5483,41.0814,21.1665,21.1642,21.1617,12.5423,10.9558,19.4519,20.8024,109.1819,101.3965,53.6297
2025-10-30,28.9727,57.4144,17.4620,66.9250,18.5115,40.9945,21.1113,21.1090,21.1065,12.5096,10.9272,19.4497,20.8183,108.8882,100.2605,53.6635
2025-10-29,29.0379,57.6948,17.5585,67.3283,18.6309,41.2764,21.2850,21.2827,21.2802,12.6126,11.0171,19.4474,20.8507,109.9774,101.5265,53.8891
2025-10-28,29.0602,57.7790,17.5878,67.4507,18.6672,41.3608,21.3292,21.3270,21.3246,12.6389,11.0402,19.4451,20.9590,109.9811,102.1952,54.0762
2025-10-27,29.0541,57.7632,17.5826,67.4300,18.6612,41.3473,21.3226,21.3203,21.3179,12.6350,11.0367,19.4428,20.9408,109.7295,102.9516,54.0657
2025-10-24,28.9706,57.4335,17.4704,66.9642,18.5239,41.0246,21.1240,21.1218,21.1194,12.5173,10.9339,19.4360,20.9224,108.3960,102.2677,53.7252
2025-10-23,28.9139,57.2037,17.3919,66.6379,18.4276,40.7980,20.9849,20.9827,20.9803,12.4348,10.8619,19.4337,20.9030,107.5417,101.3435,53.5159
2025-10-22,28.8671,57.0044,17.3239,66.3549,18.3440,40.6005,20.8585,20.8563,20.8540,12.3600,10.7965,19.4314,20.9495,106.9167,99.9358,53.3218
2025-10-21,28.9021,57.1610,17.3778,66.5805,18.4109,40.7586,20.9575,20.9553,20.9529,12.4186,10.8477,19.4291,20.9476,107.4891,101.5104,53.3175
2025-10-20,28.9147,57.2266,17.4005,66.6758,18.4392,40.8261,21.0022,20.9999,20.9976,12.4451,10.8708,19.4269,20.9177,107.4838,101.4163,53.6713
2025-10-17,28.8222,56.8616,17.2763,66.1603,18.2873,40.4692,20.7836,20.7814,20.7791,12.3156,10.7577,19.4200,20.8876,106.3466,99.8833,53.2067
2025-10-16,28.8053,56.7939,17.2534,66.0655,18.2594,40.4034,20.7413,20.7391,20.7368,12.2905,10.7358,19.4177,20.9091,105.7862,100.1074,53.2661
2025-10-15,28.8259,56.8998,17.2899,66.2184,18.3048,40.5116,20.8144,20.8122,20.8098,12.3338,10.7736,19.4155,20.8393,106.4561,101.7395,52.9969
2025-10-14,28.7741,56.6868,17.2173,65.9169,18.2159,40.3023,20.6841,20.6819,20.6795,12.2566,10.7062,19.4132,20.8504,106.0214,101.1937,52.4666
2025-10-10,28.6426,56.1677,17.0404,65.1825,17.9993,39.7936,20.3730,20.3708,20.3685,12.0722,10.5451,19.4040,20.7939,104.5568,98.1074,51.8659
2025-10-09,28.8339,57.0030,17.3269,66.3780,18.3533,40.6298,20.9019,20.8995,20.8971,12.3854,10.8187,19.4017,20.7049,107.4562,101.2347,53.0060
2025-10-08,28.8665,57.1458,17.3761,66.5837,18.4142,40.7735,20.9904,20.9880,20.9856,12.4379,10.8646,19.3995,20.7215,107.7502,101.8443,53.3199
2025-10-07,28.8197,56.9541,17.3106,66.3114,18.3338,40.5842,20.8725,20.8702,20.8678,12.3681,10.8036,19.3972,20.7225,107.1256,100.6725,53.1435
2025-10-06,28.8605,57.1412,17.3750,66.5805,18.4136,40.7731,20.9937,20.9913,20.9889,12.4398,10.8662,19.3949,20.6841,107.5346,101.8813,53.4977
2025-10-03,28.8293,57.0237,17.3355,66.4181,18.3660,40.6611,20.9216,20.9193,20.9169,12.3972,10.8290,19.3881,20.7248,107.1368,101.4948,53.3360
2025-10-02,28.8049,56.9226,17.3012,66.2755,18.3239,40.5619,20.8580,20.8557,20.8533,12.3595,10.7961,19.3858,20.7524,107.1187,101.2053,52.9387
2025-10-01,28.7854,56.8521,17.2773,66.1766,18.2949,40.4940,20.8183,20.8160,20.8136,12.3359,10.7755,19.3835,20.7249,107.0520,100.4981,52.8360
2025-09-30,28.7454,56.6987,17.2250,65.9596,18.2309,40.3442,20.7295,20.7272,20.7248,12.2833,10.7295,19.3813,20.6736,106.6829,100.2319,52.5112
2025-09-29,28.7118,56.5575,17.1781,65.7649,18.1735,40.2092,20.6452,20.6429,20.6405,12.2333,10.6859,19.3790,20.6824,106.2374,100.3743,52.1934
2025-09-26,28.6763,56.4349,17.1376,65.5987,18.1249,40.0961,20.5801,20.5778,20.5753,12.1947,10.6522,19.3722,20.6300,105.9578,100.1423,51.9693
2025-09-25,28.6346,56.2599,17.0794,65.3569,18.0536,39.9283,20.4759,20.4736,20.4712,12.1330,10.5982,19.3699,20.6325,105.3333,99.2410,51.8394
2025-09-24,28.6836,56.4769,17.1522,65.6607,18.1435,40.1401,20.6058,20.6035,20.6010,12.2100,10.6655,19.3677,20.6602,105.8637,100.1552,52.2233
2025-09-23,28.7218,56.6453,17.2088,65.8969,18.2135,40.3048,20.7054,20.7031,20.7007,12.2691,10.7171,19.3654,20.6997,106.1658,101.0558,52.5553
2025-09-22,28.7417,56.7481,17.2432,66.0411,18.2563,40.4066,20.7725,20.7702,20.7677,12.3088,10.7518,19.3631,20.6564,106.7536,101.5378,52.5241
2025-09-19,28.7072,56.6140,17.1991,65.8595,18.2030,40.2814,20.6931,20.6908,20.6884,12.2618,10.7107,19.3563,20.6872,106.2758,101.3139,52.3369
2025-09-18,28.6948,56.5679,17.1839,65.7968,18.1846,40.2384,20.6668,20.6645,20.6621,12.2462,10.6971,19.3541,20.6861,105.7595,101.6957,52.4506
2025-09-17,28.6505,56.3712,17.1187,65.5254,18.1045,40.0491,20.5449,20.5427,20.5403,12.1740,10.6341,19.3518,20.7437,105.2536,99.8851,52.2795
2025-09-16,28.6651,56.4360,17.1406,65.6173,18.1317,40.1132,20.5822,20.5800,20.5776,12.1962,10.6534,19.3495,20.7799,105.3549,99.8784,52.4786
2025-09-15,28.6619,56.4311,17.1392,65.6120,18.1303,40.1103,20.5814,20.5791,20.5768,12.1957,10.6530,19.3473,20.7709,105.4878,99.9558,52.3599
2025-09-12,28.6156,56.2597,17.0824,65.3779,18.0616,39.9498,20.4862,20.4839,20.4816,12.1392,10.6037,19.3404,20.7266,104.9694,99.7236,52.0907
2025-09-11,28.6271,56.3122,17.1003,65.4527,18.0838,40.0020,20.5166,20.5144,20.5121,12.1573,10.6194,19.3382,20.7547,105.0159,100.6752,52.0946
2025-09-10,28.5537,56.0076,16.9987,65.0309,17.9594,39.7098,20.3389,20.3367,20.3344,12.0520,10.5275,19.3359,20.7147,104.1324,99.1207,51.7446
2025-09-09,28.5276,55.9084,16.9657,64.8944,17.9193,39.6161,20.2842,20.2820,20.2796,12.0195,10.4991,19.3337,20.6759,103.8199,99.2500,51.5504
2025-09-08,28.5233,55.8892,16.9596,64.8696,17.9121,39.5988,20.2704,20.2681,20.2658,12.0113,10.4920,19.3314,20.7194,103.5386,99.6287,51.5823
2025-09-05,28.4790,55.7334,16.9081,64.6574,17.8499,39.4543,20.1879,20.1857,20.1833,11.9624,10.4492,19.3246,20.6413,103.3154,99.1765,51.2339
2025-09-04,28.4595,55.6742,16.8883,64.5760,17.8262,39.3998,20.1622,20.1599,20.1575,11.9471,10.4358,19.3223,20.5436,103.6295,98.6488,50.9211
2025-09-03,28.3902,55.3943,16.7950,64.1890,17.7122,39.1328,20.0030,20.0007,19.9983,11.8527,10.3534,19.3201,20.4711,102.7625,97.5473,50.6076
2025-09-02,28.3586,55.2772,16.7559,64.0275,17.6647,39.0222,19.9403,19.9379,19.9355,11.8154,10.3208,19.3178,20.4018,102.2385,97.7557,50.4961
2025-08-29,28.4105,55.5096,16.8340,64.3536,17.7613,39.2495,20.0780,20.0756,20.0732,11.8971,10.3921,19.3132,20.4507,102.9308,98.2245,50.9030
2025-08-28,28.4517,55.7077,16.9007,64.6332,17.8442,39.4453,20.1983,20.1959,20.1935,11.9684,10.4544,19.3061,20.4762,103.5846,98.9058,51.1712
2025-08-27,28.4194,55.5808,16.8585,64.4584,17.7928,39.3250,20.1265,20.1242,20.1217,11.9258,10.4173,19.3038,20.4447,103.2560,98.2794,51.0096
2025-08-26,28.4019,55.5151,16.8368,64.3688,17.7665,39.2635,20.0901,20.0877,20.0853,11.9042,10.3984,19.3015,20.4286,103.0092,97.7357,51.0311
2025-08-25,28.3820,55.4410,16.8122,64.2673,17.7367,39.1940,20.0493,20.0470,20.0445,11.8801,10.3773,19.2992,20.4024,102.5784,97.1143,51.1736
2025-08-22,28.4236,55.6411,16.8796,64.5491,17.8203,39.3912,20.1709,20.1685,20.1660,11.9521,10.4402,19.2922,20.4204,103.0156,97.8381,51.6030
2025-08-21,28.2860,55.0695,16.6890,63.7580,17.5871,38.8439,19.8399,19.8375,19.8351,11.7559,10.2688,19.2898,20.3266,101.4707,94.9131,50.8909
2025-08-20,28.3095,55.1715,16.7234,63.9012,17.6295,38.9434,19.8985,19.8961,19.8937,11.7906,10.2992,19.2875,20.3686,101.8657,94.8750,51.0366
2025-08-19,28.3202,55.2281,16.7424,63.9811,17.6532,38.9997,19.9348,19.9324,19.9299,11.8121,10.3180,19.2852,20.3549,102.1117,95.1730,51.0636
2025-08-18,28.3496,55.3697,16.7897,64.1786,17.7117,39.1381,20.0236,20.0212,20.0187,11.8647,10.3639,19.2829,20.3205,102.7046,95.9649,51.1236
2025-08-15,28.3426,55.3603,16.7872,64.1704,17.7097,39.1340,20.0210,20.0186,20.0161,11.8632,10.3626,19.2759,20.3334,102.7072,95.6365,51.1673
2025-08-14,28.3421,55.3600,16.7874,64.1718,17.7102,39.1351,20.0194,20.0171,20.0146,11.8623,10.3618,19.2736,20.3653,102.9818,95.9318,50.8954
2025-08-13,28.3610,55.4397,16.8144,64.2843,17.7435,39.2131,20.0636,20.0613,20.0589,11.8886,10.3847,19.2712,20.4205,102.9473,97.0703,51.0192
2025-08-12,28.3123,55.2506,16.7514,64.0234,17.6668,39.0338,19.9590,19.9567,19.9542,11.8265,10.3305,19.2689,20.3453,102.6120,95.6976,50.7727
2025-08-11,28.2161,54.8414,16.6153,63.4585,17.5002,38.6423,19.7169,19.7146,19.7122,11.6831,10.2052,19.2666,20.3499,101.4589,93.5758,50.2636
2025-08-08,28.2303,54.9276,16.6446,63.5822,17.5372,38.7301,19.7730,19.7707,19.7682,11.7163,10.2343,19.2596,20.3385,101.7036,93.8505,50.4420
2025-08-07,28.1927,54.7656,16.5910,63.3601,17.4718,38.5761,19.6749,19.6726,19.6702,11.6582,10.1835,19.2573,20.3810,100.9077,94.0616,50.2639
2025-08-06,28.1719,54.6809,16.5631,63.2447,17.4379,38.4964,19.6250,19.6227,19.6203,11.6287,10.1577,19.2550,20.3957,100.9862,94.1295,49.8268
2025-08-05,28.1255,54.4866,16.4986,62.9776,17.3592,38.3117,19.5106,19.5083,19.5060,11.5609,10.0985,19.2527,20.4052,100.2566,94.1126,49.5270
2025-08-04,28.1406,54.5602,16.5233,63.0807,17.3898,38.3838,19.5557,19.5534,19.5510,11.5876,10.1218,19.2503,20.3994,100.7438,94.2130,49.4815
2025-08-01,28.0174,54.0569,16.3564,62.3894,17.1864,37.9068,19.2642,19.2620,19.2597,11.4149,9.9710,19.2434,20.3740,99.2773,92.4414,48.7697
2025-07-31,28.0964,54.4349,16.4819,62.9122,17.3409,38.2725,19.5033,19.5010,19.4985,11.5564,10.0946,19.2411,20.2098,100.8872,94.3783,48.9708
2025-07-30,28.1400,54.6318,16.5476,63.1860,17.4218,38.4631,19.6220,19.6196,19.6171,11.6267,10.1560,19.2389,20.2028,101.2535,94.8527,49.4775
2025-07-29,28.1620,54.7250,16.5790,63.3169,17.4605,38.5538,19.6743,19.6719,19.6695,11.6577,10.1831,19.2366,20.2542,101.3797,95.0481,49.7275
2025-07-28,28.1742,54.8036,16.6050,63.4263,17.4931,38.6319,19.7308,19.7284,19.7259,11.6911,10.2123,19.2344,20.1543,101.6802,95.5585,49.8247
2025-07-25,28.2013,54.9381,16.6505,63.6172,17.5498,38.7657,19.8124,19.8099,19.8074,11.7395,10.2545,19.2276,20.1826,101.6625,95.6771,50.4157
2025-07-24,28.1839,54.8776,16.6305,63.5346,17.5256,38.7096,19.7811,19.7787,19.7761,11.7209,10.2383,19.2253,20.1421,101.2549,95.0376,50.6159
2025-07-23,28.1974,54.9400,16.6515,63.6224,17.5516,38.7708,19.8178,19.8154,19.8129,11.7427,10.2573,19.2231,20.1604,101.1835,95.8450,50.7801
2025-07-22,28.1097,54.5606,16.5255,63.0998,17.3976,38.4083,19.5906,19.5883,19.5858,11.6081,10.1398,19.2208,20.2062,100.3985,94.8595,49.8815
2025-07-21,28.0900,54.4903,16.5022,63.0037,17.3694,38.3429,19.5536,19.5512,19.5487,11.5861,10.1206,19.2186,20.1676,100.3326,94.1769,49.7923
2025-07-18,28.0697,54.4357,16.4845,62.9322,17.3488,38.2960,19.5302,19.5278,19.5252,11.5722,10.1084,19.2118,20.1077,100.1895,94.7651,49.6138
2025-07-17,28.0658,54.4326,16.4835,62.9289,17.3481,38.2948,19.5325,19.5301,19.5276,11.5736,10.1096,19.2096,20.0723,100.1890,94.7571,49.6344
2025-07-16,28.0188,54.2374,16.4188,62.6609,17.2692,38.1097,19.4184,19.4160,19.4135,11.5059,10.0505,19.2073,20.0756,99.6565,93.6717,49.4016
2025-07-15,27.9872,54.1157,16.3784,62.4938,17.2201,37.9950,19.3509,19.3485,19.3460,11.4659,10.0156,19.2051,20.0367,99.3409,92.8782,49.2953
2025-07-14,28.0366,54.3256,16.4486,62.7858,17.3063,38.1972,19.4716,19.4692,19.4667,11.5375,10.0781,19.2028,20.0933,99.7239,94.3155,49.6157
2025-07-11,28.0197,54.2736,16.4319,62.7184,17.2868,38.1521,19.4441,19.4417,19.4392,11.5212,10.0639,19.1960,20.1001,99.5836,93.5647,49.6648
2025-07-10,28.0652,54.4624,16.4952,62.9816,17.3644,38.3339,19.5503,19.5479,19.5454,11.5842,10.1189,19.1938,20.1824,99.9137,94.5742,50.0022
2025-07-09,28.0470,54.3910,16.4717,62.8845,17.3360,38.2673,19.5094,19.5070,19.5046,11.5600,10.0977,19.1915,20.1827,99.6266,94.3664,49.9550
2025-07-08,27.9930,54.1799,16.4014,62.5936,17.2505,38.0675,19.3924,19.3900,19.3875,11.4906,10.0371,19.1893,20.1060,99.0258,93.5622,49.6990
2025-07-07,27.9819,54.1366,16.3872,62.5354,17.2334,38.0274,19.3668,19.3644,19.3619,11.4754,10.0239,19.1871,20.1212,99.0960,93.3167,49.5056
2025-07-03,28.0451,54.4301,16.4858,62.9473,17.3553,38.3146,19.5416,19.5392,19.5367,11.5791,10.1144,19.1780,20.1671,99.8766,94.3016,50.0208
2025-07-02,27.9971,54.2207,16.4166,62.6600,17.2707,38.1153,19.4145,19.4121,19.4097,11.5038,10.0487,19.1758,20.2266,99.0357,93.4322,49.8788
2025-07-01,27.9579,54.0545,16.3615,62.4320,17.2036,37.9576,19.3156,19.3133,19.3109,11.4452,9.9976,19.1735,20.2528,98.5665,92.3629,49.7093
2025-06-30,27.9579,54.0610,16.3639,62.4426,17.2069,37.9654,19.3201,19.3178,19.3155,11.4479,10.0000,19.1711,20.2603,98.6743,92.0521,49.7247
2025-06-27,27.9152,53.9126,16.3151,62.2422,17.1484,37.8296,19.2429,19.2406,19.2382,11.4022,,19.1640,20.1893,98.1591,91.5783,49.6351
2025-06-26,27.8773,53.7489,16.2611,62.0189,17.0827,37.6752,19.1450,19.1428,19.1404,11.3441,,19.1616,20.2330,97.6432,91.4042,49.3273
2025-06-25,27.7963,53.4167,16.1510,61.5627,16.9486,37.3611,18.9566,18.9543,18.9520,11.2325,,19.1592,20.1762,96.8656,90.1644,48.7612
2025-06-24,27.8078,53.4759,16.1708,61.6457,16.9732,37.4193,18.9934,18.9911,18.9887,11.2542,,19.1569,20.1667,96.8659,91.0074,48.8639
2025-06-23,27.7051,53.0546,16.0312,61.0681,16.8035,37.0222,18.7553,18.7530,18.7506,11.1131,,19.1545,20.0994,95.7987,89.6852,48.1630
2025-06-20,27.6422,52.8155,15.9524,60.7438,16.7085,36.8008,18.6241,18.6218,18.6193,11.0353,,19.1474,20.0524,94.8852,88.9293,48.0271
2025-06-18,27.6647,52.9297,15.9906,60.9035,16.7558,36.9124,18.6939,18.6916,18.6892,11.0767,,19.1426,20.0416,95.0869,89.0922,48.3642
2025-06-17,27.6563,52.9030,15.9819,60.8681,16.7455,36.8886,18.6804,18.6781,18.6756,11.0687,,19.1403,20.0312,95.1138,88.6043,48.3430
2025-06-16,27.7152,53.1763,16.0725,61.2444,16.8565,37.1500,18.8462,18.8438,18.8414,11.1669,,19.1379,19.9631,95.9120,89.3533,48.8296
2025-06-13,27.6479,52.9024,15.9824,60.8723,16.7473,36.8940,18.6869,18.6846,18.6821,11.0726,,19.1308,20.0012,95.0040,88.2485,48.5492
2025-06-12,27.7407,53.2972,16.1137,61.4173,16.9078,37.2703,18.9127,18.9104,18.9080,11.2064,,19.1284,20.0748,96.0737,89.7781,49.1157
2025-06-11,27.7077,53.1759,16.0735,61.2516,16.8593,37.1575,18.8494,18.8471,18.8446,11.1687,,19.1260,20.0006,95.7068,89.9603,48.8854
2025-06-10,27.7101,53.2058,16.0834,61.2936,16.8719,37.1881,18.8735,18.8712,18.8687,11.1829,,19.1237,19.9353,95.9692,90.2415,48.8125
2025-06-09,27.6742,53.0651,16.0368,61.1015,16.8155,37.0566,18.7957,18.7933,18.7908,11.1367,,19.1213,19.9011,95.4427,90.0115,48.6761
2025-06-06,27.6534,53.0049,16.0174,61.0230,16.7929,37.0046,18.7672,18.7648,18.7623,11.1199,,19.1142,19.8682,95.3471,89.8543,48.5687
2025-06-05,27.6007,52.7666,15.9390,60.6981,16.6973,36.7793,18.6210,18.6187,18.6163,11.0334,,19.1118,19.9776,94.3658,88.7309,48.4431
2025-06-04,27.6186,52.8438,15.9649,60.8058,16.7290,36.8536,18.6639,18.6616,18.6592,11.0589,,19.1095,20.0164,94.8593,88.7351,48.3901
2025-06-03,27.5913,52.7561,15.9356,60.6858,16.6940,36.7731,18.6240,18.6216,18.6191,11.0351,,19.1071,19.8963,94.8490,88.6800,48.1130
2025-06-02,27.5681,52.6632,15.9050,60.5597,16.6571,36.6866,18.5710,18.5686,18.5661,11.0038,,19.1047,19.9009,94.3006,87.4457,48.3845
2025-05-30,27.5262,52.4887,15.8478,60.3237,16.5878,36.5242,18.4681,18.4658,18.4633,10.9429,,19.1003,19.9538,93.9035,87.3322,47.9364
2025-05-29,27.5169,52.4709,15.8421,60.3016,16.5817,36.5107,18.4635,18.4612,18.4587,10.9401,,19.0958,19.9121,93.9034,87.4711,47.8756
2025-05-28,27.4844,52.3501,15.8021,60.1368,16.5334,36.3985,18.3999,18.3976,18.3951,10.9024,,19.0936,19.8475,93.5271,87.2646,47.7287
2025-05-27,27.5371,52.5765,15.8773,60.4485,16.6251,36.6133,18.5290,18.5266,18.5242,10.9788,,19.0913,19.8815,94.0498,88.0433,48.1396
2025-05-23,27.3934,52.0100,15.6903,59.6770,16.3990,36.0854,18.2150,18.2126,18.2101,10.7927,,19.0824,19.7791,92.1562,86.0452,47.6353
2025-05-22,27.4080,52.0827,15.7145,59.7778,16.4288,36.1557,18.2597,18.2573,18.2548,10.8192,,19.0801,19.7598,92.7731,86.4035,47.4296
2025-05-21,27.4039,52.0802,15.7136,59.7753,16.4282,36.1551,18.2629,18.2605,18.2580,10.8211,,19.0779,19.7160,92.8127,86.2072,47.4649
2025-05-20,27.5074,52.5103,15.8567,60.3683,16.6027,36.5633,18.5042,18.5018,18.4994,10.9641,,19.0757,19.8371,94.3320,88.5766,47.6412
2025-05-19,27.5205,52.5684,15.8762,60.4496,16.6267,36.6195,18.5367,18.5343,18.5318,10.9834,,19.0735,19.8668,94.6980,88.7383,47.5764
2025-05-16,27.4974,52.4907,15.8511,60.3474,16.5970,36.5506,18.4951,18.4928,18.4903,10.9587,,19.0667,19.8702,94.6008,88.9812,47.2925
2025-05-15,27.4505,52.2987,15.7877,60.0855,16.5201,36.3708,18.3861,18.3837,18.3813,10.8941,,19.0645,19.8606,93.9305,88.0936,47.1619
2025-05-14,27.4029,52.1204,15.7285,59.8417,16.4487,36.2048,18.2923,18.2899,18.2874,10.8384,,19.0623,19.7613,93.5213,88.0891,46.7770
2025-05-13,27.4079,52.1391,15.7351,59.8692,16.4569,36.2236,18.2999,18.2976,18.2951,10.8429,,19.0601,19.8158,93.4221,88.3467,46.8548
2025-05-12,27.3628,51.9531,15.6739,59.6166,16.3828,36.0503,18.1937,18.1914,18.1890,10.7801,,19.0578,19.8300,92.7476,87.5620,46.7321
2025-05-09,27.1831,51.2003,15.4259,58.5931,16.0827,35.3475,17.7614,17.7591,17.7568,10.5240,,19.0511,19.9079,89.8127,84.4044,46.3638
2025-05-08,27.1679,51.1460,15.4081,58.5202,16.0614,35.2982,17.7328,17.7306,17.7283,10.5071,,19.0489,19.8916,89.8608,84.4642,46.0989
2025-05-07,27.1448,51.0372,15.3727,58.3736,16.0184,35.1965,17.6638,17.6616,17.6594,10.4665,,19.0467,19.9958,89.3425,82.9222,46.2961
2025-05-06,27.1202,50.9469,15.3429,58.2513,15.9827,35.1136,17.6165,17.6144,17.6121,10.4384,,19.0444,19.9556,88.9551,82.6523,46.2940
2025-05-05,27.1593,51.1272,15.4025,58.4987,16.0555,35.2848,17.7242,17.7220,17.7197,10.5021,,19.0422,19.9120,89.6440,83.3977,46.4258
2025-05-02,27.1779,51.2218,15.4344,58.6319,16.0949,35.3774,17.7792,17.7770,17.7747,10.5348,,19.0355,19.9398,90.2150,83.7420,46.3334
2025-05-01,27.0596,50.7157,15.2677,57.9438,15.8931,34.9045,17.4863,17.4842,17.4820,10.3614,,19.0333,20.0301,88.9025,81.9234,45.5054
2025-04-30,27.0422,50.6381,15.2425,57.8399,15.8627,34.8329,17.4385,17.4364,17.4343,10.3332,,19.0310,20.0970,88.3449,81.4558,45.6668
2025-04-29,27.0320,50.6007,15.2304,57.7904,15.8483,34.7994,17.4179,17.4158,17.4136,10.3209,,19.0288,20.1062,88.2075,81.8246,45.5389
2025-04-28,26.9910,50.4439,15.1787,57.5778,15.7861,34.6549,17.3341,17.3320,17.3299,10.2712,,19.0266,20.0564,87.6983,81.3156,45.4041
2025-04-25,26.9555,50.3258,15.1400,57.4205,15.7404,34.5494,17.2751,17.2730,17.2708,10.2362,,19.0199,19.9991,87.6408,80.9693,45.0761
2025-04-24,26.9183,50.1894,15.0951,57.2361,15.6867,34.4248,17.2049,17.2027,17.2005,10.1945,,19.0177,19.9307,86.9989,80.8199,45.0730
2025-04-23,26.7770,49.6274,14.9099,56.4742,15.4639,33.9062,16.8998,16.8977,16.8954,10.0137,,19.0155,19.8278,85.2715,78.8368,44.5168
2025-04-22,26.6797,49.2400,14.7825,55.9509,15.3111,33.5505,16.6892,16.6871,16.6849,9.8889,,19.0133,19.7878,83.8721,77.4063,44.3119
2025-04-21,26.5241,48.6079,14.5746,55.0951,15.0608,32.9671,16.3407,16.3386,16.3364,9.6824,,19.0110,19.7545,81.8153,75.2720,43.7073
2025-04-17,26.6311,49.0598,14.7243,55.7133,15.2420,33.3896,16.5884,16.5863,16.5841,9.8293,,19.0021,19.8621,83.7834,77.1470,43.6722
2025-04-16,26.5967,48.9160,14.6772,55.5198,15.1854,33.2572,16.5058,16.5037,16.5016,9.7804,,18.9999,19.9067,83.6715,76.5329,43.2658
2025-04-15,26.6937,49.3359,14.8154,56.0900,15.3525,33.6480,16.7459,16.7438,16.7416,9.9228,,18.9976,19.8428,85.5872,77.4363,43.4390
2025-04-14,26.6719,49.2585,14.7900,55.9860,15.3222,33.5780,16.7065,16.7044,16.7022,9.8994,,18.9954,19.8061,85.7274,77.3133,43.0704
2025-04-11,26.5772,48.9095,14.6754,55.5170,15.1856,33.2615,16.5256,16.5234,16.5212,9.7922,,18.9887,19.6844,85.0509,76.5227,42.3989
2025-04-10,26.4528,48.3931,14.5057,54.8183,14.9812,32.7843,16.2356,16.2335,16.2313,9.6204,,18.9865,19.7263,83.5381,75.3926,41.6057
2025-04-09,26.6402,49.1395,14.7509,55.8239,15.2744,33.4651,16.6334,16.6313,16.6291,9.8560,,18.9843,19.8383,86.5182,78.9079,41.6095
2025-04-08,26.0902,46.9116,14.0201,52.8256,14.3998,31.4305,15.4215,15.4196,15.4176,9.1380,,18.9821,19.8518,79.0001,71.6795,39.6891
2025-04-07,26.1867,47.2927,14.1458,53.3418,14.5505,31.7803,15.6229,15.6210,15.6190,9.2573,,18.9799,19.9681,80.2606,73.4706,39.8699
2025-04-04,26.2722,47.6304,14.2583,53.8060,14.6865,32.0962,15.7986,15.7968,15.7949,9.3616,,18.9732,20.1956,80.4469,74.0186,40.9230
2025-04-03,26.6634,49.2892,14.8062,56.0703,15.3511,33.6517,16.7449,16.7430,16.7410,9.9224,,18.9710,20.1745,85.5462,78.0950,43.3176
2025-04-02,26.9482,50.5131,15.2101,57.7398,15.8411,34.7996,17.4495,17.4475,17.4453,10.3396,,18.9688,20.0596,89.8916,83.9644,44.1351
2025-04-01,26.9011,50.3194,15.1464,57.4771,15.7642,34.6196,17.3396,17.3376,17.3355,10.2746,,18.9665,20.0747,89.2888,82.5371,44.0553
2025-03-31,26.8634,50.1776,15.0996,57.2847,15.7079,34.4889,17.2646,17.2625,17.2603,10.2301,,18.9643,20.0187,88.9501,82.0932,43.8427
2025-03-28,26.8594,50.1902,15.1042,57.3059,15.7146,34.5059,17.2790,17.2769,17.2747,10.2384,,18.9577,19.9738,88.4507,82.3925,44.2564
2025-03-27,26.9686,50.6826,15.2667,57.9789,15.9125,34.9707,17.5702,17.5680,17.5657,10.4107,,18.9555,19.8635,90.2289,84.2106,44.7319
2025-03-26,26.9862,50.7628,15.2935,58.0903,15.9454,35.0479,17.6164,17.6143,17.6120,10.4380,,18.9532,19.8788,90.5283,85.0763,44.6803
2025-03-25,27.0631,51.0920,15.4027,58.5420,16.0782,35.3587,17.8032,17.8010,17.7988,10.5486,,18.9510,19.9203,91.5499,86.2546,45.0671
2025-03-24,27.0474,51.0368,15.3845,58.4679,16.0566,35.3088,17.7750,17.7728,17.7705,10.5317,,18.9488,19.8945,91.4028,86.5407,44.9107
2025-03-21,26.9543,50.6455,15.2560,57.9380,15.9012,34.9447,17.5480,17.5459,17.5437,10.3976,,18.9421,19.9818,89.8175,84.1207,44.8948
2025-03-20,26.9624,50.6835,15.2688,57.9914,15.9171,34.9817,17.5692,17.5671,17.5649,10.4101,,18.9399,20.0045,89.7412,84.2994,45.0717
2025-03-19,26.9796,50.7672,15.2966,58.1069,15.9511,35.0620,17.6197,17.6176,17.6154,10.4399,,18.9377,19.9842,89.9273,84.7421,45.2185
2025-03-18,26.9111,50.4916,15.2056,57.7313,15.8410,34.8049,17.4676,17.4654,17.4632,10.3499,,18.9355,19.9279,88.9656,83.3077,45.0982
2025-03-17,26.9557,50.6920,15.2719,58.0059,15.9217,34.9944,17.5844,17.5823,17.5801,10.4191,,18.9333,19.9071,89.9209,84.3131,45.0530
2025-03-14,26.8789,50.3924,15.1734,57.6015,15.8035,34.7189,17.4200,17.4179,17.4157,10.3219,,18.9267,19.8836,89.3419,83.0781,44.5187
2025-03-13,26.7371,49.7903,14.9750,56.7824,15.5632,34.1565,17.0760,17.0739,17.0718,10.1183,,18.9245,19.9258,87.4650,80.7984,43.8253
2025-03-12,26.8167,50.1435,15.0916,57.2646,15.7049,34.4887,17.2812,17.2791,17.2769,10.2396,,18.9223,19.8750,88.6898,82.4892,44.0958
2025-03-11,26.7794,49.9845,15.0394,57.0495,15.6419,34.3410,17.1887,17.1866,17.1844,10.1849,,18.9201,19.9198,88.2568,82.0792,43.8148
2025-03-10,26.8178,50.1434,15.0923,57.2683,15.7061,34.4908,17.2753,17.2732,17.2711,10.2365,,18.9179,19.9884,88.9295,81.8882,43.9951
2025-03-07,26.9859,50.8993,15.3424,58.3046,16.0110,35.2066,17.7187,17.7165,17.7143,10.4989,,18.9112,19.8960,91.3772,84.9075,44.8572
2025-03-06,26.9486,50.7424,15.2908,58.0914,15.9485,35.0601,17.6278,17.6257,17.6235,10.4450,,18.9090,19.9187,90.8616,84.6472,44.6196
2025-03-05,27.0534,51.1960,15.4409,58.7128,16.1311,35.4880,17.8878,17.8857,17.8835,10.5988,,18.9068,19.9290,92.5078,86.9751,44.8703
2025-03-04,26.9450,50.7256,15.2857,58.0712,15.9427,35.0459,17.6132,17.6112,17.6090,10.4363,,18.9047,20.0029,91.4855,85.7441,43.8611
2025-03-03,27.0075,50.9921,15.3743,58.4379,16.0506,35.2984,17.7638,17.7617,17.7596,10.5255,,18.9025,20.0572,92.6163,86.8007,43.9448
2025-02-28,27.0816,51.3421,15.4905,58.9211,16.1931,35.6336,17.9726,17.9705,17.9683,10.6490,,18.8952,20.0100,94.2662,89.1575,43.8343
2025-02-27,27.0016,51.0193,15.3836,58.4796,16.0635,35.3310,17.7938,17.7916,17.7894,10.5429,,18.8928,19.9309,92.7852,87.9760,43.8223
2025-02-26,27.1132,51.5031,15.5440,59.1442,16.2590,35.7893,18.0723,18.0702,18.0680,10.7080,,18.8904,19.9572,94.2803,89.2840,44.5111
2025-02-25,27.0957,51.4430,15.5242,59.0630,16.2353,35.7345,18.0423,18.0401,18.0379,10.6902,,18.8880,19.9139,94.2653,88.9834,44.3669
2025-02-24,27.0989,51.4860,15.5383,59.1226,16.2531,35.7780,18.0782,18.0759,18.0736,10.7113,,18.8856,19.7958,94.7075,89.7402,44.1783
2025-02-21,27.1201,51.6084,15.5794,59.2951,16.3044,35.8996,18.1564,18.1542,18.1518,10.7575,,18.8784,19.7619,95.1758,90.4564,44.2773
2025-02-20,27.2217,52.0737,15.7336,59.9358,16.4933,36.3446,18.4370,18.4347,18.4322,10.9233,,18.8760,19.6756,96.8248,93.3114,44.6037
2025-02-19,27.2379,52.1579,15.7616,60.0529,16.5281,36.4268,18.4901,18.4878,18.4852,10.9545,,18.8736,19.6469,97.2337,94.4858,44.4871
2025-02-18,27.2459,52.2053,15.7775,60.1197,16.5480,36.4742,18.5215,18.5191,18.5166,10.9729,,18.8712,19.6216,97.0018,95.1476,44.7465
2025-02-14,27.2125,52.0793,15.7367,59.9530,16.4994,36.3604,18.4472,18.4449,18.4424,10.9290,,18.8616,19.6933,96.7502,94.7317,44.4727
2025-02-13,27.2070,52.0746,15.7352,59.9476,16.4980,36.3581,18.4509,18.4486,18.4461,10.9311,,18.8592,19.6309,96.7348,94.6118,44.5321
2025-02-12,27.1111,51.6884,15.6071,59.4182,16.3425,35.9948,18.2372,18.2348,18.2322,10.8044,,18.8568,19.5149,95.7356,93.5246,43.9212
2025-02-11,27.1332,51.7731,15.6357,59.5368,16.3774,36.0759,18.2793,18.2770,18.2745,10.8294,,18.8544,19.6184,95.9867,94.0245,43.9527
2025-02-10,27.1322,51.7713,15.6354,59.5362,16.3774,36.0758,18.2771,18.2748,18.2723,10.8279,,18.8520,19.6517,95.9520,94.7561,43.8318
2025-02-07,27.0896,51.6099,15.5825,59.3193,16.3140,35.9279,18.1869,18.1846,18.1822,10.7744,,18.8448,19.6551,95.2989,94.4031,43.7110
2025-02-06,27.1496,51.8674,15.6682,59.6746,16.4187,36.1730,18.3332,18.3309,18.3285,10.8612,,18.8424,19.7120,96.2056,95.2495,43.9616
2025-02-05,27.1255,51.7690,15.6359,59.5413,16.3797,36.0816,18.2765,18.2743,18.2719,10.8275,,18.8400,19.7251,95.8560,95.3824,43.7822
2025-02-04,27.0680,51.5463,15.5620,59.2367,16.2903,35.8734,18.1567,18.1544,18.1520,10.7566,,18.8376,19.6274,95.4795,94.4509,43.3746
2025-02-03,27.0008,51.2695,15.4705,58.8582,16.1791,35.6133,18.0000,17.9977,17.9953,10.6638,,18.8352,19.5939,94.7943,93.6587,42.8932
2025-01-31,27.0615,51.5592,15.5670,59.2603,16.2979,35.8930,18.1739,18.1715,18.1690,10.7666,,18.8280,19.5785,95.5121,94.6520,43.4380
2025-01-30,27.1037,51.7439,15.6285,59.5155,16.3731,36.0693,18.2798,18.2775,18.2750,10.8294,,18.8256,19.6098,95.9913,95.2872,43.7354
2025-01-29,27.0440,51.4982,15.5472,59.1794,16.2743,35.8382,18.1405,18.1382,18.1357,10.7470,,18.8232,19.5817,95.4866,94.2429,43.2974
2025-01-28,27.0596,51.5708,15.5715,59.2805,16.3042,35.9082,18.1827,18.1804,18.1779,10.7720,,18.8209,19.5959,95.9355,94.4877,43.2434
2025-01-27,27.0132,51.3774,15.5076,59.0165,16.2266,35.7265,18.0712,18.0689,18.0665,10.7060,,18.8185,19.5978,95.0611,93.7506,43.1891
2025-01-24,27.0865,51.7378,15.6273,59.5150,16.3739,36.0741,18.2936,18.2912,18.2887,10.8376,,18.8113,19.4947,96.4669,95.2645,43.5210
2025-01-23,27.0808,51.7264,15.6236,59.5006,16.3698,36.0652,18.2908,18.2884,18.2858,10.8359,,18.8089,19.4639,96.7344,95.4289,43.2972
2025-01-22,27.0482,51.5864,15.5776,59.3104,16.3139,35.9340,18.2077,18.2053,18.2028,10.7867,,18.8065,19.5025,96.2222,95.0934,43.1256
2025-01-21,27.0230,51.4798,15.5426,59.1664,16.2718,35.8351,18.1449,18.1426,18.1401,10.7493,,18.8041,19.5368,95.6335,95.3365,43.0439
2025-01-17,26.9227,51.0916,15.4148,58.6402,16.1177,35.4757,17.9311,17.9287,17.9262,10.6228,,18.7945,19.4733,94.7994,93.7672,42.4062
2025-01-16,26.8681,50.8642,15.3398,58.3306,16.0269,35.2632,17.8011,17.7988,17.7963,10.5458,,18.7921,19.4768,93.8602,93.1450,42.2471
2025-01-15,26.8518,50.8106,15.3221,58.2583,16.0057,35.2144,17.7751,17.7728,17.7703,10.5305,,18.7897,19.4305,94.0560,92.5684,42.0397
2025-01-14,26.7232,50.2986,15.1527,57.5596,15.8009,34.7371,17.4965,17.4941,17.4915,10.3653,,18.7873,19.2682,92.3577,90.9290,41.5475
2025-01-13,26.6915,50.1723,15.1111,57.3881,15.7506,34.6196,17.4258,17.4234,17.4208,10.3236,,18.7849,19.2594,92.2518,89.9375,41.3061
2025-01-10,26.6968,50.2144,15.1257,57.4503,15.7693,34.6639,17.4520,17.4497,17.4471,10.3392,,18.7777,19.2814,92.1063,89.6769,41.6296
2025-01-08,26.8119,50.7043,15.2884,58.1242,15.9675,35.1276,17.7279,17.7255,17.7230,10.5027,,18.7729,19.3909,93.5293,91.2093,42.3057
2025-01-07,26.8090,50.7036,15.2883,58.1247,15.9678,35.1289,17.7307,17.7283,17.7258,10.5043,,18.7706,19.3687,93.3819,91.3410,42.4007
2025-01-06,26.8686,50.9555,15.3720,58.4714,16.0698,35.3674,17.8718,17.8695,17.8670,10.5880,,18.7682,19.4336,94.4278,92.4225,42.4842
2025-01-03,26.8155,50.7488,15.3043,58.1933,15.9885,35.1776,17.7558,17.7535,17.7510,10.5192,,18.7610,19.4494,93.9003,92.0219,42.1079
2025-01-02,26.7420,50.4359,15.2012,57.7670,15.8634,34.8843,17.5747,17.5724,17.5700,10.4121,,18.7586,19.4814,92.7248,90.3985,41.9310
2024-12-31,26.7409,50.4461,15.2049,57.7835,15.8684,34.8966,17.5830,17.5807,17.5783,10.4171,,18.7542,19.4782,92.9284,90.1514,41.8962
2024-12-30,26.7597,50.5309,15.2332,57.9009,15.9030,34.9777,17.6313,17.6290,17.6266,10.4459,,18.7520,19.4984,93.3196,90.3049,41.9412
2024-12-27,26.8071,50.7742,15.3140,58.2377,16.0025,35.2126,17.7822,17.7798,17.7774,10.5352,,18.7454,19.4161,94.3284,91.1506,42.1636
2024-12-26,26.8600,51.0041,15.3904,58.5544,16.0958,35.4310,17.9131,17.9108,17.9083,10.6128,,18.7432,19.4563,95.3748,92.3931,42.1526
2024-12-24,26.8498,50.9779,15.3820,58.5209,16.0861,35.4091,17.9017,17.8994,17.8969,10.6062,,18.7388,19.4363,95.4058,91.9746,42.1292
2024-12-23,26.7887,50.7230,15.2979,58.1735,15.9842,35.1707,17.7573,17.7550,17.7526,10.5206,,18.7366,19.4237,94.3644,91.0950,41.9830
2024-12-20,26.7496,50.5659,15.2467,57.9635,15.9229,35.0274,17.6664,17.6642,17.6618,10.4665,,18.7300,19.4807,93.6773,91.2427,41.7878
2024-12-19,26.6945,50.3426,15.1729,57.6591,15.8337,34.8190,17.5429,17.5406,17.5382,10.3933,,18.7278,19.4358,92.6653,90.1143,41.8139
2024-12-18,26.7145,50.4254,15.2007,57.7745,15.8677,34.8983,17.5867,17.5845,17.5821,10.4192,,18.7257,19.5028,92.7455,90.3823,42.0124
2024-12-17,26.9210,51.3130,15.4954,58.9960,16.2274,35.7412,18.0944,18.0921,18.0898,10.7196,,18.7235,19.6324,95.5630,94.5326,42.8988
2024-12-16,26.9569,51.4776,15.5501,59.2237,16.2946,35.8993,18.1916,18.1893,18.1870,10.7769,,18.7213,19.6333,95.9315,95.6384,43.1291
2024-12-13,26.9344,51.4043,15.5263,59.1270,16.2665,35.8343,18.1538,18.1516,18.1492,10.7546,,18.7147,19.6165,95.5558,95.0581,43.2220
2024-12-12,26.9474,51.4553,15.5437,59.1991,16.2879,35.8838,18.1788,18.1766,18.1743,10.7693,,18.7125,19.6905,95.5468,95.4537,43.3297
2024-12-11,26.9955,51.6594,15.6117,59.4813,16.3710,36.0783,18.2925,18.2904,18.2881,10.8366,,18.7103,19.7674,96.0668,96.2936,43.6164
2024-12-10,26.9474,51.4471,15.5417,59.1912,16.2857,35.8777,18.1660,18.1638,18.1616,10.7617,,18.7081,19.8165,95.2878,95.4183,43.4178
2024-12-09,26.9817,51.6007,15.5929,59.4042,16.3486,36.0254,18.2552,18.2530,18.2508,10.8143,,18.7059,19.8406,95.5701,96.3610,43.6800
2024-12-06,27.0168,51.7683,15.6492,59.6393,16.4182,36.1891,18.3527,18.3506,18.3485,10.8720,,18.6993,19.8907,96.1474,97.5419,43.7593
2024-12-05,27.0003,51.7108,15.6301,59.5612,16.3954,36.1362,18.3238,18.3217,18.3195,10.8549,,18.6971,19.8469,95.8977,96.9319,43.8331
2024-12-04,27.0033,51.7328,15.6376,59.5932,16.4050,36.1592,18.3387,18.3365,18.3343,10.8634,,18.6950,19.8420,96.0723,97.9625,43.6413
2024-12-03,26.9570,51.5499,15.5770,59.3427,16.3314,35.9875,18.2389,18.2367,18.2345,10.8044,,18.6928,19.7721,95.4926,96.8154,43.5415
2024-12-02,26.9392,51.4721,15.5515,59.2374,16.3005,35.9148,18.1914,18.1893,18.1871,10.7763,,18.6906,19.8137,95.4489,96.9744,43.2176
2024-11-29,26.9197,51.4016,15.5285,59.1436,16.2732,35.8513,18.1528,18.1507,18.1485,10.7533,,18.6861,19.8166,95.2050,96.9849,43.1145
2024-11-27,26.8612,51.1850,15.4572,58.8502,16.1874,35.6518,18.0380,18.0359,18.0336,10.6851,,18.6793,19.7298,94.6646,96.7224,42.7367
2024-11-26,26.8659,51.2229,15.4697,58.9031,16.2032,35.6896,18.0656,18.0634,18.0612,10.7015,,18.6771,19.6745,95.0200,96.8537,42.6674
2024-11-25,26.8644,51.2188,15.4687,58.8996,16.2024,35.6877,18.0625,18.0603,18.0580,10.6992,,18.6748,19.7054,94.4730,97.4642,42.9072
2024-11-22,26.8071,51.0235,15.4040,58.6345,16.1249,35.5088,17.9670,17.9648,17.9624,10.6429,,18.6680,19.5294,94.1871,96.2559,42.6555
2024-11-21,26.7630,50.8402,15.3435,58.3842,16.0512,35.3363,17.8624,17.8602,17.8579,10.5814,,18.6658,19.5205,93.8581,94.6413,42.4370
2024-11-20,26.7223,50.6690,15.2870,58.1506,15.9826,35.1754,17.7639,17.7617,17.7593,10.5235,,18.6636,19.5252,93.3451,93.0539,42.3794
2024-11-19,26.7295,50.7034,15.2986,58.1990,15.9969,35.2088,17.7827,17.7805,17.7782,10.5348,,18.6613,19.5495,93.3400,92.6787,42.5790
2024-11-18,26.6975,50.5770,15.2569,58.0270,15.9464,35.0911,17.7133,17.7111,17.7088,10.4939,,18.6591,19.5198,92.9700,91.8065,42.5028
2024-11-15,26.6513,50.4036,15.1999,57.7932,15.8781,34.9320,17.6188,17.6166,17.6142,10.4379,,18.6523,19.4934,92.5928,91.3423,42.1863
2024-11-14,26.7227,50.7211,15.3053,58.2299,16.0067,35.2337,17.8034,17.8012,17.7989,10.5473,,18.6501,19.4981,93.8201,92.5393,42.4295
2024-11-13,26.7516,50.8533,15.3493,58.4129,16.0607,35.3606,17.8809,17.8787,17.8763,10.5930,,18.6478,19.5056,94.3814,93.6091,42.4018
2024-11-12,26.7755,50.9630,15.3859,58.5653,16.1057,35.4664,17.9450,17.9428,17.9405,10.6307,,18.6456,19.5198,94.3550,94.2491,42.7516
2024-11-08,26.8182,51.1541,15.4503,58.8337,16.1850,35.6518,18.0492,18.0470,18.0448,10.6929,,18.6365,19.6594,94.5314,93.7551,43.4457
2024-11-07,26.8163,51.1599,15.4523,58.8426,16.1878,35.6589,18.0567,18.0545,18.0522,10.6974,,18.6343,19.6216,94.1577,93.1069,43.8713
2024-11-06,26.7471,50.8923,15.3636,58.4770,16.0806,35.4097,17.9149,17.9127,17.9104,10.6131,,18.6321,19.4850,93.4610,92.7728,43.4163
2024-11-05,26.6404,50.4115,15.2052,57.8211,15.8877,34.9560,17.6279,17.6258,17.6236,10.4440,,18.6298,19.6311,91.1543,88.5945,43.7839
2024-11-04,26.5547,50.0540,15.0870,57.3332,15.7445,34.6212,17.4263,17.4242,17.4220,10.3247,,18.6276,19.5992,90.0493,87.0715,43.4109
2024-11-01,26.5446,50.0492,15.0857,57.3299,15.7439,34.6217,17.4343,17.4321,17.4299,10.3295,,18.6208,19.5051,90.2991,86.9634,43.3151
2024-10-31,26.5200,49.9334,15.0478,57.1732,15.6979,34.5130,17.3616,17.3595,17.3573,10.2865,,18.6189,19.5932,89.9277,86.6133,43.1207
2024-10-30,26.6236,50.3876,15.1983,57.7963,15.8812,34.9426,17.6235,17.6214,17.6192,10.4419,,18.6169,19.6040,91.6275,87.8784,43.5570
2024-10-29,26.6480,50.4977,15.2349,57.9482,15.9259,35.0474,17.6870,17.6848,17.6826,10.4796,,18.6149,19.6160,91.9304,87.9154,43.7902
2024-10-28,26.6418,50.4803,15.2292,57.9255,15.9193,35.0325,17.6794,17.6772,17.6750,10.4751,,18.6129,19.5991,91.7822,87.8358,43.8560
2024-10-25,26.6052,50.3357,15.1819,57.7310,15.8624,34.8992,17.5965,17.5944,17.5922,10.4264,,18.6070,19.6274,91.5386,86.7344,43.6447
2024-10-24,26.6184,50.3931,15.2012,57.8111,15.8861,34.9546,17.6279,17.6258,17.6236,10.4449,,18.6050,19.6635,91.5652,87.1114,43.7773
2024-10-23,26.5947,50.3026,15.1713,57.6880,15.8500,34.8706,17.5794,17.5773,17.5751,10.4162,,18.6030,19.6287,91.3691,86.7437,43.6398
2024-10-22,26.6588,50.5805,15.2636,58.0703,15.9625,35.1341,17.7376,17.7356,17.7334,10.5100,,18.6011,19.6711,92.2150,87.4277,44.0449
2024-10-21,26.6813,50.6836,15.2979,58.2132,16.0047,35.2332,17.7977,17.7956,17.7935,10.5455,,18.5991,19.6822,92.2588,87.8488,44.3659
2024-10-18,26.7210,50.8539,15.3552,58.4516,16.0751,35.3977,17.8896,17.8876,17.8855,10.5997,,18.5931,19.8101,92.4236,88.8655,44.7123
2024-10-17,26.6883,50.7200,15.3111,58.2693,16.0216,35.2726,17.8141,17.8121,17.8100,10.5549,,18.5912,19.8003,92.0534,88.6970,44.4650
2024-10-16,26.6949,50.7387,15.3177,58.2967,16.0297,35.2907,17.8186,17.8167,17.8146,10.5576,,18.5892,19.8924,92.0676,88.7389,44.4767
2024-10-15,26.6568,50.5846,15.2667,58.0862,15.9679,35.1462,17.7327,17.7307,17.7286,10.5069,,18.5872,19.8633,91.6381,87.7925,44.3475
2024-10-11,26.6628,50.6479,15.2881,58.1771,15.9951,35.2115,17.7781,17.7761,17.7741,10.5340,,18.5792,19.8005,91.6272,87.3710,44.7725
2024-10-10,26.6133,50.4381,15.2188,57.8904,15.9108,35.0139,17.6575,17.6555,17.6534,10.4629,,18.5773,19.8027,91.0767,85.8754,44.5870
2024-10-09,26.6244,50.4927,15.2370,57.9663,15.9332,35.0667,17.6899,17.6879,17.6858,10.4821,,18.5753,19.8033,91.2521,86.0351,44.6649
2024-10-08,26.5921,50.3505,15.1903,57.7733,15.8766,34.9336,17.6052,17.6032,17.6012,10.4319,,18.5733,19.8549,90.6051,85.5087,44.6203
2024-10-07,26.5481,50.1696,15.1306,57.5269,15.8043,34.7648,17.5039,17.5019,17.4999,10.3716,,18.5714,19.8349,89.7355,85.2771,44.5593
2024-10-04,26.6068,50.4338,15.2186,57.8924,15.9120,35.0172,17.6544,17.6524,17.6505,10.4609,,18.5654,19.8906,90.6030,86.0157,44.8806
2024-10-03,26.5575,50.2010,15.1421,57.5753,15.8188,34.7971,17.5100,17.5081,17.5062,10.3756,,18.5634,20.0348,89.7783,84.7934,44.6652
2024-10-02,26.5935,50.3507,15.1920,57.7821,15.8796,34.9391,17.5913,17.5895,17.5877,10.4238,,18.5615,20.1105,89.9294,85.1509,45.0812
2024-10-01,26.5968,50.3644,15.1969,57.8024,15.8857,34.9530,17.5971,17.5953,17.5935,10.4273,,18.5595,20.1510,89.9128,85.0979,45.1457
2024-09-30,26.6526,50.6244,15.2830,58.1599,15.9910,35.2010,17.7531,17.7513,17.7494,10.5196,,18.5575,20.0913,90.7562,86.1045,45.4739
2024-09-27,26.6480,50.6169,15.2811,58.1538,15.9896,35.1978,17.7484,17.7466,17.7448,10.5167,,18.5513,20.1391,90.3656,86.0106,45.7487
2024-09-26,26.6511,50.6465,15.2909,58.1950,16.0018,35.2272,17.7706,17.7687,17.7669,10.5300,,18.5493,20.0850,90.4765,85.7441,45.8866
2024-09-25,26.5862,50.3676,15.1988,57.8139,15.8898,34.9648,17.6102,17.6084,17.6066,10.4352,,18.5473,20.0910,90.1071,85.1466,45.0951
2024-09-24,26.6123,50.4773,15.2355,57.9662,15.9348,35.0697,17.6697,17.6679,17.6661,10.4701,,18.5453,20.1573,90.2750,85.9357,45.2488
2024-09-23,26.5817,50.3553,15.1952,57.8002,15.8861,34.9562,17.6027,17.6009,17.5991,10.4303,,18.5432,20.1309,90.0485,85.7742,44.9548
2024-09-20,26.5597,50.2776,15.1700,57.6977,15.8563,34.8871,17.5604,17.5586,17.5569,10.4052,,18.5371,20.1417,89.7959,85.7204,44.8402
2024-09-19,26.5888,50.4092,15.2138,57.8792,15.9099,35.0126,17.6361,17.6343,17.6326,10.4498,,18.5351,20.1545,89.9701,86.3473,45.1439
2024-09-18,26.4643,49.8741,15.0369,57.1483,15.6952,34.5100,17.3312,17.3294,17.3276,10.2693,,18.5330,20.1466,88.4631,84.6402,44.3486
2024-09-17,26.4860,49.9638,15.0669,57.2723,15.7316,34.5948,17.3782,17.3765,17.3747,10.2973,,18.5310,20.2138,88.7199,84.6119,44.5107
2024-09-16,26.4860,49.9647,15.0674,57.2745,15.7323,34.5961,17.3770,17.3753,17.3736,10.2969,,18.5290,20.2450,88.6950,84.1699,44.6097
2024-09-13,26.4536,49.8544,15.0312,57.1269,15.6893,34.4967,17.3215,17.3198,17.3181,10.2642,,18.5229,20.1852,88.5660,83.7028,44.3927
2024-09-12,26.4012,49.6398,14.9603,56.8341,15.6033,34.2959,17.2028,17.2011,17.1993,10.1944,,18.5208,20.1449,88.0751,82.1708,44.1938
2024-09-11,26.3460,49.4038,14.8826,56.5134,15.5093,34.0758,17.0681,17.0664,17.0647,10.1147,,18.5188,20.1684,87.4187,81.3700,43.8452
2024-09-10,26.2857,49.1484,14.7984,56.1666,15.4077,33.8383,16.9238,16.9221,16.9205,10.0291,,18.5168,20.1776,86.4949,80.8163,43.5742
2024-09-09,26.2710,49.1037,14.7837,56.1069,15.3904,33.7989,16.9049,16.9032,16.9015,10.0176,,18.5147,20.1109,86.1076,80.8058,43.7276
2024-09-06,26.2001,48.8219,14.6911,55.7261,15.2791,33.5396,16.7503,16.7485,16.7468,9.9257,,18.5086,20.0832,85.1135,80.3117,43.4208
2024-09-05,26.3098,49.3094,14.8522,56.3927,15.4749,33.9984,17.0311,17.0293,17.0276,10.0921,,18.5066,20.0536,86.5977,81.6915,44.1214
2024-09-04,26.3184,49.3614,14.8695,56.4649,15.4963,34.0492,17.0653,17.0635,17.0617,10.1122,,18.5045,20.0100,86.8565,82.1180,44.0963
2024-09-03,26.3282,49.4270,14.8911,56.5555,15.5231,34.1134,17.1113,17.1095,17.1076,10.1393,,18.5025,19.9201,86.9928,82.3678,44.2889
2024-08-30,26.4614,50.0464,15.0963,57.4068,15.7738,34.7025,17.4777,17.4758,17.4738,10.3560,,18.4962,19.8266,88.8635,84.7940,45.1255
2024-08-29,26.4097,49.8266,15.0241,57.1091,15.6866,34.4981,17.3502,17.3484,17.3464,10.2804,,18.4920,19.8756,87.9637,84.1570,44.9785
2024-08-28,26.3980,49.7769,15.0079,57.0421,15.6669,34.4518,17.3201,17.3183,17.3164,10.2629,,18.4899,19.9050,87.9629,83.6513,44.8577
2024-08-27,26.4319,49.9296,15.0586,57.2524,15.7288,34.5970,17.4078,17.4060,17.4041,10.3148,,18.4878,19.9187,88.4917,84.2813,44.9866
2024-08-26,26.4186,49.8790,15.0421,57.1848,15.7091,34.5513,17.3804,17.3785,17.3767,10.2983,,18.4857,19.9160,88.3441,84.5818,44.8315
2024-08-23,26.4331,49.9610,15.0697,57.3006,15.7435,34.6322,17.4294,17.4275,17.4257,10.3273,,18.4794,19.9298,88.6214,84.8012,44.9442
2024-08-22,26.3273,49.5198,14.9237,56.6972,15.5662,34.2179,17.1832,17.1813,17.1794,10.1820,,18.4773,19.8497,87.6150,82.6836,44.3003
2024-08-21,26.3808,49.7465,14.9990,57.0086,15.6578,34.4316,17.3080,17.3062,17.3043,10.2560,,18.4752,19.9244,88.4031,83.4919,44.4743
2024-08-20,26.3340,49.5560,14.9360,56.7486,15.5814,34.2533,17.2025,17.2007,17.1988,10.1939,,18.4731,19.8854,88.0261,82.3660,44.2036
2024-08-19,26.3490,49.6386,14.9634,56.8630,15.6153,34.3336,17.2558,17.2539,17.2520,10.2251,,18.4710,19.8262,88.1982,83.1722,44.3078
2024-08-16,26.2655,49.3025,14.8527,56.4077,15.4820,34.0227,17.0698,17.0679,17.0660,10.1149,,18.4647,19.7974,87.3393,82.2610,43.7532
2024-08-15,26.2360,49.1892,14.8154,56.2544,15.4372,33.9185,17.0098,17.0079,17.0059,10.0793,,18.4626,19.7576,87.1536,82.0661,43.4870
2024-08-14,26.1329,48.7374,14.6667,55.6404,15.2571,33.4966,16.7489,16.7471,16.7453,9.9251,,18.4605,19.8389,85.7452,80.2928,42.9577
2024-08-13,26.1054,48.6329,14.6323,55.4996,15.2160,33.4014,16.6942,16.6924,16.6905,9.8924,,18.4584,19.8031,85.4162,80.3487,42.7850
2024-08-12,25.9868,48.1437,14.4710,54.8354,15.0215,32.9480,16.4255,16.4237,16.4218,9.7332,,18.4563,19.7325,84.0005,78.9502,42.1307
2024-08-09,25.9832,48.1560,14.4755,54.8561,15.0281,32.9646,16.4391,16.4372,16.4353,9.7408,,18.4500,19.6925,83.9848,79.5703,42.1177
2024-08-08,25.9529,48.0443,14.4388,54.7058,14.9843,32.8634,16.3825,16.3806,16.3787,9.7071,,18.4479,19.6322,83.5844,79.4711,42.0176
2024-08-07,25.8106,47.4390,14.2397,53.8860,14.7444,32.3030,16.0430,16.0412,16.0393,9.5061,,18.4458,19.6694,81.7009,77.4021,41.3180
2024-08-06,25.8384,47.5548,14.2781,54.0445,14.7909,32.4112,16.1048,16.1030,16.1011,9.5426,,18.4438,19.7215,82.3353,78.2931,41.1242
2024-08-05,25.7806,47.2924,14.1920,53.6894,14.6868,32.1669,15.9489,15.9472,15.9454,9.4504,,18.4417,19.8469,81.4910,77.4056,40.7723
2024-08-02,25.9720,48.1373,14.4715,54.8445,15.0260,32.9608,16.4303,16.4285,16.4268,9.7357,,18.4354,19.8557,84.0052,79.7441,41.9999
2024-08-01,26.0857,48.6796,14.6503,55.5862,15.2443,33.4750,16.7600,16.7581,16.7561,9.9302,,18.4333,19.6284,85.5777,82.4145,42.7459
2024-07-31,26.2043,49.2146,14.8270,56.3173,15.4591,33.9790,17.0722,17.0702,17.0682,10.1146,,18.4310,19.5469,86.7626,84.5808,43.7473
2024-07-30,26.0949,48.7683,14.6796,55.7101,15.2813,33.5646,16.8284,16.8263,16.8242,9.9696,,18.4287,19.4420,85.4070,83.9686,43.0759
2024-07-29,26.1050,48.8235,14.6979,55.7862,15.3037,33.6174,16.8624,16.8604,16.8583,9.9900,,18.4264,19.4185,85.8331,83.9385,43.0183
2024-07-26,26.1028,48.8427,14.7047,55.8166,15.3131,33.6407,16.8798,16.8777,16.8756,10.0000,,18.4196,19.3847,85.7625,84.3468,43.1191
2024-07-25,26.0177,48.4956,14.5901,55.3444,15.1747,33.3179,16.6893,16.6872,16.6850,,,18.4173,19.3130,84.8168,83.0433,42.6749
2024-07-24,26.0358,48.5876,14.6205,55.4703,15.2116,33.4047,16.7452,16.7431,16.7409,,,18.4150,19.2744,85.2551,82.1598,42.9413
2024-07-23,26.1706,49.1721,14.8140,56.2704,15.4467,33.9548,17.0768,17.0747,17.0725,,,18.4127,19.3256,87.2740,84.2702,43.4755
2024-07-22,26.1780,49.2116,14.8272,56.3252,15.4628,33.9927,17.1003,17.0981,17.0959,,,18.4104,19.3239,87.4108,83.8601,43.6302
2024-07-19,26.1022,48.9035,14.7259,55.9085,15.3408,33.7077,16.9269,16.9248,16.9227,,,18.4036,19.3323,86.4743,82.7137,43.2723
2024-07-18,26.1500,49.1106,14.7947,56.1929,15.4244,33.9031,17.0430,17.0409,17.0387,,,18.4013,19.3780,87.0912,83.0038,43.6142
2024-07-17,26.2096,49.3703,14.8810,56.5504,15.5297,34.1496,17.1900,17.1880,17.1858,,,18.3990,19.4285,87.7769,84.2446,43.9442
2024-07-16,26.2828,49.6992,14.9899,57.0017,15.6625,34.4611,17.3812,17.3791,17.3769,,,18.3967,19.4177,89.0159,85.6318,44.1626
2024-07-15,26.2258,49.4703,14.9141,56.6884,15.5703,34.2460,17.2556,17.2535,17.2513,,,18.3945,19.3439,88.4514,83.4362,44.1053
2024-07-12,26.2170,49.4448,14.9062,56.6573,15.5614,34.2250,17.2398,17.2378,17.2356,,,18.3876,19.3959,88.1927,82.4746,44.3773
2024-07-11,26.1611,49.2171,14.8310,56.3470,15.4704,34.0126,17.1140,17.1119,17.1097,,,18.3853,19.3500,87.7092,81.6427,43.9774
2024-07-10,26.1523,49.2022,14.8258,56.3255,15.4639,33.9980,17.1126,17.1104,17.1082,,,18.3830,19.2509,88.4816,79.7735,43.8018
2024-07-09,26.0758,48.8806,14.7197,55.8880,15.3356,33.6982,16.9314,16.9293,16.9271,,,18.3808,19.2368,87.5772,79.0828,43.2693
2024-07-08,26.0849,48.9254,14.7348,55.9510,15.3543,33.7422,16.9573,16.9552,16.9530,,,18.3785,19.2522,87.5108,79.5268,43.4159
2024-07-05,26.0788,48.9239,14.7348,55.9527,15.3552,33.7451,16.9610,16.9589,16.9567,,,18.3716,19.2369,87.4191,79.2584,43.5669
2024-07-03,26.0269,48.7333,14.6720,55.6957,15.2803,33.5716,16.8635,16.8614,16.8591,,,18.3671,19.1364,86.9315,79.5258,43.1515
2024-07-02,25.9776,48.5440,14.6095,55.4389,15.2052,33.3973,16.7642,16.7620,16.7597,,,18.3648,19.0498,86.4898,79.3226,42.7865
2024-07-01,25.9401,48.4009,14.5623,55.2453,15.1486,33.2660,16.6891,16.6869,16.6846,,,18.3625,18.9897,85.9568,79.1243,42.6652
2024-06-28,25.9348,48.3663,14.5515,55.2006,15.1357,33.2349,16.6625,16.6603,16.6580,,,18.3602,19.1013,85.7249,79.6239,42.5313
2024-06-27,25.9458,48.4214,14.5704,55.2796,15.1590,33.2890,16.6898,16.6877,16.6855,,,18.3531,19.1871,86.0663,79.2864,42.5535
2024-06-26,25.9299,48.3657,14.5520,55.2044,15.1370,33.2381,16.6617,16.6596,16.6573,,,18.3508,19.1521,85.9872,78.7222,42.5233
2024-06-25,25.9453,48.4245,14.5718,55.2863,15.1611,33.2938,16.6892,16.6872,16.6850,,,18.3485,19.2422,85.8520,78.8265,42.8016
2024-06-24,25.9249,48.3447,14.5458,55.1797,15.1302,33.2219,16.6461,16.6441,16.6419,,,18.3461,19.2388,85.5158,79.1956,42.6516
2024-06-21,25.9081,48.2968,14.5304,55.1180,15.1123,33.1809,16.6230,16.6210,16.6188,,,18.3391,19.2250,85.7734,78.8804,42.3603
2024-06-20,25.9245,48.3767,14.5569,55.2280,15.1447,33.2567,16.6696,16.6676,16.6654,,,18.3368,19.2210,85.9036,78.6850,42.6500
2024-06-18,25.9318,48.4175,14.5709,55.2864,15.1621,33.2975,16.6922,16.6901,16.6880,,,18.3321,19.2581,86.1206,78.9422,42.6042
2024-06-17,25.9015,48.3066,14.5343,55.1367,15.1184,33.1964,16.6365,16.6344,16.6322,,,18.3297,19.1850,85.9014,78.8136,42.3820
2024-06-14,25.8621,48.1461,14.4821,54.9224,15.0559,33.0503,16.5436,16.5416,16.5394,,,18.3227,19.2541,85.2377,78.2574,42.2965
2024-06-13,25.8920,48.2893,14.5296,55.1198,15.1141,33.1873,16.6288,16.6268,16.6246,,,18.3204,19.2315,85.2505,79.1733,42.7325
2024-06-12,25.9127,48.4051,14.5678,55.2792,15.1613,33.2992,16.7040,16.7019,16.6997,,,18.3180,19.1362,85.0502,79.9361,43.2855
2024-06-11,25.8367,48.0961,14.4658,54.8592,15.0382,33.0124,16.5360,16.5338,16.5316,,,18.3157,19.0570,84.3317,78.7837,42.8105
2024-06-10,25.8433,48.1475,14.4828,54.9306,15.0594,33.0633,16.5729,16.5708,16.5684,,,18.3134,18.9776,84.1030,78.9618,43.2270
2024-06-07,25.8254,48.0874,14.4636,54.8528,15.0369,33.0110,16.5399,16.5377,16.5354,,,18.3064,19.0069,83.8790,78.5511,43.2347
2024-06-06,25.8683,48.2546,14.5194,55.0830,15.1046,33.1680,16.6242,16.6221,16.6199,,,18.3040,19.1614,83.9575,79.2607,43.6569
2024-06-05,25.8623,48.2369,14.5138,55.0605,15.0983,33.1534,16.6157,16.6136,16.6114,,,18.3017,19.1608,83.9728,79.5977,43.5087
2024-06-04,25.7881,47.9318,14.4132,54.6463,14.9769,32.8706,16.4482,16.4462,16.4440,,,18.2994,19.1085,82.9882,78.4567,43.2376
2024-06-03,25.7920,47.9713,14.4263,54.7020,14.9937,32.9111,16.4788,16.4766,16.4744,,,18.2971,19.0317,82.8598,79.2991,43.3925
2024-05-31,25.7680,47.9112,14.4068,54.6246,14.9716,32.8616,16.4576,16.4554,16.4531,,,18.2899,18.9225,82.7584,79.7001,43.2298
2024-05-30,25.7051,47.6595,14.3239,54.2839,14.8720,32.6301,16.3225,16.3203,16.3180,,,18.2875,18.8552,82.0918,79.4770,42.7673
2024-05-29,25.7012,47.6637,14.3252,54.2901,14.8739,32.6354,16.3316,16.3294,16.3270,,,18.2851,18.7773,82.5771,79.2080,42.5248
2024-05-28,25.7773,47.9902,14.4333,54.7366,15.0049,32.9414,16.5125,16.5103,16.5079,,,18.2827,18.8478,83.1889,80.1188,43.2313
2024-05-24,25.7732,47.9911,14.4346,54.7440,15.0077,32.9481,16.5123,16.5101,16.5078,,,18.2731,18.9218,83.1676,80.4848,43.1674
2024-05-23,25.7244,47.7899,14.3684,54.4713,14.9278,32.7618,16.4007,16.3985,16.3962,,,18.2707,18.9052,82.5872,79.7936,42.9123
2024-05-22,25.7753,48.0092,14.4411,54.7722,15.0163,32.9685,16.5221,16.5200,16.5177,,,18.2683,18.9659,83.1984,80.9971,43.1108
2024-05-21,25.8081,48.1562,14.4899,54.9742,15.0758,33.1076,16.6052,16.6031,16.6008,,,18.2659,18.9884,83.4233,81.5263,43.4573
2024-05-20,25.8023,48.1468,14.4869,54.9630,15.0728,33.1014,16.6047,16.6026,16.6003,,,18.2635,18.9484,83.2131,81.7928,43.5609
2024-05-17,25.7864,48.0973,14.4712,54.8998,15.0546,33.0593,16.5784,16.5763,16.5740,,,18.2563,18.9700,83.1296,81.5412,43.4779
2024-05-16,25.7765,48.0536,14.4571,54.8419,15.0377,33.0196,16.5512,16.5491,16.5468,,,18.2539,19.0161,83.0296,81.4726,43.3613
2024-05-15,25.7985,48.1502,14.4893,54.9751,15.0769,33.1112,16.6042,16.6021,16.5998,,,18.2515,19.0558,83.1856,82.0246,43.5273
2024-05-14,25.7117,47.8045,14.3752,54.5061,14.9397,32.7922,16.4202,16.4180,16.4157,,,18.2492,18.9315,82.2072,81.1176,43.0782
2024-05-13,25.6663,47.6239,14.3157,54.2614,14.8681,32.6254,16.3229,16.3207,16.3184,,,18.2468,18.8833,81.7999,80.2944,42.8268
2024-05-10,25.6558,47.6061,14.3103,54.2412,14.8626,32.6135,16.3180,16.3158,16.3135,,,18.2396,18.8621,81.8181,80.2546,42.7851
2024-05-09,25.6459,47.5641,14.2968,54.1860,14.8466,32.5760,16.2925,16.2904,16.2881,,,18.2372,18.9045,81.6710,80.5135,42.6510
2024-05-08,25.6022,47.3899,14.2395,53.9502,14.7776,32.4155,16.1985,16.1964,16.1941,,,18.2348,18.8642,81.2420,79.8308,42.4116
2024-05-07,25.6119,47.4326,14.2538,54.0100,14.7953,32.4567,16.2208,16.2187,16.2164,,,18.2324,18.9054,81.2423,80.1800,42.5070
2024-05-06,25.5987,47.3913,14.2403,53.9554,14.7796,32.4208,16.2025,16.2004,16.1981,,,18.2301,18.8618,81.1294,80.3590,42.4196
2024-05-03,25.5257,47.1046,14.1465,53.5706,14.6672,32.1595,16.0470,16.0449,16.0426,,,18.2229,18.8428,80.2981,79.2114,42.1198
2024-05-02,25.4427,46.7744,14.0378,53.1249,14.5371,31.8574,15.8719,15.8698,15.8675,,,18.2205,18.7484,79.2984,78.5881,41.6958
2024-05-01,25.3604,46.4449,13.9294,52.6795,14.4069,31.5546,15.6958,15.6936,15.6913,,,18.2181,18.6626,78.5799,77.3864,41.1665
2024-04-30,25.3660,46.4850,13.9426,52.7345,14.4230,31.5929,15.7231,15.7209,15.7185,,,18.2160,18.6081,78.8506,77.1066,41.2247
2024-04-29,25.4668,46.9125,14.0837,53.3157,14.5933,31.9900,15.9579,15.9557,15.9534,,,18.2139,18.6798,80.1081,78.6876,41.7071
2024-04-26,25.4284,46.7780,14.0397,53.1369,14.5414,31.8699,15.8899,15.8877,15.8854,,,18.2074,18.6272,79.8499,78.2895,41.4755
2024-04-25,25.3699,46.5431,13.9625,52.8197,14.4487,31.6545,15.7637,15.7615,15.7591,,,18.2053,18.5777,79.0421,77.6817,41.2685
2024-04-24,25.4040,46.6852,14.0096,53.0138,14.5056,31.7868,15.8395,15.8374,15.8350,,,18.2032,18.6378,79.4041,78.0805,41.4796
2024-04-23,25.4085,46.7036,14.0159,53.0402,14.5135,31.8049,15.8475,15.8453,15.8430,,,18.2010,18.6832,79.3866,78.2232,41.5222
2024-04-22,25.3207,46.3414,13.8969,52.5513,14.3705,31.4721,15.6498,15.6476,15.6453,,,18.1989,18.6517,78.4464,76.8395,41.0367
2024-04-19,25.2480,46.0536,13.8027,52.1654,14.2580,31.2104,15.4937,15.4916,15.4893,,,18.1925,18.6420,77.7675,76.0678,40.5384
2024-04-18,25.2816,46.2075,13.8534,52.3741,14.3190,31.3531,15.5814,15.5792,15.5769,,,18.1904,18.6185,78.4510,76.1152,40.6697
2024-04-17,25.2923,46.2500,13.8676,52.4330,14.3363,31.3930,15.6016,15.5995,15.5972,,,18.1882,18.6752,78.6196,76.2668,40.6615
2024-04-16,25.3143,46.3678,13.9064,52.5937,14.3836,31.5046,15.6758,15.6736,15.6713,,,18.1861,18.5822,79.0772,76.9531,40.7323
2024-04-15,25.3495,46.5157,13.9554,52.7958,14.4429,31.6426,15.7551,15.7529,15.7506,,,18.1840,18.6421,79.2397,77.2693,41.1370
2024-04-12,25.4130,46.7904,14.0468,53.1736,14.5539,31.9015,15.9043,15.9022,15.8999,,,18.1776,18.7566,80.2033,78.5762,41.2567
2024-04-11,25.5062,47.2093,14.1848,53.7437,14.7212,32.2931,16.1451,16.1430,16.1406,,,18.1754,18.7052,81.3776,80.1133,41.8614
2024-04-10,25.4729,47.0694,14.1389,53.5548,14.6660,32.1642,16.0662,16.0640,16.0617,,,18.1733,18.7206,80.7746,79.7263,41.8060
2024-04-09,25.5663,47.4426,14.2628,54.0651,14.8157,32.5120,16.2613,16.2593,16.2571,,,18.1712,18.9396,81.5441,81.3061,42.3597
2024-04-08,25.5512,47.3963,14.2475,54.0030,14.7976,32.4708,16.2415,16.2394,16.2371,,,18.1691,18.8723,81.4147,81.1170,42.3494
2024-04-05,25.5321,47.3312,14.2265,53.9180,14.7730,32.4136,16.2063,16.2042,16.2020,,,18.1626,18.8902,81.4438,80.7279,42.1409
2024-04-04,25.4879,47.1297,14.1605,53.6457,14.6932,32.2263,16.0863,16.0843,16.0822,,,18.1605,18.9853,80.5495,80.0241,42.0608
2024-04-03,25.5493,47.4101,14.2530,54.0279,14.8054,32.4891,16.2488,16.2468,16.2446,,,18.1584,18.9408,81.5450,80.8828,42.3513
2024-04-02,25.5257,47.3170,14.2224,53.9022,14.7686,32.4034,16.1980,16.1959,16.1937,,,18.1563,18.9285,81.4521,80.5300,42.1126
2024-04-01,25.5713,47.5194,14.2895,54.1796,14.8502,32.5944,16.3127,16.3107,16.3085,,,18.1541,18.9467,82.0433,81.7356,42.2811
2024-03-28,25.6088,47.6678,14.3390,54.3838,14.9103,32.7337,16.3878,16.3858,16.3837,,,18.1520,19.0800,82.2085,82.4312,42.5740
2024-03-27,25.6002,47.6575,14.3363,54.3747,14.9080,32.7293,16.3852,16.3833,16.3812,,,18.1431,19.0919,82.1142,82.1880,42.6767
2024-03-26,25.5395,47.4075,14.2538,54.0352,14.8086,32.4973,16.2486,16.2466,16.2445,,,18.1410,19.0418,81.4024,80.9926,42.4374
2024-03-25,25.5443,47.4387,14.2642,54.0787,14.8214,32.5277,16.2685,16.2665,16.2644,,,18.1388,19.0243,81.6310,80.9895,42.4143
2024-03-22,25.5525,47.4924,14.2824,54.1553,14.8441,32.5811,16.2999,16.2979,16.2958,,,18.1322,19.0485,81.8807,80.9329,42.4713
2024-03-21,25.5638,47.5614,14.3053,54.2510,14.8725,32.6487,16.3458,16.3437,16.3416,,,18.1300,18.9849,81.9912,81.7069,42.5754
2024-03-20,25.5385,47.4588,14.2716,54.1123,14.8319,32.5539,16.2891,16.2871,16.2850,,,18.1278,18.9773,81.7258,80.9227,42.5136
2024-03-19,25.4668,47.1593,14.1729,53.7060,14.7128,32.2761,16.1239,16.1219,16.1198,,,18.1256,18.9413,80.9943,79.5288,42.1166
2024-03-18,25.4349,47.0358,14.1323,53.5394,14.6641,32.1632,16.0593,16.0573,16.0551,,,18.1234,18.8945,80.5393,79.0625,42.0753
2024-03-15,25.4069,46.9340,14.0993,53.4056,14.6255,32.0736,16.0047,16.0027,16.0006,,,18.1168,18.9103,80.0324,79.2117,42.0198
2024-03-14,25.4328,47.0516,14.1382,53.5663,14.6725,32.1835,16.0705,16.0685,16.0664,,,18.1146,18.9234,80.5520,79.2595,42.1080
2024-03-13,25.4747,47.2215,14.1949,53.7999,14.7413,32.3435,16.1589,16.1569,16.1549,,,18.1124,19.0455,80.7636,80.4724,42.3592
2024-03-12,25.4791,47.2428,14.2021,53.8298,14.7501,32.3638,16.1697,16.1677,16.1657,,,18.1102,19.0697,80.9157,80.2949,42.3598
2024-03-11,25.4242,47.0012,14.1228,53.5036,14.6548,32.1408,16.0310,16.0291,16.0271,,,18.1081,19.1284,80.0169,80.0638,42.0488
2024-03-08,25.4441,47.1075,14.1585,53.6524,14.6988,32.2444,16.0932,16.0913,16.0893,,,18.1015,19.1458,80.1061,80.5414,42.3527
2024-03-07,25.4690,47.2276,14.1981,53.8164,14.7470,32.3573,16.1635,16.1616,16.1596,,,18.0993,19.1197,80.6272,80.8637,42.4180
2024-03-06,25.3946,46.9166,14.0958,53.3958,14.6240,32.0707,15.9927,15.9908,15.9888,,,18.0971,19.0929,79.7938,80.1474,41.9156
2024-03-05,25.3393,46.6900,14.0212,53.0890,14.5342,31.8615,15.8694,15.8675,15.8655,,,18.0949,19.0524,79.3800,79.4562,41.4466
2024-03-04,25.3807,46.8942,14.0885,53.3674,14.6160,32.0539,15.9925,15.9905,15.9884,,,18.0927,18.9611,80.1955,80.4304,41.5555
2024-03-01,25.3833,46.9221,14.0982,53.4091,14.6285,32.0834,16.0090,16.0070,16.0050,,,18.0862,18.9895,80.2895,80.4228,41.6091
2024-02-29,25.3187,46.6621,14.0126,53.0574,14.5257,31.8445,15.8703,15.8684,15.8663,,,18.0841,18.9153,79.6467,79.7756,41.1907
2024-02-28,25.2879,46.5396,13.9723,52.8923,14.4774,31.7323,15.8048,15.8028,15.8007,,,18.0821,18.8880,79.2157,79.2897,41.1263
2024-02-27,25.3018,46.6157,13.9975,52.9967,14.5082,31.8050,15.8524,15.8504,15.8482,,,18.0800,18.8387,79.3404,79.6041,41.3267
2024-02-26,25.2855,46.5447,13.9743,52.9011,14.4802,31.7392,15.8104,15.8084,15.8063,,,18.0780,18.8730,79.2037,78.9004,41.2586
2024-02-23,25.2938,46.5957,13.9915,52.9732,14.5014,31.7890,15.8391,15.8371,15.8350,,,18.0718,18.9007,79.5017,78.6023,41.3088
2024-02-22,25.2785,46.5488,13.9760,52.9104,14.4832,31.7474,15.8194,15.8174,15.8152,,,18.0698,18.8279,79.4722,78.4053,41.2252
2024-02-21,25.1694,46.0861,13.8240,52.2859,14.3007,31.3222,15.5642,15.5622,15.5601,,,18.0677,18.8223,77.8243,77.3615,40.7776
2024-02-20,25.1715,46.0925,13.8265,52.2964,14.3040,31.3296,15.5649,15.5629,15.5609,,,18.0657,18.8802,77.7230,77.8040,40.7687
2024-02-16,25.1820,46.1705,13.8528,52.4071,14.3370,31.4078,15.6148,15.6128,15.6107,,,18.0575,18.8540,78.1899,78.7308,40.6046
2024-02-15,25.1986,46.2388,13.8756,52.5012,14.3647,31.4720,15.6495,15.6476,15.6455,,,18.0554,18.9135,78.5552,79.4533,40.4421
2024-02-14,25.1381,45.9928,13.7947,52.1689,14.2675,31.2460,15.5173,15.5154,15.5133,,,18.0534,18.8640,78.0833,78.2375,40.0589
2024-02-13,25.0619,45.6817,13.6922,51.7475,14.1441,30.9588,15.3495,15.3476,15.3455,,,18.0514,18.7936,77.3281,76.5646,39.7138
2024-02-12,25.1725,46.1370,13.8427,52.3669,14.3256,31.3810,15.5917,15.5899,15.5879,,,18.0493,18.9681,78.3906,78.8746,40.2499
2024-02-09,25.1552,46.0834,13.8254,52.2970,14.3053,31.3341,15.5649,15.5630,15.5610,,,18.0432,18.9575,78.4641,78.1166,40.1487
2024-02-08,25.1215,45.9411,13.7787,52.1051,14.2492,31.2030,15.4852,15.4834,15.4814,,,18.0411,18.9733,78.0089,77.2269,40.0784
2024-02-07,25.1124,45.8989,13.7650,52.0482,14.2324,31.1632,15.4581,15.4563,15.4544,,,18.0391,19.0226,77.9546,76.2382,40.1189
2024-02-06,25.0803,45.7618,13.7202,51.8645,14.1789,31.0383,15.3810,15.3792,15.3773,,,18.0370,19.0589,77.3165,75.9727,40.0769
2024-02-05,25.0445,45.6291,13.6765,51.6855,14.1265,30.9173,15.3146,15.3128,15.3108,,,18.0350,18.9698,77.1361,75.2985,39.8567
2024-02-02,25.0807,45.7809,13.7273,51.8953,14.1883,31.0607,15.3916,15.3898,15.3880,,,18.0288,19.1138,77.3819,76.2789,40.0436
2024-02-01,25.0725,45.7223,13.7087,51.8185,14.1661,31.0073,15.3478,15.3462,15.3444,,,18.0268,19.2942,76.5603,76.1956,40.3611
2024-01-31,24.9963,45.4197,13.6091,51.4101,14.0468,30.7306,15.1893,15.1876,15.1858,,,18.0248,19.1863,75.6119,75.2384,40.0913
2024-01-30,25.0658,45.7409,13.7147,51.8458,14.1745,31.0297,15.3751,15.3733,15.3714,,,18.0229,19.0995,76.8476,76.8869,40.2111
2024-01-29,25.0701,45.7706,13.7246,51.8875,14.1869,31.0593,15.3946,15.3928,15.3909,,,18.0209,19.0763,76.8874,77.3569,40.2321
2024-01-26,25.0080,45.5374,13.6481,51.5749,14.0957,30.8480,15.2743,15.2725,15.2706,,,18.0149,18.9909,76.3091,76.1147,40.0255
2024-01-25,24.9978,45.4962,13.6348,51.5201,14.0798,30.8107,15.2509,15.2491,15.2472,,,18.0129,19.0106,76.3590,75.9675,39.8397
2024-01-24,24.9645,45.3733,13.5944,51.3552,14.0318,30.6999,15.1899,15.1880,15.1861,,,18.0110,18.9338,75.9552,75.6099,39.7639
2024-01-23,24.9488,45.3063,13.5727,51.2665,14.0061,30.6399,15.1515,15.1497,15.1477,,,18.0090,18.9749,75.8928,76.1574,39.4102
2024-01-22,24.9502,45.3122,13.5749,51.2761,14.0091,30.6469,15.1531,15.1513,15.1494,,,18.0070,19.0157,75.6700,76.3586,39.5505
2024-01-19,24.9123,45.1759,13.5304,51.0945,13.9561,30.5242,15.0832,15.0814,15.0795,,,18.0011,18.9731,75.5037,75.2076,39.3886
2024-01-18,24.8540,44.9349,13.4514,50.7710,13.8618,30.3049,14.9529,14.9511,14.9492,,,17.9991,18.9681,74.5811,74.3427,39.2923
2024-01-17,24.8021,44.7145,13.3793,50.4751,13.7755,30.1039,14.8307,14.8290,14.8271,,,17.9971,19.0027,73.9245,73.8457,38.9751
2024-01-16,24.8543,44.9344,13.4519,50.7734,13.8628,30.3068,14.9485,14.9468,14.9450,,,17.9951,19.0598,74.3407,74.4162,39.4296
2024-01-12,24.9077,45.1677,13.5294,51.0933,13.9567,30.5251,15.0717,15.0700,15.0683,,,17.9872,19.1833,74.6180,75.0515,40.0185
2024-01-11,24.8901,45.1060,13.5092,51.0112,13.9329,30.4704,15.0419,15.0402,15.0385,,,17.9852,19.1425,74.5563,75.2572,39.7984
2024-01-10,24.8888,45.1217,13.5144,51.0335,13.9396,30.4874,15.0578,15.0561,15.0542,,,17.9832,19.0596,74.6041,75.5810,39.8177
2024-01-09,24.8580,44.9935,13.4725,50.8620,13.8897,30.3710,14.9873,14.9856,14.9838,,,17.9813,19.0763,74.1824,75.4009,39.6471
2024-01-08,24.8833,45.1060,13.5096,51.0151,13.9346,30.4758,15.0494,15.0477,15.0459,,,17.9793,19.0867,74.2820,75.8487,39.9519
2024-01-05,24.7897,44.7396,13.3896,50.5240,13.7915,30.1439,14.8570,14.8553,14.8535,,,17.9733,19.0097,73.2470,74.4226,39.5921
2024-01-04,24.7827,44.7088,13.3797,50.4838,13.7798,30.1165,14.8380,14.8363,14.8345,,,17.9714,19.0543,73.1134,74.3479,39.5655
2024-01-03,24.7886,44.7226,13.3846,50.5034,13.7855,30.1288,14.8388,14.8372,14.8354,,,17.9694,19.1554,73.3557,74.3601,39.3759
2024-01-02,24.8531,45.0093,13.4791,50.8931,13.8998,30.3960,14.9999,14.9982,14.9965,,,17.9674,19.1417,73.9455,76.2259,39.7635
2023-12-29,24.9055,45.2354,13.5540,51.2016,13.9903,30.6066,15.1211,15.1194,15.1177,,,17.9630,19.2226,74.3644,77.0955,40.1816
2023-12-28,24.9186,45.3118,13.5798,51.3096,14.0225,30.6822,15.1659,15.1642,15.1625,,,17.9563,19.2412,74.5713,78.0496,40.1666
2023-12-27,24.9236,45.3309,13.5863,51.3368,14.0305,30.7007,15.1733,15.1717,15.1700,,,17.9541,19.2986,74.5358,78.1037,40.2384
2023-12-26,24.8849,45.1924,13.5407,51.1508,13.9763,30.5759,15.1071,15.1055,15.1037,,,17.9519,19.1757,74.4235,77.8768,39.8713
2023-12-22,24.8496,45.0715,13.5016,50.9919,13.9303,30.4695,15.0455,15.0438,15.0421,,,17.9429,19.1601,74.1093,77.1382,39.7991
2023-12-21,24.8343,45.0121,13.4822,50.9125,13.9071,30.4156,15.0134,15.0118,15.0101,,,17.9407,19.1622,73.9865,76.6799,39.7448
2023-12-20,24.7578,44.6861,13.3752,50.4731,13.7787,30.1164,14.8339,14.8323,14.8306,,,17.9385,19.1739,73.2321,75.4439,39.2188
2023-12-19,24.8338,45.0327,13.4891,50.9422,13.9160,30.4371,15.0302,15.0285,15.0267,,,17.9363,19.1068,74.3150,76.9073,39.5712
2023-12-18,24.7784,44.8054,13.4145,50.6359,13.8264,30.2289,14.9079,14.9062,14.9045,,,17.9341,19.0788,73.8757,75.7461,39.2217
2023-12-15,24.7614,44.7472,13.3960,50.5615,13.8051,30.1795,14.8762,14.8746,14.8729,,,17.9274,19.1225,73.5404,75.6853,39.2546
2023-12-14,24.7806,44.8338,13.4247,50.6801,13.8400,30.2609,14.9237,14.9221,14.9203,,,17.9251,19.1431,73.5431,76.1719,39.5129
2023-12-13,24.7159,44.5874,13.3435,50.3475,13.7426,30.0357,14.7992,14.7975,14.7957,,,17.9229,18.9991,73.3334,74.3647,39.1096
2023-12-12,24.6015,44.1471,13.1986,49.7550,13.5698,29.6361,14.5775,14.5757,14.5738,,,17.9207,18.7548,72.3445,72.3667,38.6144
2023-12-11,24.5781,44.0605,13.1704,49.6402,13.5365,29.5594,14.5344,14.5326,14.5307,,,17.9185,18.7211,72.0109,72.3315,38.5538
2023-12-08,24.5509,43.9662,13.1400,49.5171,13.5009,29.4773,14.4863,14.4845,14.4826,,,17.9118,18.7198,71.7290,72.0139,38.4741
2023-12-07,24.5321,43.8799,13.1120,49.4022,13.4674,29.3988,14.4349,14.4332,14.4313,,,17.9096,18.7964,71.4347,71.5249,38.4129
2023-12-06,24.4907,43.7081,13.0559,49.1728,13.4007,29.2437,14.3419,14.3402,14.3384,,,17.9074,18.8134,70.8589,71.0085,38.2600
2023-12-05,24.4885,43.7167,13.0587,49.1853,13.4044,29.2533,14.3520,14.3502,14.3483,,,17.9052,18.7502,71.1348,71.1555,38.0914
2023-12-04,24.4956,43.7739,13.0776,49.2643,13.4279,29.3095,14.3928,14.3910,14.3891,,,17.9030,18.6427,71.1723,71.9952,38.2004
2023-12-01,24.5204,43.8906,13.1162,49.4234,13.4744,29.4173,14.4541,14.4524,14.4504,,,17.8963,18.6929,71.5592,71.5764,38.4578
2023-11-30,24.4482,43.6175,13.0264,49.0562,13.3671,29.1694,14.3175,14.3157,14.3137,,,17.8939,18.5331,71.1354,69.8017,38.1279
2023-11-29,24.4347,43.5559,13.0065,48.9749,13.3435,29.1140,14.2803,14.2786,14.2766,,,17.8914,18.6015,70.8461,69.4755,38.1380
2023-11-28,24.4176,43.5075,12.9906,48.9102,13.3246,29.0712,14.2617,14.2599,14.2579,,,17.8890,18.5010,70.9014,68.8451,38.0913
2023-11-27,24.4062,43.4791,12.9813,48.8736,13.3141,29.0479,14.2527,14.2508,14.2487,,,17.8866,18.4329,70.8323,68.9552,38.0537
2023-11-24,24.4048,43.5144,12.9932,48.9246,13.3294,29.0852,14.2822,14.2803,14.2782,,,17.8792,18.3319,70.9698,69.0654,38.1526
2023-11-22,24.3817,43.4211,12.9631,48.8017,13.2937,29.0020,14.2293,14.2274,14.2253,,,17.8743,18.3923,70.9262,68.6717,37.8638
2023-11-21,24.3583,43.3307,12.9336,48.6815,13.2588,28.9210,14.1819,14.1801,14.1780,,,17.8718,18.3841,70.6360,68.2231,37.8250
2023-11-20,24.3755,43.4143,12.9612,48.7953,13.2922,28.9992,14.2296,14.2278,14.2257,,,17.8694,18.3682,70.7779,68.7254,37.9722
2023-11-17,24.3253,43.2315,12.9018,48.5543,13.2224,28.8382,14.1370,14.1352,14.1331,,,17.8620,18.3358,70.2515,68.2675,37.7726
2023-11-16,24.2813,43.0573,12.8448,48.3214,13.1545,28.6808,14.0458,14.0439,14.0418,,,17.8596,18.3065,70.1602,67.5634,37.2970
2023-11-15,24.2799,43.0775,12.8516,48.3508,13.1635,28.7034,14.0660,14.0641,14.0619,,,17.8572,18.2064,70.0608,68.3315,37.3664
2023-11-14,24.2769,43.0547,12.8445,48.3215,13.1551,28.6828,14.0474,14.0455,14.0434,,,17.8547,18.3099,69.9367,68.1010,37.3679
2023-11-13,24.1068,42.3846,12.6250,47.4255,12.8942,28.0796,13.7048,13.7028,13.7007,,,17.8523,18.0954,68.6141,65.2409,36.4041
2023-11-10,24.0980,42.3715,12.6212,47.4117,12.8905,28.0717,13.7013,13.6993,13.6972,,,17.8449,18.0891,68.6674,65.2391,36.3361
2023-11-09,24.0325,42.1096,12.5359,47.0638,12.7895,27.8382,13.5651,13.5632,13.5610,,,17.8425,18.0669,67.6016,64.4925,36.2846
2023-11-08,24.0714,42.2560,12.5842,47.2611,12.8471,27.9706,13.6345,13.6326,13.6305,,,17.8401,18.2077,68.1398,65.3721,36.2022
2023-11-07,24.0689,42.2640,12.5869,47.2736,12.8510,27.9807,13.6446,13.6427,13.6406,,,17.8377,18.1480,68.0685,65.7768,36.2489
2023-11-06,24.0624,42.2596,12.5855,47.2687,12.8497,27.9789,13.6494,13.6475,13.6454,,,17.8353,18.0589,67.8745,65.4909,36.5044
2023-11-03,24.0695,42.2992,12.5992,47.3266,12.8672,28.0194,13.6690,13.6671,13.6650,,,17.8279,18.1398,67.7535,66.2469,36.5816
2023-11-02,23.9846,41.9749,12.4932,46.8949,12.7417,27.7299,13.5068,13.5048,13.5027,,,17.8255,18.0142,67.1201,64.6338,36.1882
2023-11-01,23.8561,41.4708,12.3288,46.2257,12.5475,27.2818,13.2506,13.2486,13.2465,,,17.8231,17.9043,65.8741,63.1101,35.5299
2023-10-31,23.7799,41.1936,12.2384,45.8590,12.4415,27.0384,13.1187,13.1167,13.1145,,,17.8208,17.7327,65.1891,62.7792,35.1280
2023-10-30,23.7470,41.0624,12.1959,45.6860,12.3913,26.9224,13.0499,13.0479,13.0457,,,17.8184,17.7504,64.7653,62.1961,35.0590
2023-10-27,23.6767,40.7887,12.1073,45.3266,12.2875,26.6825,12.9076,12.9057,12.9035,,,17.8114,17.7871,63.9912,61.7108,34.6764
2023-10-26,23.7051,40.9141,12.1484,45.4949,12.3366,26.7964,12.9750,12.9730,12.9708,,,17.8091,17.7837,64.2985,62.3733,34.8083
2023-10-25,23.7437,41.0995,12.2087,45.7415,12.4081,26.9632,13.0805,13.0785,13.0763,,,17.8068,17.6691,65.0678,62.3435,35.0284
2023-10-24,23.8249,41.4205,12.3138,46.1701,12.5327,27.2508,13.2416,13.2397,13.2375,,,17.8044,17.7990,66.0143,63.6982,35.2261
2023-10-23,23.7824,41.2620,12.2621,45.9604,12.4719,27.1108,13.1634,13.1614,13.1592,,,17.8021,17.7386,65.5366,63.1346,35.1227
2023-10-20,23.7780,41.2779,12.2677,45.9855,12.4797,27.1305,13.1802,13.1782,13.1759,,,17.7951,17.6679,65.6473,63.6398,35.0579
2023-10-19,23.8437,41.5685,12.3626,46.3741,12.5928,27.3934,13.3393,13.3373,13.3349,,,17.7927,17.6115,66.4821,64.4962,35.4434
2023-10-18,23.8997,41.7980,12.4380,46.6824,12.6827,27.6015,13.4580,13.4560,13.4536,,,17.7904,17.6844,67.0461,65.4501,35.7061
2023-10-17,23.9960,42.1949,12.5681,47.2146,12.8377,27.9607,13.6654,13.6633,13.6610,,,17.7881,17.7666,67.9562,66.9728,36.2550
2023-10-16,23.9952,42.1764,12.5623,47.1903,12.8305,27.9427,13.6469,13.6450,13.6427,,,17.7858,17.8913,67.9629,66.3857,36.2326
2023-10-13,23.9376,41.9418,12.4863,46.8803,12.7406,27.7335,13.5182,13.5163,13.5142,,,17.7788,17.9787,67.2484,65.2881,36.0398
2023-10-12,23.9738,42.1158,12.5432,47.1143,12.8089,27.8934,13.6186,13.6167,13.6145,,,17.7764,17.8928,67.5864,65.9132,36.4147
2023-10-11,24.0314,42.3390,12.6168,47.4152,12.8967,28.0960,13.7288,13.7269,13.7248,,,17.7741,18.0472,68.0042,67.2202,36.6489
2023-10-10,24.0013,42.2353,12.5830,47.2783,12.8572,28.0054,13.6809,13.6789,13.6767,,,17.7718,17.9647,67.7103,67.1241,36.5341
2023-10-06,23.8983,41.8627,12.4617,46.7859,12.7145,27.6773,13.4984,13.4964,13.4942,,,17.7624,17.8067,66.9353,65.9699,35.9926
2023-10-05,23.8320,41.5830,12.3707,46.4145,12.6067,27.4269,13.3469,13.3450,13.3428,,,17.7601,17.8728,66.1431,65.1397,35.6269
2023-10-04,23.8156,41.5233,12.3514,46.3362,12.5841,27.3748,13.3169,13.3149,13.3128,,,17.7578,17.8660,66.2179,65.2107,35.3220
2023-10-03,23.7739,41.3772,12.3036,46.1427,12.5280,27.2464,13.2488,13.2469,13.2447,,,17.7555,17.7489,65.6854,64.8305,35.3023
2023-10-02,23.8678,41.7526,12.4268,46.6456,12.6745,27.5848,13.4398,13.4379,13.4357,,,17.7531,17.8913,66.5952,66.1459,35.7699
2023-09-29,23.9132,41.9348,12.4870,46.8922,12.7466,27.7514,13.5306,13.5287,13.5266,,,17.7490,18.0170,66.5900,66.9696,36.2968
2023-09-28,23.9222,41.9835,12.5032,46.9593,12.7662,27.7972,13.5573,13.5555,13.5534,,,17.7448,18.0275,66.7689,67.0891,36.3359
2023-09-27,23.8754,41.8011,12.4436,46.7165,12.6957,27.6343,13.4645,13.4626,13.4605,,,17.7428,17.9792,66.3691,66.4175,36.0820
2023-09-26,23.8767,41.7998,12.4434,46.7150,12.6951,27.6321,13.4589,13.4570,13.4549,,,17.7407,18.0485,66.3528,65.8287,36.1784
2023-09-25,23.9561,42.1388,12.5543,47.1688,12.8272,27.9384,13.6388,13.6370,13.6349,,,17.7386,18.0669,67.3407,66.6921,36.5989
2023-09-22,23.9569,42.1402,12.5554,47.1740,12.8289,27.9418,13.6332,13.6315,13.6294,,,17.7324,18.1937,67.0697,66.4617,36.8195
2023-09-21,23.9589,42.1666,12.5641,47.2103,12.8396,27.9675,13.6531,13.6513,13.6492,,,17.7303,18.1264,67.2229,66.5637,36.8311
2023-09-20,24.0645,42.6033,12.7074,47.7969,13.0106,28.3637,13.8803,13.8786,13.8765,,,17.7283,18.2480,68.3417,67.9077,37.4073
2023-09-19,24.1007,42.7627,12.7597,48.0113,13.0731,28.5089,13.9660,13.9642,13.9622,,,17.7262,18.2577,68.9852,68.4045,37.4531
2023-09-18,24.1084,42.7928,12.7698,48.0529,13.0854,28.5370,13.9793,13.9776,13.9756,,,17.7242,18.3122,69.1341,68.6603,37.3810
2023-09-15,24.1118,42.8329,12.7835,48.1106,13.1027,28.5783,14.0063,14.0045,14.0025,,,17.7179,18.2850,69.0831,69.0005,37.5561
2023-09-14,24.1601,43.0384,12.8509,48.3869,13.1832,28.7650,14.1144,14.1127,14.1106,,,17.7159,18.3282,69.9307,69.7014,37.5711
2023-09-13,24.1025,42.7935,12.7709,48.0596,13.0879,28.5434,13.9812,13.9794,13.9775,,,17.7138,18.3581,69.3271,69.0060,37.1691
2023-09-12,24.1061,42.8208,12.7801,48.0982,13.0995,28.5711,13.9995,13.9978,13.9958,,,17.7117,18.3330,69.2409,69.5102,37.2703
2023-09-11,24.1288,42.9262,12.8147,48.2401,13.1408,28.6674,14.0578,14.0560,14.0540,,,17.7097,18.3183,69.6351,69.6378,37.3818
2023-09-08,24.0805,42.7361,12.7530,47.9888,13.0680,28.4985,13.9565,13.9548,13.9528,,,17.7034,18.3450,69.1703,69.3373,37.0328
2023-09-07,24.0759,42.7269,12.7501,47.9779,13.0650,28.4920,13.9542,13.9525,13.9505,,,17.7014,18.3241,69.0669,69.3755,37.0887
2023-09-06,24.0918,42.8103,12.7775,48.0912,13.0982,28.5701,14.0040,14.0022,14.0002,,,17.6993,18.2763,69.2803,69.8454,37.2047
2023-09-05,24.1211,42.9376,12.8194,48.2628,13.1482,28.6861,14.0714,14.0697,14.0676,,,17.6973,18.3032,69.7649,70.0847,37.2907
2023-09-01,24.1600,43.1161,12.8788,48.5079,13.2204,28.8539,14.1656,14.1639,14.1619,,,17.6889,18.3996,70.0555,71.1349,37.5600
2023-08-31,24.1541,43.0808,12.8674,48.4608,13.2065,28.8206,14.1403,14.1386,14.1367,,,17.6869,18.4862,69.9266,70.4227,37.6166
2023-08-30,24.1623,43.1277,12.8828,48.5244,13.2251,28.8642,14.1684,14.1667,14.1647,,,17.6849,18.4562,70.0229,70.2940,37.7857
2023-08-29,24.1427,43.0482,12.8569,48.4187,13.1943,28.7929,14.1256,14.1239,14.1220,,,17.6830,18.4666,69.7441,69.9065,37.7590
2023-08-28,24.0434,42.6514,12.7271,47.8884,13.0400,28.4359,13.9217,13.9200,13.9180,,,17.6810,18.3540,68.7448,68.7624,37.2248
2023-08-25,23.9864,42.4357,12.6568,47.6028,12.9572,28.2446,13.8117,13.8100,13.8081,,,17.6749,18.3117,68.3159,68.2398,36.8297
2023-08-24,23.9538,42.3036,12.6138,47.4270,12.9061,28.1263,13.7420,13.7403,13.7384,,,17.6729,18.3086,67.8457,67.9082,36.7345
2023-08-23,24.0347,42.6457,12.7259,47.8859,13.0398,28.4363,13.9228,13.9211,13.9191,,,17.6709,18.3557,68.7688,68.8584,37.1939
2023-08-22,23.9580,42.3547,12.6305,47.4974,12.9268,28.1759,13.7795,13.7777,13.7757,,,17.6689,18.1902,68.0168,68.0369,36.8641
2023-08-21,23.9659,42.3975,12.6446,47.5557,12.9439,28.2160,13.8046,13.8028,13.8008,,,17.6669,18.1725,68.2051,68.2756,36.8578
2023-08-18,23.9366,42.2776,12.6061,47.3990,12.8987,28.1108,13.7372,13.7355,13.7335,,,17.6609,18.2605,67.7379,68.1665,36.7288
2023-08-17,23.9319,42.2700,12.6036,47.3894,12.8959,28.1048,13.7363,13.7346,13.7326,,,17.6589,18.2220,67.7433,67.8380,36.7892
2023-08-16,23.9784,42.4732,12.6704,47.6633,12.9759,28.2908,13.8459,13.8441,13.8421,,,17.6569,18.2386,68.2572,68.6875,37.0454
2023-08-15,24.0281,42.6839,12.7397,47.9474,13.0589,28.4834,13.9571,13.9554,13.9534,,,17.6549,18.2913,68.7663,69.4049,37.3461
2023-08-14,24.0969,42.9786,12.8365,48.3443,13.1747,28.7525,14.1145,14.1128,14.1108,,,17.6529,18.3322,69.5587,70.3264,37.7351
2023-08-11,24.0849,42.9435,12.8255,48.3009,13.1625,28.7245,14.0971,14.0954,14.0934,,,17.6469,18.3534,69.1565,70.2391,37.9419
2023-08-10,24.1082,43.0380,12.8567,48.4288,13.1999,28.8108,14.1442,14.1425,14.1406,,,17.6449,18.4205,69.2207,70.3124,38.2391
2023-08-09,24.1016,42.9976,12.8439,48.3758,13.1845,28.7742,14.1155,14.1139,14.1120,,,17.6429,18.5294,69.1951,70.4343,38.0083
2023-08-08,24.1272,43.1181,12.8835,48.5391,13.2323,28.8859,14.1834,14.1818,14.1799,,,17.6409,18.5100,69.6795,71.0740,38.0127
2023-08-07,24.1541,43.2515,12.9273,48.7198,13.2853,29.0100,14.2616,14.2599,14.2580,,,17.6389,18.4477,69.9736,71.7269,38.2463
2023-08-04,24.1053,43.0581,12.8645,48.4638,13.2110,28.8379,14.1583,14.1566,14.1547,,,17.6328,18.4709,69.3457,71.4617,38.0032
2023-08-03,24.1034,43.0826,12.8723,48.4974,13.2209,28.8626,14.1833,14.1815,14.1796,,,17.6308,18.3188,69.7102,71.6307,37.8756
2023-08-02,24.1277,43.1728,12.9023,48.6200,13.2568,28.9449,14.2243,14.2226,14.2207,,,17.6289,18.4426,69.8850,71.8330,38.0070
2023-08-01,24.2277,43.6036,13.0440,49.2020,13.4269,29.3407,14.4570,14.4553,14.4534,,,17.6269,18.4987,70.8648,73.1095,38.7558
2023-07-31,24.2660,43.7577,13.0949,49.4108,13.4880,29.4819,14.5344,14.5328,14.5310,,,17.6249,18.6043,71.0523,73.4061,39.1413
2023-07-28,24.2467,43.6964,13.0751,49.3307,13.4647,29.4283,14.5045,14.5029,14.5010,,,17.6191,18.5820,70.9459,72.6930,39.1484
2023-07-27,24.1833,43.4387,12.9905,48.9842,13.3635,29.1936,14.3691,14.3675,14.3656,,,17.6172,18.5164,70.2457,71.6543,38.8820
2023-07-26,24.2258,43.6042,13.0453,49.2086,13.4293,29.3454,14.4499,14.4484,14.4465,,,17.6152,18.6653,70.6948,72.5871,38.9458
2023-07-25,24.2163,43.5775,13.0365,49.1733,13.4189,29.3220,14.4395,14.4379,14.4361,,,17.6133,18.6144,70.7047,72.2457,38.9313
2023-07-24,24.1974,43.4989,13.0110,49.0687,13.3885,29.2512,14.3963,14.3947,14.3929,,,17.6114,18.6334,70.5044,72.1292,38.7806
2023-07-21,24.1841,43.4569,12.9977,49.0157,13.3735,29.2167,14.3747,14.3732,14.3714,,,17.6055,18.6571,70.2201,72.1244,38.8425
2023-07-20,24.1808,43.4515,12.9961,49.0096,13.3719,29.2133,14.3737,14.3722,14.3704,,,17.6036,18.6455,70.1974,72.2722,38.8218
2023-07-19,24.2266,43.6382,13.0578,49.2628,13.4460,29.3849,14.4692,14.4677,14.4659,,,17.6017,18.7521,70.6685,73.1168,39.0026
2023-07-18,24.2119,43.5911,13.0423,49.2001,13.4277,29.3433,14.4485,14.4469,14.4451,,,17.5998,18.6938,70.5015,72.8049,39.0442
2023-07-17,24.1639,43.3926,12.9773,48.9337,13.3500,29.1627,14.3422,14.3407,14.3389,,,17.5978,18.6769,70.0036,72.0267,38.7854
2023-07-14,24.1430,43.3244,12.9552,48.8445,13.3242,29.1032,14.3088,14.3072,14.3055,,,17.5920,18.6543,69.7345,71.3406,38.8917
2023-07-13,24.1672,43.4224,12.9878,48.9782,13.3634,29.1941,14.3581,14.3566,14.3548,,,17.5901,18.7318,69.8035,72.0356,39.0693
2023-07-12,24.0841,43.0912,12.8792,48.5343,13.2341,28.8948,14.1877,14.1862,14.1844,,,17.5881,18.6216,69.2107,71.2102,38.4014
2023-07-11,24.0007,42.7678,12.7731,48.1017,13.1082,28.6041,14.0255,14.0239,14.0220,,,17.5862,18.4682,68.7006,70.6988,37.6648
2023-07-10,23.9468,42.5478,12.7011,47.8070,13.0223,28.4048,13.9094,13.9078,13.9059,,,17.5843,18.4385,68.2399,69.6977,37.3488
2023-07-07,23.9111,42.4239,12.6607,47.6429,12.9745,28.2947,13.8488,13.8471,13.8453,,,17.5785,18.3742,68.0764,68.6900,37.2301
2023-07-06,23.8994,42.3776,12.6455,47.5804,12.9561,28.2516,13.8230,13.8214,13.8195,,,17.5765,18.3788,68.2614,68.0180,37.0282
2023-07-05,23.9789,42.7046,12.7531,48.0212,13.0848,28.5500,13.9923,13.9908,13.9890,,,17.5746,18.5034,68.8013,69.0374,37.6901
2023-07-03,24.0133,42.8531,12.8023,48.2235,13.1441,28.6876,14.0697,14.0682,14.0664,,,17.5707,18.5769,68.9285,69.6303,38.0608
2023-06-30,24.0039,42.8237,12.7931,48.1866,13.1336,28.6631,14.0531,14.0516,14.0499,,,17.5651,18.6172,68.8445,69.3086,38.0681
2023-06-29,23.9309,42.5253,12.6955,47.7882,13.0178,28.3951,13.8983,13.8967,13.8950,,,17.5632,18.5611,68.0076,68.8545,37.6328
2023-06-28,23.9226,42.4698,12.6777,47.7143,12.9962,28.3435,13.8584,13.8570,13.8553,,,17.5614,18.7084,67.6969,68.3261,37.6849
2023-06-27,23.9113,42.4352,12.6663,47.6684,12.9828,28.3129,13.8437,13.8422,13.8405,,,17.5595,18.6581,67.7208,68.0152,37.6207
2023-06-26,23.8484,42.1635,12.5775,47.3048,12.8768,28.0665,13.6956,13.6942,13.6925,,,17.5576,18.6968,66.9539,66.8825,37.3317
2023-06-23,23.8527,42.2051,12.5914,47.3628,12.8939,28.1066,13.7219,13.7204,13.7187,,,17.5520,18.6667,67.2540,66.7245,37.3309
2023-06-22,23.9115,42.4768,12.6805,47.7288,13.0008,28.3561,13.8742,13.8727,13.8709,,,17.5501,18.6002,67.7731,67.5977,37.9164
2023-06-21,23.9200,42.5052,12.6902,47.7688,13.0127,28.3834,13.8847,13.8832,13.8816,,,17.5483,18.6917,67.5163,67.9261,38.1330
2023-06-20,23.9352,42.5797,12.7147,47.8699,13.0423,28.4525,13.9268,13.9254,13.9237,,,17.5464,18.6773,67.8681,68.3011,38.0935
2023-06-16,23.9715,42.7688,12.7772,48.1282,13.1181,28.6298,14.0353,14.0338,14.0321,,,17.5389,18.6405,68.1900,68.7498,38.5888
2023-06-15,23.9901,42.8490,12.8037,48.2372,13.1500,28.7039,14.0770,14.0755,14.0738,,,17.5370,18.6786,68.4399,69.1843,38.6144
2023-06-14,23.9152,42.5500,12.7058,47.8372,13.0336,28.4346,13.9244,13.9229,13.9211,,,17.5351,18.5729,67.6052,68.3651,38.2786
2023-06-13,23.9017,42.5025,12.6904,47.7754,13.0159,28.3942,13.9020,13.9005,13.8988,,,17.5333,18.5523,67.5346,68.7934,38.0648
2023-06-12,23.8557,42.2958,12.6230,47.4987,12.9352,28.2060,13.7855,13.7840,13.7823,,,17.5314,18.6371,67.0671,67.9313,37.7171
2023-06-09,23.8042,42.0986,12.5588,47.2378,12.8596,28.0313,13.6848,13.6834,13.6817,,,17.5258,18.6042,66.4473,67.3718,37.5563
2023-06-08,23.8068,42.1098,12.5628,47.2545,12.8647,28.0431,13.6896,13.6882,13.6865,,,17.5239,18.6424,66.3693,67.7368,37.5767
2023-06-07,23.7621,41.9392,12.5071,47.0279,12.7990,27.8920,13.6058,13.6043,13.6026,,,17.5221,18.5597,65.9539,67.7796,37.2473
2023-06-06,23.7891,42.0432,12.5412,47.1667,12.8392,27.9840,13.6543,13.6529,13.6512,,,17.5202,18.6533,66.2041,67.3138,37.5298
2023-06-05,23.7545,41.9026,12.4951,46.9775,12.7838,27.8552,13.5796,13.5782,13.5765,,,17.5183,18.6328,66.0472,66.0875,37.3440
2023-06-02,23.7645,41.9642,12.5157,47.0634,12.8092,27.9149,13.6154,13.6139,13.6123,,,17.5127,18.6319,66.1783,66.5917,37.4047
2023-06-01,23.6786,41.5876,12.3927,46.5599,12.6625,27.5735,13.4090,13.4076,13.4060,,,17.5108,18.7260,65.2265,64.6622,36.9878
2023-05-31,23.6035,41.2798,12.2922,46.1498,12.5433,27.2976,13.2493,13.2479,13.2463,,,17.5091,18.6851,64.5790,63.9907,36.4059
2023-05-30,23.6459,41.4781,12.3570,46.4158,12.6208,27.4783,13.3602,13.3588,13.3572,,,17.5074,18.6171,64.9619,64.4410,36.8731
2023-05-26,23.6452,41.5215,12.3715,46.4774,12.6391,27.5228,13.3960,13.3945,13.3928,,,17.5004,18.4739,64.9565,64.4145,37.1748
2023-05-25,23.5720,41.2185,12.2726,46.0741,12.5219,27.2514,13.2374,13.2359,13.2342,,,17.4986,18.4614,64.1156,63.4839,36.8224
2023-05-24,23.5598,41.1601,12.2540,45.9985,12.5003,27.2012,13.2031,13.2017,13.2000,,,17.4969,18.5417,63.5573,63.8069,36.9422
2023-05-23,23.6193,41.4131,12.3369,46.3378,12.5992,27.4304,13.3357,13.3343,13.3326,,,17.4952,18.5861,64.0250,64.3947,37.4811
2023-05-22,23.6833,41.6944,12.4289,46.7143,12.7088,27.6849,13.4869,13.4854,13.4838,,,17.4934,18.5707,64.7504,64.9421,37.9625
2023-05-19,23.6679,41.6423,12.4121,46.6462,12.6889,27.6388,13.4596,13.4581,13.4565,,,17.4882,18.5800,64.7332,64.2249,37.9242
2023-05-18,23.6677,41.6401,12.4117,46.6448,12.6887,27.6382,13.4565,13.4550,13.4534,,,17.4864,18.6279,64.8255,64.6884,37.7088
2023-05-17,23.6378,41.5033,12.3673,46.4629,12.6359,27.5150,13.3787,13.3774,13.3758,,,17.4847,18.7164,64.2081,64.0196,37.7635
2023-05-16,23.5823,41.2659,12.2898,46.1457,12.5435,27.3002,13.2504,13.2491,13.2476,,,17.4830,18.7494,63.4417,62.7722,37.6718
2023-05-15,23.6303,41.4699,12.3567,46.4200,12.6236,27.4861,13.3572,13.3559,13.3544,,,17.4812,18.7934,63.8457,63.8109,37.9472
2023-05-12,23.5954,41.3293,12.3111,46.2338,12.5694,27.3602,13.2809,13.2796,13.2781,,,17.4760,18.8390,63.6485,63.0152,37.6821
2023-05-11,23.6092,41.3792,12.3277,46.3016,12.5892,27.4055,13.3023,13.3011,13.2996,,,17.4743,18.9267,63.7353,63.2340,37.7281
2023-05-10,23.6228,41.4516,12.3515,46.3998,12.6181,27.4731,13.3453,13.3441,13.3426,,,17.4725,18.8773,63.8312,63.6510,37.8998
2023-05-09,23.5987,41.3735,12.3259,46.2963,12.5881,27.4049,13.3124,13.3110,13.3095,,,17.4708,18.7636,63.5443,63.3500,37.9533
2023-05-08,23.6204,41.4679,12.3569,46.4230,12.6249,27.4902,13.3614,13.3601,13.3586,,,17.4691,18.7848,63.8320,63.4600,38.0800
2023-05-05,23.6164,41.4512,12.3519,46.4032,12.6194,27.4768,13.3481,13.3469,13.3454,,,17.4638,18.8824,63.8020,63.3533,38.0201
2023-05-04,23.5210,41.0418,12.2183,45.8572,12.4606,27.1082,13.1284,13.1272,13.1258,,,17.4621,18.9403,62.6413,61.9728,37.5526
2023-05-03,23.5570,41.1951,12.2686,46.0630,12.5206,27.2472,13.2082,13.2070,13.2056,,,17.4603,18.9744,63.0898,62.6068,37.6661
2023-05-02,23.5625,41.2374,12.2823,46.1197,12.5370,27.2861,13.2366,13.2353,13.2339,,,17.4586,18.8880,63.5325,62.5949,37.5239
2023-05-01,23.6132,41.4901,12.3649,46.4594,12.6362,27.5183,13.3844,13.3831,13.3815,,,17.4569,18.7097,64.2768,63.7492,37.8217
2023-04-28,23.6310,41.5410,12.3819,46.5279,12.6561,27.5628,13.3996,13.3983,13.3968,,,17.4552,18.8923,64.3024,63.7099,37.9281
2023-04-27,23.5845,41.3778,12.3288,46.3131,12.5940,27.4203,13.3228,13.3215,13.3199,,,17.4499,18.7875,63.7692,63.1739,37.8927
2023-04-26,23.5002,41.0127,12.2099,45.8274,12.4530,27.0931,13.1259,13.1247,13.1232,,,17.4482,18.8703,62.5441,62.3112,37.5443
2023-04-25,23.5227,41.1022,12.2394,45.9480,12.4881,27.1741,13.1694,13.1682,13.1667,,,17.4465,18.9424,62.7851,62.6495,37.6094
2023-04-24,23.6019,41.4685,12.3592,46.4395,12.6315,27.5084,13.3744,13.3731,13.3716,,,17.4448,18.8137,63.7911,64.2247,38.0490
2023-04-21,23.5830,41.4176,12.3429,46.3747,12.6130,27.4669,13.3552,13.3539,13.3523,,,17.4395,18.7377,63.7364,64.3947,37.9012
2023-04-20,23.5743,41.3812,12.3311,46.3269,12.5992,27.4348,13.3346,13.3333,13.3318,,,17.4378,18.7667,63.6770,64.3832,37.7867
2023-04-19,23.5892,41.4633,12.3580,46.4378,12.6316,27.5109,13.3844,13.3830,13.3814,,,17.4361,18.6911,64.0519,64.8376,37.7652
2023-04-18,23.5947,41.4889,12.3665,46.4727,12.6418,27.5345,13.3971,13.3958,13.3942,,,17.4344,18.7118,64.0576,64.7587,37.8820
2023-04-17,23.5764,41.4200,12.3441,46.3818,12.6155,27.4739,13.3629,13.3616,13.3600,,,17.4326,18.6906,64.0027,64.8020,37.6402
2023-04-14,23.5673,41.3823,12.3322,46.3333,12.6015,27.4408,13.3383,13.3370,13.3355,,,17.4274,18.7807,63.7909,64.2217,37.7565
2023-04-13,23.5908,41.4740,12.3625,46.4570,12.6376,27.5240,13.3822,13.3810,13.3795,,,17.4257,18.8658,63.9243,64.6242,37.9032
2023-04-12,23.5150,41.1525,12.2576,46.0289,12.5132,27.2355,13.2112,13.2099,13.2085,,,17.4240,18.8948,63.0778,63.8884,37.4084
2023-04-11,23.5145,41.1615,12.2607,46.0422,12.5173,27.2455,13.2191,13.2178,13.2164,,,17.4223,18.8640,63.3385,64.3619,37.1425
2023-04-10,23.4907,41.0681,12.2302,45.9175,12.4810,27.1614,13.1708,13.1696,13.1681,,,17.4205,18.8465,63.3415,63.9086,36.8557
2023-04-06,23.4936,41.0783,12.2341,45.9336,12.4857,27.1713,13.1688,13.1676,13.1662,,,17.4136,18.9885,63.2769,63.3117,37.0307
2023-04-05,23.4752,41.0049,12.2103,45.8367,12.4577,27.1065,13.1305,13.1293,13.1279,,,17.4118,18.9955,63.0382,63.2345,36.9416
2023-04-04,23.4987,41.1200,12.2480,45.9925,12.5033,27.2134,13.1967,13.1955,13.1941,,,17.4101,18.9429,63.1879,63.9885,37.1779
2023-04-03,23.5149,41.2093,12.2773,46.1137,12.5389,27.2972,13.2512,13.2500,13.2485,,,17.4084,18.8608,63.5507,64.9569,37.0917
2023-03-31,23.4821,41.1032,12.2432,45.9764,12.4994,27.2073,13.2041,13.2028,13.2013,,,17.4025,18.7793,63.3162,65.1315,36.8714
2023-03-30,23.4055,40.7963,12.1429,45.5680,12.3807,26.9332,13.0487,13.0475,13.0459,,,17.4005,18.6927,62.4126,63.7964,36.6939
2023-03-29,23.3559,40.5983,12.0785,45.3060,12.3049,26.7582,12.9487,12.9474,12.9459,,,17.3985,18.6574,62.0498,63.6151,36.2361
2023-03-28,23.2798,40.2815,11.9753,44.8857,12.1829,26.4761,12.7841,12.7828,12.7813,,,17.3966,18.6560,61.1789,62.6848,35.8596
2023-03-27,23.2750,40.2627,11.9693,44.8614,12.1759,26.4597,12.7729,12.7717,12.7702,,,17.3946,18.6854,61.2737,62.6866,35.6894
2023-03-24,23.2555,40.1682,11.9391,44.7374,12.1399,26.3750,12.7133,12.7121,12.7107,,,17.3887,18.8663,61.1729,62.1188,35.4197
2023-03-23,23.2517,40.1604,11.9367,44.7283,12.1374,26.3695,12.7110,12.7098,12.7084,,,17.3867,18.8547,60.8290,61.8586,35.7554
2023-03-22,23.2328,40.0957,11.9157,44.6439,12.1132,26.3143,12.6820,12.6808,12.6794,,,17.3848,18.8031,60.6434,62.0341,35.6406
2023-03-21,23.2846,40.3536,11.9998,44.9892,12.2138,26.5495,12.8307,12.8294,12.8278,,,17.3828,18.6152,61.6538,63.7177,35.6055
2023-03-20,23.2062,40.0180,11.8905,44.5436,12.0844,26.2495,12.6524,12.6512,12.6497,,,17.3808,18.6769,60.8596,62.3656,35.1497
2023-03-17,23.1494,39.7814,11.8140,44.2320,11.9942,26.0404,12.5255,12.5243,12.5229,,,17.3749,18.7669,60.3210,61.7881,34.7143
2023-03-16,23.2004,40.0294,11.8948,44.5636,12.0909,26.2659,12.6662,12.6649,12.6634,,,17.3729,18.6100,60.9928,63.1967,34.9633
2023-03-15,23.1155,39.6619,11.7753,44.0763,11.9495,25.9383,12.4698,12.4686,12.4672,,,17.3710,18.6960,59.9311,62.1709,34.5130
2023-03-14,23.1922,40.0204,11.8921,44.5543,12.0886,26.2619,12.6686,12.6673,12.6657,,,17.3690,18.5252,60.3509,63.1766,35.5420
2023-03-13,23.1190,39.6972,11.7871,44.1259,11.9643,25.9735,12.4932,12.4920,12.4905,,,17.3671,18.6474,59.3391,62.0892,35.2352
2023-03-10,23.1365,39.8158,11.8261,44.2881,12.0120,26.0862,12.5686,12.5673,12.5658,,,17.3611,18.5027,59.4353,62.8310,35.6020
2023-03-09,23.1970,40.1189,11.9251,44.6952,12.1310,26.3646,12.7456,12.7441,12.7425,,,17.3592,18.2902,60.3154,64.8671,35.8353
2023-03-08,23.2724,40.4602,12.0366,45.1521,12.2641,26.6743,12.9319,12.9305,12.9287,,,17.3572,18.2200,61.4387,66.7860,35.9602
2023-03-07,23.2616,40.4176,12.0229,45.0964,12.2481,26.6371,12.9092,12.9078,12.9060,,,17.3553,18.2367,61.3466,66.7696,35.8593
2023-03-06,23.3473,40.7868,12.1436,45.5895,12.3914,26.9692,13.1033,13.1018,13.1001,,,17.3533,18.2616,62.2999,67.5438,36.4365
2023-03-03,23.3505,40.8166,12.1540,45.6338,12.4050,27.0013,13.1211,13.1196,13.1179,,,17.3474,18.2889,62.2547,68.4112,36.4297
2023-03-02,23.2533,40.4323,12.0285,45.1236,12.2569,26.6600,12.9295,12.9280,12.9263,,,17.3454,18.1510,61.2602,67.3757,35.9680
2023-03-01,23.2246,40.3076,11.9881,44.9587,12.2092,26.5492,12.8614,12.8599,12.8582,,,17.3435,18.2054,60.7903,67.0574,35.8888
2023-02-28,23.2377,40.3499,12.0021,45.0152,12.2255,26.5860,12.8765,12.8751,12.8734,,,17.3418,18.3132,61.0749,67.0764,35.7603
2023-02-27,23.2542,40.4276,12.0275,45.1192,12.2557,26.6561,12.9184,12.9170,12.9153,,,17.3401,18.3009,61.2552,67.0634,35.9464
2023-02-24,23.2123,40.2708,11.9766,44.9128,12.1960,26.5185,12.8401,12.8387,12.8370,,,17.3349,18.2678,61.0600,66.8523,35.5315
2023-02-23,23.2873,40.5791,12.0775,45.3242,12.3156,26.7947,12.9962,12.9948,12.9931,,,17.3332,18.3706,61.7076,67.5626,36.0756
2023-02-22,23.2589,40.4735,12.0431,45.1845,12.2751,26.7017,12.9455,12.9441,12.9424,,,17.3315,18.3092,61.3759,67.2404,36.0234
2023-02-21,23.2675,40.5222,12.0590,45.2497,12.2940,26.7459,12.9741,12.9727,12.9710,,,17.3298,18.2692,61.4713,66.9527,36.2348
2023-02-17,23.3684,40.9522,12.2004,45.8283,12.4629,27.1368,13.1949,13.1935,13.1919,,,17.3228,18.4325,62.7279,68.8575,36.5235
2023-02-16,23.3733,40.9860,12.2115,45.8747,12.4765,27.1691,13.2166,13.2152,13.2135,,,17.3211,18.3932,62.8906,69.1651,36.4957
2023-02-15,23.4304,41.2257,12.2901,46.1957,12.5700,27.3853,13.3399,13.3385,13.3369,,,17.3194,18.4625,63.7643,69.9996,36.5624
2023-02-14,23.4212,41.1836,12.2763,46.1386,12.5530,27.3454,13.3141,13.3127,13.3111,,,17.3177,18.5002,63.5717,68.9504,36.7447
2023-02-13,23.4188,41.1668,12.2709,46.1162,12.5465,27.3294,13.3007,13.2993,13.2978,,,17.3160,18.5665,63.5815,68.6076,36.7024
2023-02-10,23.3500,40.8954,12.1825,45.7565,12.4421,27.0883,13.1621,13.1608,13.1592,,,17.3108,18.5202,62.8525,67.8085,36.3856
2023-02-09,23.3619,40.9393,12.1972,45.8165,12.4597,27.1288,13.1812,13.1799,13.1783,,,17.3091,18.6010,62.7026,67.9793,36.6237
2023-02-08,23.3944,41.0745,12.2417,45.9987,12.5130,27.2521,13.2497,13.2484,13.2469,,,17.3074,18.6710,63.2515,68.9518,36.5007
2023-02-07,23.4406,41.2848,12.3105,46.2809,12.5952,27.4434,13.3646,13.3633,13.3618,,,17.3057,18.6361,63.9582,69.7996,36.6418
2023-02-06,23.3800,41.0241,12.2255,45.9332,12.4942,27.2088,13.2248,13.2235,13.2220,,,17.3040,18.6657,63.1439,69.0927,36.3636
2023-02-03,23.4339,41.2549,12.3017,46.2456,12.5856,27.4205,13.3425,13.3413,13.3398,,,17.2988,18.7903,63.5291,69.9542,36.7896
2023-02-02,23.5046,41.5410,12.3956,46.6293,12.6974,27.6787,13.4855,13.4843,13.4829,,,17.2971,18.9411,64.1910,70.8659,37.1723
2023-02-01,23.4386,41.2639,12.3051,46.2591,12.5896,27.4288,13.3394,13.3382,13.3368,,,17.2954,18.9280,63.2578,69.4009,37.1139
2023-01-31,23.3661,40.9794,12.2120,45.8799,12.4792,27.1741,13.1978,13.1966,13.1952,,,17.2935,18.7991,62.6030,68.1902,36.8039
2023-01-30,23.2898,40.6679,12.1100,45.4636,12.3580,26.8934,13.0371,13.0358,13.0344,,,17.2917,18.7300,61.6984,66.6023,36.6336
2023-01-27,23.3499,40.9362,12.1983,45.8251,12.4635,27.1382,13.1782,13.1770,13.1756,,,17.2859,18.7842,62.5031,67.6445,36.8512
2023-01-26,23.3385,40.8907,12.1835,45.7646,12.4458,27.0971,13.1536,13.1524,13.1510,,,17.2841,18.7937,62.3466,67.0875,36.9121
2023-01-25,23.2968,40.7113,12.1251,45.5262,12.3766,26.9364,13.0569,13.0557,13.0543,,,17.2822,18.8362,61.6635,66.3900,36.8717
2023-01-24,23.2827,40.6614,12.1088,45.4604,12.3575,26.8926,13.0331,13.0319,13.0305,,,17.2803,18.8066,61.6741,66.2775,36.6958
2023-01-23,23.2773,40.6588,12.1080,45.4586,12.3572,26.8930,13.0386,13.0373,13.0359,,,17.2784,18.7239,61.7172,66.6060,36.6308
2023-01-20,23.2211,40.4304,12.0339,45.1569,12.2697,26.6904,12.9181,12.9169,12.9155,,,17.2727,18.7669,60.9921,65.5491,36.5188
2023-01-19,23.1352,40.0561,11.9120,44.6589,12.1250,26.3545,12.7166,12.7155,12.7141,,,17.2709,18.8541,59.8582,64.1668,36.1722
2023-01-18,23.1775,40.2363,11.9711,44.9004,12.1955,26.5176,12.8098,12.8086,12.8073,,,17.2690,18.8993,60.3111,64.9470,36.3616
2023-01-17,23.2219,40.4619,12.0446,45.2024,12.2833,26.7232,12.9414,12.9402,12.9388,,,17.2671,18.7182,61.2654,65.8848,36.4033
2023-01-13,23.2152,40.4536,12.0424,45.1947,12.2814,26.7190,12.9383,12.9371,12.9357,,,17.2595,18.7406,61.3899,65.8056,36.2888
2023-01-12,23.1890,40.3378,12.0048,45.0412,12.2368,26.6152,12.8740,12.8728,12.8714,,,17.2576,18.8029,61.1434,65.4094,36.0676
2023-01-11,23.1289,40.1102,11.9304,44.7386,12.1488,26.4127,12.7638,12.7626,12.7612,,,17.2557,18.6666,60.9279,64.5760,35.5535
2023-01-10,23.0574,39.8310,11.8393,44.3685,12.0414,26.1654,12.6261,12.6249,12.6234,,,17.2539,18.5559,60.1532,63.5930,35.3280
2023-01-09,23.0314,39.7134,11.8012,44.2125,11.9961,26.0597,12.5600,12.5588,12.5574,,,17.2520,18.6338,59.7362,62.8115,35.3242
2023-01-06,23.0043,39.6266,11.7731,44.0996,11.9635,25.9853,12.5205,12.5193,12.5178,,,17.2463,18.5763,59.7718,62.5154,35.0441
2023-01-05,22.8607,39.0603,11.5886,43.3501,11.7463,25.4852,12.2407,12.2395,12.2379,,,17.2444,18.3808,58.4370,61.2283,34.2187
2023-01-04,22.9224,39.3225,11.6741,43.6986,11.8475,25.7190,12.3760,12.3747,12.3732,,,17.2425,18.3977,59.1156,62.0623,34.5438
2023-01-03,22.8557,39.0628,11.5894,43.3547,11.7477,25.4893,12.2479,12.2466,12.2450,,,17.2407,18.3031,58.6704,61.1436,34.1009
2022-12-30,22.8507,39.0754,11.5938,43.3747,11.7539,25.5049,12.2631,12.2618,12.2602,,,17.2352,18.2074,58.9043,61.5305,33.9422
2022-12-29,22.8745,39.1746,11.6264,43.5073,11.7924,25.5935,12.3106,12.3092,12.3077,,,17.2316,18.2819,59.0510,61.6545,34.1698
2022-12-28,22.7722,38.7567,11.4903,42.9538,11.6319,25.2230,12.0991,12.0978,12.0962,,,17.2299,18.2129,58.0309,60.1184,33.6813
2022-12-27,22.8340,39.0189,11.5759,43.3022,11.7330,25.4567,12.2332,12.2319,12.2303,,,17.2281,18.2486,58.7373,60.9983,33.9634
2022-12-23,22.8496,39.0902,11.5997,43.4003,11.7618,25.5229,12.2659,12.2646,12.2631,,,17.2208,18.3588,58.9717,61.3898,33.9379
2022-12-22,22.8277,38.9924,11.5681,43.2714,11.7246,25.4364,12.2119,12.2107,12.2092,,,17.2191,18.4230,58.6264,61.1795,33.8405
2022-12-21,22.8965,39.2864,11.6639,43.6616,11.8377,25.6979,12.3631,12.3618,12.3603,,,17.2174,18.4397,59.4866,62.0709,34.1285
2022-12-20,22.8182,38.9658,11.5597,43.2379,11.7150,25.4147,12.2007,12.1995,12.1980,,,17.2157,18.4059,58.6079,61.0676,33.7920
2022-12-19,22.8070,38.9039,11.5397,43.1558,11.6911,25.3584,12.1612,12.1601,12.1586,,,17.2139,18.5246,58.5453,60.7610,33.5960
2022-12-16,22.8518,39.0949,11.6025,43.4125,11.7660,25.5313,12.2560,12.2548,12.2535,,,17.2085,18.6354,59.0738,61.7387,33.6905
2022-12-15,22.9092,39.3393,11.6824,43.7384,11.8607,25.7502,12.3815,12.3803,12.3790,,,17.2068,18.6803,59.7361,62.3336,34.0056
2022-12-14,23.0489,39.9487,11.8814,44.5511,12.0969,26.2976,12.7029,12.7017,12.7003,,,17.2050,18.6679,61.2594,64.0441,34.9166
2022-12-13,23.0643,40.0286,11.9075,44.6582,12.1280,26.3703,12.7487,12.7475,12.7460,,,17.2033,18.6154,61.6206,64.3391,34.9193
2022-12-12,22.9958,39.7629,11.8208,44.3062,12.0260,26.1355,12.6193,12.6181,12.6166,,,17.2016,18.4880,61.1730,63.7892,34.3886
2022-12-09,22.9361,39.5251,11.7437,43.9928,11.9353,25.9260,12.4975,12.4962,12.4948,,,17.1961,18.4886,60.3110,62.8607,34.3379
2022-12-08,22.9665,39.6424,11.7822,44.1495,11.9809,26.0307,12.5520,12.5508,12.5494,,,17.1942,18.6026,60.7556,63.4879,34.2620
2022-12-07,22.9309,39.4871,11.7318,43.9437,11.9212,25.8922,12.4682,12.4671,12.4657,,,17.1924,18.6545,60.2930,62.9026,34.1081
2022-12-06,22.9268,39.5015,11.7364,43.9643,11.9273,25.9081,12.4870,12.4858,12.4843,,,17.1906,18.5002,60.4043,63.0687,34.1327
2022-12-05,22.9812,39.7541,11.8189,44.3024,12.0257,26.1370,12.6256,12.6243,12.6228,,,17.1888,18.4324,61.2851,64.0984,34.2837
2022-12-02,23.0868,40.2062,11.9673,44.9092,12.2026,26.5465,12.8579,12.8567,12.8552,,,17.1833,18.5728,62.4016,66.0443,34.7731
2022-12-01,23.0851,40.2150,11.9701,44.9216,12.2063,26.5557,12.8672,12.8660,12.8645,,,17.1814,18.5106,62.4711,65.9373,34.8147
2022-11-30,23.0578,40.1358,11.9442,44.8177,12.1762,26.4880,12.8389,12.8376,12.8360,,,17.1794,18.3266,62.5151,65.8450,34.5826
2022-11-29,22.8919,39.4521,11.7213,43.9107,11.9132,25.8806,12.4910,12.4896,12.4880,,,17.1774,18.2149,60.6218,63.8786,33.8213
2022-11-28,22.8907,39.4410,11.7179,43.8963,11.9090,25.8702,12.4807,12.4794,12.4779,,,17.1755,18.2852,60.7129,63.7509,33.6941
2022-11-25,22.9746,39.8176,11.8412,44.4009,12.0559,26.2109,12.6795,12.6782,12.6766,,,17.1694,18.3075,61.6648,65.0050,34.2066
2022-11-23,22.9563,39.7561,11.8214,44.3207,12.0327,26.1578,12.6502,12.6489,12.6473,,,17.1654,18.2834,61.6805,64.8268,34.0065
2022-11-22,22.9019,39.5471,11.7533,44.0447,11.9528,25.9740,12.5489,12.5475,12.5459,,,17.1634,18.1863,61.3147,64.4506,33.5971
2022-11-21,22.8170,39.2055,11.6420,43.5923,11.8216,25.6716,12.3775,12.3761,12.3745,,,17.1614,18.1002,60.4918,63.6048,33.1085
2022-11-18,22.8447,39.3439,11.6876,43.7796,11.8764,25.7989,12.4525,12.4512,12.4495,,,17.1554,18.0990,60.7210,64.1105,33.3993
2022-11-17,22.8221,39.2494,11.6570,43.6550,11.8404,25.7155,12.4025,12.4011,12.3995,,,17.1534,18.1246,60.4314,63.8540,33.2965
2022-11-16,22.8448,39.3401,11.6869,43.7773,11.8761,25.7980,12.4459,12.4446,12.4430,,,17.1514,18.2077,60.6063,64.5191,33.3519
2022-11-15,22.8840,39.5347,11.7505,44.0388,11.9526,25.9766,12.5573,12.5559,12.5543,,,17.1495,18.0973,61.0963,65.9110,33.5329
2022-11-14,22.8203,39.2880,11.6700,43.7115,11.8575,25.7576,12.4366,12.4352,12.4335,,,17.1475,17.9798,60.5637,64.7668,33.2673
2022-11-10,22.7920,39.1894,11.6385,43.5851,11.8213,25.6744,12.3872,12.3858,12.3841,,,17.1394,18.0119,60.5353,64.7361,32.9163
2022-11-09,22.4587,37.8502,11.2027,41.8154,11.3087,24.4938,11.7214,11.7199,11.7182,,,17.1374,17.6635,57.3544,60.5701,31.1919
2022-11-08,22.5610,38.2915,11.3463,42.4001,11.4782,24.8858,11.9510,11.9495,11.9477,,,17.1354,17.6370,58.5588,62.2650,31.6532
2022-11-07,22.5158,38.1215,11.2911,42.1773,11.4139,24.7384,11.8701,11.8685,11.8668,,,17.1335,17.5612,58.2328,62.0588,31.3354
2022-11-04,22.4699,37.9417,11.2333,41.9437,11.3468,24.5838,11.7785,11.7770,11.7752,,,17.1274,17.6092,57.6778,61.6751,31.1473
2022-11-03,22.3510,37.4522,11.0747,41.3005,11.1611,24.1558,11.5305,11.5291,11.5273,,,17.1255,17.6168,56.8915,61.2736,29.9672
2022-11-02,22.4055,37.6743,11.1470,41.5941,11.2460,24.3512,11.6398,11.6383,11.6366,,,17.1235,17.6916,57.4928,61.6402,30.2527
2022-11-01,22.5265,38.1867,11.3139,42.2731,11.4429,24.8061,11.9033,11.9018,11.9001,,,17.1215,17.7097,58.9672,63.7743,30.6840
2022-10-31,22.5144,38.1467,11.3008,42.2202,11.4274,24.7707,11.8849,11.8834,11.8817,,,17.1196,17.6733,59.2098,63.5610,30.4105
2022-10-28,22.5541,38.3176,11.3567,42.4476,11.4933,24.9224,11.9690,11.9675,11.9658,,,17.1139,17.7475,59.6513,63.7366,30.6677
2022-10-27,22.4594,37.9200,11.2278,41.9241,11.3421,24.5732,11.7640,11.7626,11.7610,,,17.1121,17.7891,58.2115,62.5983,30.4535
2022-10-26,22.4840,38.0438,11.2679,42.0879,11.3894,24.6833,11.8336,11.8321,11.8304,,,17.1102,17.6964,58.5670,62.5404,30.7174
2022-10-25,22.4789,38.0419,11.2672,42.0856,11.3886,24.6821,11.8381,11.8366,11.8348,,,17.1083,17.6097,59.0023,62.5420,30.4294
2022-10-24,22.3560,37.5629,11.1115,41.4548,11.2060,24.2625,11.6050,11.6035,11.6017,,,17.1064,17.4427,58.0579,60.7220,29.7725
2022-10-21,22.3141,37.4056,11.0611,41.2519,11.1480,24.1294,11.5278,11.5263,11.5245,,,17.1007,17.4602,57.3764,60.5499,29.7450
2022-10-20,22.1998,36.9407,10.9106,40.6423,10.9721,23.7247,11.2950,11.2935,11.2918,,,17.0988,17.4517,56.0461,59.4189,29.2381
2022-10-19,22.2362,37.0802,10.9561,40.8267,11.0255,23.8469,11.3597,11.3583,11.3566,,,17.0970,17.5584,56.4892,59.9834,29.2711
2022-10-18,22.3039,37.3440,11.0421,41.1754,11.1266,24.0792,11.4857,11.4843,11.4827,,,17.0951,17.7032,56.8691,61.1579,29.6876
2022-10-17,22.2428,37.1049,10.9648,40.8627,11.0364,23.8720,11.3689,11.3675,11.3658,,,17.0932,17.6668,56.2251,60.2922,29.4768
2022-10-14,22.0934,36.5073,10.7714,40.0795,10.8103,23.3516,11.0706,11.0692,11.0676,,,17.0875,17.6476,54.7749,58.3616,28.7325
2022-10-13,22.2111,36.9840,10.9259,40.7053,10.9910,23.7670,11.3052,11.3038,11.3022,,,17.0856,17.7194,56.1001,60.0208,29.1486
2022-10-12,22.0952,36.5017,10.7702,40.0747,10.8094,23.3486,11.0605,11.0591,11.0576,,,17.0838,17.8056,54.6742,58.9745,28.6080
2022-10-11,22.1113,36.5768,10.7946,40.1740,10.8381,23.4151,11.0999,11.0986,11.0970,,,17.0819,17.7867,54.8534,59.0842,28.7453
2022-10-07,22.1848,36.8942,10.8981,40.5956,10.9604,23.6970,11.2594,11.2580,11.2565,,,17.0743,17.8581,55.6287,60.0168,29.1623
2022-10-06,22.3191,37.4496,11.0788,41.3294,11.1728,24.1868,11.5387,11.5374,11.5358,,,17.0724,17.9345,57.2292,62.0012,29.6408
2022-10-05,22.3877,37.7306,11.1702,41.7005,11.2802,24.4338,11.6779,11.6767,11.6751,,,17.0705,18.0032,57.8065,62.3182,30.1799
2022-10-04,22.4229,37.8663,11.2145,41.8798,11.3321,24.5529,11.7412,11.7400,11.7385,,,17.0687,18.1021,57.9178,62.6389,30.5019
2022-10-03,22.2228,37.0581,10.9527,40.8197,11.0260,23.8486,11.3398,11.3386,11.3372,,,17.0668,18.0522,56.1926,60.0482,29.3287
2022-09-30,22.0772,36.4981,10.7714,40.0872,10.8148,23.3641,11.0702,11.0689,11.0674,,,17.0620,17.8995,54.7748,58.5313,28.6939
2022-09-29,22.1314,36.7195,10.8433,40.3779,10.8986,23.5564,11.1780,11.1768,11.1753,,,17.0604,17.9544,55.6098,58.8904,28.7989
2022-09-28,22.2336,37.1344,10.9778,40.9227,11.0560,23.9182,11.3812,11.3799,11.3785,,,17.0588,18.0426,56.8013,60.2846,29.1364
2022-09-27,22.1000,36.6259,10.8128,40.2559,10.8632,23.4766,11.1421,11.1408,11.1393,,,17.0572,17.7774,55.7020,58.5006,28.5485
2022-09-26,22.1116,36.6665,10.8260,40.3087,10.8783,23.5107,11.1578,11.1565,11.1550,,,17.0556,17.8489,55.8168,58.2086,28.6372
2022-09-23,22.1919,36.9824,10.9292,40.7271,10.9997,23.7890,11.3060,11.3048,11.3033,,,17.0509,18.0812,56.4001,59.1592,29.1064
2022-09-22,22.3140,37.4966,11.0965,41.4069,11.1967,24.2434,11.5664,11.5652,11.5638,,,17.0493,18.1252,57.3879,60.5123,30.0328
2022-09-21,22.3766,37.7365,11.1751,41.7264,11.2898,24.4573,11.6790,11.6778,11.6765,,,17.0477,18.3305,57.8732,62.0848,30.1866
2022-09-20,22.4545,38.0845,11.2883,42.1880,11.4236,24.7672,11.8629,11.8618,11.8603,,,17.0461,18.2668,58.8771,63.0540,30.6100
2022-09-19,22.5301,38.4009,11.3915,42.6079,11.5456,25.0486,12.0225,12.0213,12.0199,,,17.0445,18.3365,59.5478,64.1245,31.0793
2022-09-16,22.4980,38.2737,11.3505,42.4415,11.4975,24.9376,11.9565,11.9554,11.9540,,,17.0397,18.3680,59.1415,63.6260,30.9923
2022-09-15,22.5404,38.4604,11.4116,42.6914,11.5704,25.1066,12.0544,12.0533,12.0519,,,17.0382,18.3809,59.5685,64.7815,31.1705
2022-09-14,22.5948,38.6893,11.4862,42.9949,11.6584,25.3095,12.1696,12.1684,12.1670,,,17.0366,18.4325,60.2443,65.2453,31.4258
2022-09-13,22.5779,38.6222,11.4644,42.9062,11.6327,25.2502,12.1354,12.1342,12.1329,,,17.0350,18.4258,60.0244,65.0105,31.3830
2022-09-12,22.7988,39.5678,11.7729,44.1640,11.9979,26.0949,12.6238,12.6227,12.6213,,,17.0334,18.5170,62.7347,67.6917,32.4496
2022-09-09,22.7263,39.2679,11.6755,43.7680,11.8832,25.8297,12.4685,12.4673,12.4660,,,17.0286,18.5379,62.0774,66.9162,31.9426
2022-09-08,22.6263,38.8412,11.5366,43.2018,11.7188,25.4494,12.2466,12.2455,12.2442,,,17.0270,18.5470,61.1380,65.5009,31.2802
2022-09-07,22.5962,38.7080,11.4933,43.0251,11.6675,25.3302,12.1744,12.1734,12.1721,,,17.0255,18.6011,60.7296,64.7347,31.2021
2022-09-06,22.5074,38.3497,11.3766,42.5508,11.5299,25.0131,11.9962,11.9951,11.9938,,,17.0239,18.4976,59.6343,63.2692,30.9943
2022-09-02,22.5419,38.4912,11.4233,42.7415,11.5856,25.1410,12.0616,12.0605,12.0593,,,17.0175,18.6645,59.8765,63.7856,31.1915
2022-09-01,22.5686,38.6225,11.4660,42.9161,11.6362,25.2587,12.1343,12.1333,12.1320,,,17.0159,18.5920,60.5218,64.1717,31.1712
2022-08-31,22.6043,38.7643,11.5128,43.1069,11.6922,25.3878,12.2033,12.2023,12.2010,,,17.0146,18.7048,60.3305,64.9703,31.6695
2022-08-30,22.6483,38.9465,11.5723,43.3494,11.7626,25.5501,12.2938,12.2928,12.2916,,,17.0132,18.7783,60.7936,65.3670,31.9151
2022-08-29,22.6947,39.1521,11.6395,43.6239,11.8424,25.7352,12.4021,12.4011,12.3999,,,17.0119,18.7771,61.4668,66.1821,32.0533
2022-08-26,22.7276,39.2965,11.6871,43.8188,11.8994,25.8670,12.4749,12.4739,12.4728,,,17.0079,18.8595,61.8768,66.7993,32.1637
2022-08-25,22.8958,40.0321,11.9274,44.8001,12.1848,26.5283,12.8619,12.8609,12.8597,,,17.0065,18.8707,64.0322,69.0748,32.9739
2022-08-24,22.8158,39.7034,11.8200,44.3625,12.0575,26.2342,12.6955,12.6945,12.6932,,,17.0052,18.7754,63.1409,67.8453,32.6514
2022-08-23,22.8016,39.6362,11.7981,44.2725,12.0312,26.1726,12.6563,12.6553,12.6541,,,17.0039,18.8290,62.9561,67.2573,32.6145
2022-08-22,22.8073,39.6615,11.8064,44.3064,12.0410,26.1952,12.6685,12.6675,12.6663,,,17.0025,18.8485,63.0968,67.1784,32.6154
2022-08-19,22.9159,40.1413,11.9638,44.9506,12.2288,26.6308,12.9205,12.9195,12.9184,,,16.9985,18.9264,64.4698,68.6861,33.1607
2022-08-18,23.0000,40.4990,12.0812,45.4309,12.3691,26.9557,13.1050,13.1040,13.1029,,,16.9972,19.0430,65.3098,70.2410,33.5909
2022-08-17,22.9927,40.4744,12.0732,45.3985,12.3597,26.9341,13.0937,13.0927,13.0916,,,16.9958,19.0197,65.1522,69.9160,33.6898
2022-08-16,23.0460,40.6992,12.1472,45.7016,12.4484,27.1396,13.2088,13.2078,13.2067,,,16.9945,19.1228,65.6153,71.1698,33.9481
2022-08-15,23.0405,40.6771,12.1401,45.6727,12.4401,27.1204,13.1966,13.1957,13.1946,,,16.9932,19.1382,65.4890,71.1147,33.9635
2022-08-12,23.0316,40.6590,12.1345,45.6510,12.4340,27.1072,13.1919,13.1910,13.1899,,,16.9891,19.0950,65.2281,70.9531,34.1614
2022-08-11,22.9508,40.3196,12.0234,45.1977,12.3021,26.8018,13.0166,13.0157,13.0145,,,16.9878,19.0252,64.1097,69.6563,33.9599
2022-08-10,22.9567,40.3342,12.0284,45.2174,12.3078,26.8143,13.0186,13.0177,13.0166,,,16.9865,19.1183,64.1376,69.6388,33.9548
2022-08-09,22.8287,39.7814,11.8476,44.4783,12.0925,26.3149,12.7276,12.7267,12.7256,,,16.9851,19.0890,62.7984,67.3873,33.2421
2022-08-08,22.8622,39.9272,11.8956,44.6752,12.1502,26.4490,12.8038,12.8029,12.8018,,,16.9838,19.1334,63.0627,68.4783,33.3922
2022-08-05,22.8458,39.8811,11.8806,44.6147,12.1325,26.4087,12.7855,12.7846,12.7835,,,16.9798,19.0480,63.1397,67.9286,33.3097
2022-08-04,22.8723,39.9662,11.9086,44.7268,12.1649,26.4815,12.8160,12.8152,12.8142,,,16.9784,19.2536,63.2345,67.4297,33.5641
2022-08-03,22.8599,39.9240,11.8948,44.6715,12.1489,26.4450,12.7975,12.7966,12.7956,,,16.9771,19.2093,63.2780,67.5282,33.3706
2022-08-02,22.7863,39.6199,11.7954,44.2664,12.0311,26.1728,12.6430,12.6421,12.6410,,,16.9758,19.1275,62.3032,66.4064,33.1859
2022-08-01,22.8477,39.8568,11.8730,44.5813,12.1225,26.3824,12.7533,12.7525,12.7515,,,16.9745,19.3403,62.7209,66.3715,33.7045
2022-07-29,22.8428,39.8555,11.8725,44.5802,12.1221,26.3825,12.7590,12.7582,12.7572,,,16.9730,19.2445,62.8983,66.3523,33.6170
2022-07-28,22.7669,39.5444,11.7714,44.1689,12.0030,26.1074,12.5998,12.5990,12.5980,,,16.9687,19.2283,62.0106,65.7085,33.2278
2022-07-27,22.6971,39.2686,11.6815,43.8037,11.8970,25.8635,12.4651,12.4643,12.4632,,,16.9672,19.1041,61.2598,64.7780,32.9825
2022-07-26,22.5653,38.7113,11.4998,43.0636,11.6822,25.3669,12.1785,12.1776,12.1766,,,16.9658,19.0604,59.6981,63.1289,32.3567
2022-07-25,22.6278,38.9847,11.5891,43.4280,11.7882,25.6122,12.3210,12.3201,12.3191,,,16.9644,19.0675,60.3947,64.0182,32.7163
2022-07-22,22.6127,38.9251,11.5700,43.3506,11.7659,25.5604,12.2881,12.2872,12.2862,,,16.9601,19.1208,60.3154,63.8659,32.5577
2022-07-21,22.6444,39.0917,11.6243,43.5744,11.8312,25.7135,12.3861,12.3852,12.3841,,,16.9586,18.9726,60.8828,65.0423,32.6239
2022-07-20,22.5801,38.8446,11.5438,43.2479,11.7366,25.4964,12.2684,12.2675,12.2663,,,16.9572,18.8225,60.2830,64.5851,32.2918
2022-07-19,22.5573,38.7490,11.5126,43.1201,11.6992,25.4095,12.2178,12.2168,12.2157,,,16.9558,18.8280,59.9288,63.3739,32.4377
2022-07-18,22.4114,38.1234,11.3090,42.2915,11.4589,24.8537,11.8933,11.8923,11.8913,,,16.9544,18.8716,58.3154,61.3834,31.6326
2022-07-15,22.4229,38.1804,11.3278,42.3677,11.4810,24.9045,11.9213,11.9204,11.9193,,,16.9500,18.8997,58.8073,61.4532,31.4500
2022-07-14,22.3198,37.7564,11.1898,41.8074,11.3186,24.5302,11.7083,11.7074,11.7063,,,16.9486,18.8373,57.6993,60.1433,30.9630
2022-07-13,22.3627,37.9353,11.2484,42.0460,11.3882,24.6908,11.7981,11.7972,11.7961,,,16.9472,18.8991,57.8654,60.9474,31.3491
2022-07-12,22.3775,38.0099,11.2726,42.1453,11.4169,24.7576,11.8395,11.8386,11.8375,,,16.9458,18.8536,58.1235,61.0780,31.4386
2022-07-11,22.4037,38.1309,11.3120,42.3060,11.4635,24.8656,11.9041,11.9031,11.9020,,,16.9444,18.8233,58.6647,61.4069,31.4423
2022-07-08,22.4678,38.4358,11.4116,42.7139,11.5823,25.1418,12.0702,12.0692,12.0681,,,16.9400,18.7327,59.3476,62.6109,31.9290
2022-07-07,22.4694,38.4372,11.4123,42.7165,11.5832,25.1434,12.0677,12.0668,12.0656,,,16.9386,18.7965,59.3923,62.7762,31.8392
2022-07-06,22.3846,38.0704,11.2929,42.2300,11.4419,24.8163,11.8754,11.8745,11.8734,,,16.9372,18.8485,58.5100,61.2171,31.3832
2022-07-05,22.3852,38.0606,11.2902,42.2190,11.4391,24.8094,11.8651,11.8642,11.8632,,,16.9358,18.9662,58.3001,61.7314,31.3561
2022-07-01,22.3985,38.1436,11.3173,42.3304,11.4714,24.8845,11.9123,11.9114,11.9104,,,16.9300,18.9074,58.1977,61.0308,31.9617
2022-06-30,22.3496,37.9593,11.2572,42.0869,11.4007,24.7224,11.8255,11.8246,11.8234,,,16.9286,18.7805,57.5893,60.1436,31.9692
2022-06-29,22.3896,38.1500,11.3194,42.3411,11.4747,24.8943,11.9299,11.9289,11.9278,,,16.9272,18.7039,58.0883,60.8991,32.2201
2022-06-28,22.3995,38.2170,11.3414,42.4327,11.5016,24.9583,11.9736,11.9726,11.9714,,,16.9258,18.5967,58.1231,61.5128,32.4011
2022-06-27,22.4757,38.5536,11.4511,42.8803,11.6316,25.2591,12.1492,12.1482,12.1470,,,16.9244,18.5924,59.3180,62.7862,32.5400
2022-06-24,22.4873,38.6057,11.4684,42.9507,11.6521,25.3061,12.1731,12.1721,12.1709,,,16.9202,18.6585,59.4928,62.8538,32.5702
2022-06-23,22.3283,37.9208,11.2457,42.0449,11.3896,24.6996,11.8195,11.8186,11.8174,,,16.9188,18.7014,57.7270,60.7545,31.6874
2022-06-22,22.2900,37.7709,11.1969,41.8465,11.3320,24.5668,11.7466,11.7456,11.7444,,,16.9175,18.6317,57.1799,59.7273,31.7867
2022-06-21,22.2940,37.8175,11.2120,41.9094,11.3502,24.6106,11.7806,11.7796,11.7783,,,16.9161,18.4767,57.2529,59.8003,31.9824
2022-06-17,22.1865,37.3676,11.0664,41.3192,11.1800,24.2179,11.5506,11.5496,11.5484,,,16.9104,18.5454,55.8824,58.8459,31.4971
2022-06-16,22.1819,37.3510,11.0609,41.2960,11.1728,24.2010,11.5410,11.5400,11.5388,,,16.9091,18.5406,55.7585,57.9256,31.7257
2022-06-15,22.3370,38.0299,11.2819,42.1965,11.4343,24.8059,11.8943,11.8933,11.8920,,,16.9077,18.4974,57.6268,60.9049,32.3304
2022-06-14,22.2347,37.6271,11.1507,41.6649,11.2803,24.4521,11.7004,11.6993,11.6980,,,16.9063,18.3005,56.7962,59.8312,31.7231
2022-06-13,22.2697,37.7652,11.1960,41.8486,11.3336,24.5746,11.7654,11.7644,11.7631,,,16.9049,18.4131,56.9910,60.0195,32.0306
2022-06-10,22.4903,38.7021,11.5027,43.1007,11.6984,25.4179,12.2420,12.2410,12.2398,,,16.9007,18.7146,59.2895,63.3804,33.1670
2022-06-09,22.6450,39.3679,11.7208,43.9914,11.9579,26.0186,12.5862,12.5853,12.5841,,,16.8993,18.8678,61.0648,65.4936,33.9659
2022-06-08,22.7689,39.9231,11.9026,44.7359,12.1748,26.5225,12.8824,12.8815,12.8804,,,16.8979,18.8810,62.5482,67.1999,34.7167
2022-06-07,22.8345,40.2102,11.9967,45.1207,12.2870,26.7825,13.0322,13.0313,13.0302,,,16.8965,18.9368,63.2282,68.0360,35.1567
2022-06-06,22.7878,40.0158,11.9331,44.8609,12.2113,26.6072,12.9326,12.9316,12.9305,,,16.8951,18.8812,62.6296,67.0526,35.0752
2022-06-03,22.7717,39.9383,11.9081,44.7585,12.1816,26.5375,12.8846,12.8837,12.8826,,,16.8909,18.9998,62.4331,66.8090,34.9084
2022-06-02,22.8540,40.3025,12.0272,45.2454,12.3233,26.8658,13.0758,13.0749,13.0739,,,16.8895,19.0289,63.4662,67.7078,35.3755
2022-06-01,22.7440,39.8222,11.8701,44.6027,12.1359,26.4311,12.8221,12.8212,12.8202,,,16.8881,19.0073,62.3072,65.7420,34.7558
2022-05-26,22.7139,39.6951,11.8294,44.4375,12.0885,26.3208,12.7499,12.7491,12.7482,,,16.8797,19.1524,61.6252,65.3406,34.8302
2022-05-25,22.6163,39.2730,11.6917,43.8752,11.9249,25.9420,12.5294,12.5286,12.5276,,,16.8784,19.1400,60.4217,63.7477,34.4312
2022-05-24,22.5706,39.0847,11.6300,43.6231,11.8513,25.7714,12.4333,12.4325,12.4315,,,16.8770,19.0763,59.8551,62.3455,34.4516
2022-05-23,22.6037,39.2599,11.6874,43.8601,11.9207,25.9344,12.5368,12.5359,12.5348,,,16.8757,18.9370,60.3446,63.8646,34.5341
2022-05-20,22.5130,38.8666,11.5596,43.3398,11.7701,25.5858,12.3294,12.3286,12.3276,,,16.8715,19.0127,59.2382,63.2517,33.9360
2022-05-19,22.4943,38.8006,11.5381,43.2533,11.7451,25.5287,12.3000,12.2991,12.2981,,,16.8702,18.9486,59.2289,63.3279,33.6967
2022-05-18,22.4887,38.7850,11.5328,43.2314,11.7384,25.5130,12.2932,12.2924,12.2913,,,16.8688,18.9077,59.5705,62.8981,33.4677
2022-05-17,22.6638,39.5698,11.7890,44.2777,12.0425,26.2183,12.7102,12.7093,12.7081,,,16.8675,18.8321,62.0640,65.3946,34.1818
2022-05-16,22.5591,39.0951,11.6340,43.6438,11.8580,25.7895,12.4530,12.4521,12.4510,,,16.8661,18.9392,60.8333,63.5527,33.5600
2022-05-13,22.5691,39.1605,11.6558,43.7344,11.8848,25.8527,12.4925,12.4916,12.4905,,,16.8620,18.8997,61.0708,64.3532,33.5037
2022-05-12,22.4302,38.5457,11.4552,42.9151,11.6464,25.2998,12.1662,12.1654,12.1644,,,16.8606,18.9728,59.6403,61.8231,32.6619
2022-05-11,22.4268,38.5374,11.4523,42.9026,11.6423,25.2901,12.1622,12.1614,12.1603,,,16.8593,18.9435,59.6964,60.9568,32.7775
2022-05-10,22.4918,38.8412,11.5515,43.3092,11.7608,25.5657,12.3281,12.3272,12.3261,,,16.8579,18.8625,60.6936,62.5908,32.9225
2022-05-09,22.4696,38.7563,11.5239,43.1973,11.7284,25.4914,12.2874,12.2865,12.2854,,,16.8566,18.8152,60.5448,62.6524,32.7154
2022-05-06,22.6356,39.5243,11.7756,44.2296,12.0298,26.1927,12.7057,12.7047,12.7035,,,16.8524,18.7320,62.5443,65.9830,33.6609
2022-05-05,22.6913,39.7696,11.8564,44.5619,12.1274,26.4196,12.8356,12.8347,12.8335,,,16.8511,18.8048,62.8922,67.4491,34.0766
2022-05-04,22.8893,40.6319,12.1390,45.7180,12.4646,27.2014,13.2874,13.2865,13.2854,,,16.8497,18.9555,65.2099,70.6061,35.0620
2022-05-03,22.7500,40.0344,11.9436,44.9201,12.2324,26.6638,12.9768,12.9759,12.9747,,,16.8484,18.8602,63.3185,68.7905,34.5440
2022-05-02,22.7172,39.8992,11.8995,44.7403,12.1802,26.5431,12.9080,12.9071,12.9059,,,16.8470,18.8255,63.0136,68.5319,34.3100
2022-04-29,22.7054,39.8339,11.8783,44.6523,12.1544,26.4819,12.8650,12.8641,12.8631,,,16.8448,18.9388,62.6578,67.7322,34.4199
2022-04-28,22.8533,40.4826,12.0907,45.5206,12.4072,27.0679,13.2042,13.2033,13.2023,,,16.8425,19.0361,65.0123,69.9058,34.7230
2022-04-27,22.7450,40.0017,11.9335,44.8780,12.2203,26.6340,12.9477,12.9469,12.9459,,,16.8413,19.0589,63.4384,68.4896,34.2827
2022-04-26,22.7360,39.9550,11.9185,44.8162,12.2025,26.5922,12.9191,12.9183,12.9173,,,16.8402,19.1244,63.3047,68.6538,34.1334
2022-04-25,22.8825,40.6326,12.1406,45.7280,12.4687,27.2122,13.2913,13.2904,13.2894,,,16.8391,19.0399,65.1375,71.0661,35.0508
2022-04-22,22.8615,40.5661,12.1188,45.6401,12.4430,27.1536,13.2631,13.2622,13.2611,,,16.8356,18.9409,64.7676,70.3093,35.2822
2022-04-21,22.9901,41.1489,12.3103,46.4261,12.6726,27.6880,13.5789,13.5780,13.5769,,,16.8345,18.9774,66.6150,72.1161,35.8836
2022-04-20,23.0749,41.5249,12.4342,46.9353,12.8219,28.0354,13.7800,13.7791,13.7780,,,16.8334,19.0688,67.6068,74.0898,36.2418
2022-04-19,23.0529,41.4478,12.4089,46.8330,12.7922,27.9675,13.7464,13.7455,13.7444,,,16.8322,18.9653,67.6475,74.3109,35.9121
2022-04-18,22.9910,41.1497,12.3111,46.4299,12.6742,27.6914,13.5752,13.5744,13.5733,,,16.8311,19.0786,66.5773,72.5096,35.8058
2022-04-14,23.0088,41.2421,12.3420,46.5584,12.7124,27.7807,13.6263,13.6254,13.6244,,,16.8265,19.1201,66.5906,73.2250,36.0371
2022-04-13,23.0706,41.5023,12.4276,46.9089,12.8148,28.0177,13.7584,13.7576,13.7566,,,16.8254,19.2575,67.4087,74.1308,36.2190
2022-04-12,22.9994,41.1838,12.3229,46.4785,12.6887,27.7241,13.5850,13.5842,13.5833,,,16.8242,19.2404,66.6508,72.5203,35.8185
2022-04-11,23.0199,41.2910,12.3581,46.6236,12.7311,27.8233,13.6478,13.6469,13.6460,,,16.8231,19.1839,66.8766,72.5597,36.1152
2022-04-08,23.0932,41.6206,12.4665,47.0682,12.8608,28.1244,13.8216,13.8208,13.8199,,,16.8196,19.2718,68.0249,73.0254,36.4525
2022-04-07,23.1087,41.6790,12.4860,47.1478,12.8843,28.1784,13.8474,13.8467,13.8458,,,16.8185,19.3734,68.2041,73.5387,36.4023
2022-04-06,23.0981,41.6298,12.4701,47.0829,12.8657,28.1351,13.8196,13.8189,13.8180,,,16.8174,19.4070,67.9067,73.7531,36.3768
2022-04-05,23.1625,41.9220,12.5666,47.4803,12.9824,28.4072,13.9785,13.9778,13.9770,,,16.8163,19.4654,68.5724,75.1188,36.7908
2022-04-04,23.2489,42.2961,12.6901,47.9884,13.1316,28.7540,14.1747,14.1740,14.1733,,,16.8151,19.6359,69.4324,76.9999,37.2301
2022-04-01,23.2101,42.1329,12.6367,47.7697,13.0678,28.6058,14.0875,14.0869,14.0861,,,16.8117,19.6246,68.8749,76.4293,37.1154
2022-03-31,23.1790,41.9822,12.5871,47.5648,13.0076,28.4647,13.9999,13.9992,13.9985,,,16.8108,19.6775,68.6416,75.7344,36.7695
2022-03-30,23.2645,42.3868,12.7203,48.1134,13.1682,28.8396,14.2250,14.2244,14.2236,,,16.8099,19.6645,69.7279,76.7350,37.4361
2022-03-29,23.2957,42.5486,12.7738,48.3354,13.2337,28.9937,14.3212,14.3205,14.3197,,,16.8090,19.6031,70.1627,78.1074,37.5529
2022-03-28,23.1916,42.0820,12.6201,47.7027,13.0481,28.5611,14.0690,14.0683,14.0674,,,16.8081,19.5134,69.3132,76.0029,36.7276
2022-03-25,23.1598,41.9516,12.5774,47.5284,12.9973,28.4435,14.0015,14.0008,14.0000,,,16.8053,19.4779,68.8215,75.6034,36.6776
2022-03-24,23.1578,41.9220,12.5680,47.4895,12.9863,28.4169,13.9766,13.9759,13.9752,,,16.8044,19.6246,68.4739,75.8062,36.7130
2022-03-23,23.1056,41.6703,12.4854,47.1494,12.8869,28.1846,13.8335,13.8328,13.8322,,,16.8035,19.6995,67.4995,74.8474,36.5743
2022-03-22,23.1667,41.9751,12.5856,47.5628,13.0080,28.4681,14.0090,14.0084,14.0076,,,16.8026,19.5910,68.3347,76.0421,37.0214
2022-03-21,23.1071,41.6911,12.4923,47.1785,12.8955,28.2052,13.8486,13.8480,13.8473,,,16.8017,19.6568,67.5707,74.9155,36.6213
2022-03-18,23.1359,41.8046,12.5302,47.3335,12.9413,28.3107,13.9004,13.8999,13.8993,,,16.7989,19.8360,67.5962,75.5585,36.8616
2022-03-17,23.0661,41.4966,12.4290,46.9185,12.8199,28.0286,13.7369,13.7364,13.7358,,,16.7980,19.7772,66.8158,74.3120,36.4804
2022-03-16,22.9982,41.1934,12.3295,46.5105,12.7007,27.7513,13.5745,13.5739,13.5734,,,16.7971,19.7610,65.9964,72.8903,36.1731
2022-03-15,22.8315,40.4473,12.0849,45.5085,12.4081,27.0715,13.1765,13.1759,13.1754,,,16.7962,19.7313,64.5497,70.2617,34.8026
2022-03-14,22.7481,40.0758,11.9634,45.0114,12.2634,26.7358,12.9796,12.9790,12.9786,,,16.7953,19.7245,63.1947,69.0596,34.6025
2022-03-11,22.7790,40.1982,12.0042,45.1786,12.3129,26.8499,13.0362,13.0357,13.0354,,,16.7925,19.9098,63.6538,70.5534,34.3691
2022-03-10,22.8526,40.5360,12.1151,45.6344,12.4462,27.1603,13.2189,13.2184,13.2180,,,16.7916,19.9191,64.4861,71.9668,34.8246
2022-03-09,22.8901,40.6926,12.1666,45.8441,12.5074,27.3015,13.2965,13.2961,13.2958,,,16.7907,20.0097,64.7584,72.2992,35.1322
2022-03-08,22.7078,39.8659,11.8959,44.7353,12.1840,26.5501,12.8528,12.8524,12.8522,,,16.7898,20.0640,63.1265,69.9697,33.5082
2022-03-07,22.7321,39.9592,11.9264,44.8585,12.2195,26.6310,12.8940,12.8936,12.8935,,,16.7889,20.1734,63.5842,69.6051,33.5408
2022-03-04,22.8910,40.6830,12.1644,45.8359,12.5055,27.2961,13.2823,13.2820,13.2818,,,16.7862,20.2637,65.5180,72.2059,34.4626
2022-03-03,22.9841,41.1330,12.3125,46.4466,12.6845,27.7149,13.5368,13.5364,13.5361,,,16.7853,20.1667,66.0364,73.7565,35.6906
2022-03-02,23.0392,41.4019,12.4011,46.8123,12.7920,27.9665,13.6895,13.6891,13.6887,,,16.7844,20.1020,66.3772,75.2470,36.2931
2022-03-01,22.9720,41.0541,12.2871,46.3413,12.6543,27.6432,13.4829,13.4826,13.4824,,,16.7835,20.3468,65.1602,73.7024,35.9801
2022-02-28,23.0660,41.5109,12.4372,46.9599,12.8353,28.0664,13.7416,13.7412,13.7409,,,16.7826,20.2289,66.1820,75.0580,36.8903
2022-02-25,23.0726,41.5753,12.4582,47.0475,12.8607,28.1268,13.7869,13.7865,13.7861,,,16.7800,20.0718,66.3369,74.6248,37.2129
2022-02-24,22.9426,40.9889,12.2658,46.2586,12.6303,27.5911,13.4720,13.4715,13.4712,,,16.7792,20.0476,64.8777,72.9074,36.2952
2022-02-23,22.9142,40.8607,12.2235,46.0835,12.5786,27.4701,13.4011,13.4007,13.4004,,,16.7784,20.0331,63.9163,70.7400,36.9948
2022-02-22,22.9999,41.2446,12.3499,46.6025,12.7306,27.8235,13.6055,13.6051,13.6048,,,16.7775,20.1212,65.1148,72.3451,37.2750
2022-02-18,23.0632,41.5479,12.4499,47.0150,12.8516,28.1060,13.7728,13.7724,13.7721,,,16.7741,20.1377,65.7811,73.4718,37.8062
2022-02-17,23.0941,41.7022,12.5009,47.2257,12.9136,28.2513,13.8619,13.8615,13.8611,,,16.7733,20.1006,66.2462,74.4139,37.9291
2022-02-16,23.1894,42.1579,12.6511,47.8451,13.0953,28.6761,14.1182,14.1177,14.1173,,,16.7724,20.0567,67.6710,76.6489,38.3095
2022-02-15,23.1834,42.1378,12.6445,47.8190,13.0878,28.6593,14.1096,14.1092,14.1087,,,16.7716,20.0348,67.6024,76.8095,38.2650
2022-02-14,23.0922,41.7086,12.5032,47.2364,12.9169,28.2597,13.8694,13.8689,13.8686,,,16.7707,20.0766,66.5447,74.6763,37.6926
2022-02-11,23.1250,41.8526,12.5509,47.4326,12.9745,28.3934,13.9426,13.9422,13.9418,,,16.7682,20.1847,66.7970,75.0517,37.9786
2022-02-10,23.2050,42.2519,12.6824,47.9757,13.1337,28.7663,14.1736,14.1731,14.1726,,,16.7673,20.0592,68.0868,76.4119,38.4579
2022-02-09,23.2932,42.6356,12.8089,48.4942,13.2854,29.1183,14.3727,14.3723,14.3719,,,16.7665,20.2309,69.3333,77.5049,38.7715
2022-02-08,23.2026,42.2170,12.6710,47.9263,13.1188,28.7294,14.1416,14.1412,14.1409,,,16.7657,20.2229,68.3323,75.6938,38.1601
2022-02-07,23.1726,42.0705,12.6228,47.7269,13.0602,28.5921,14.0566,14.0562,14.0559,,,16.7648,20.2753,67.7616,74.6090,38.1859
2022-02-04,23.1671,42.0551,12.6177,47.7062,13.0540,28.5776,14.0488,14.0484,14.0481,,,16.7622,20.2652,68.0124,74.3625,37.9758
2022-02-03,23.1515,41.9603,12.5865,47.5755,13.0154,28.4856,13.9854,13.9851,13.9849,,,16.7614,20.4006,67.6522,73.2748,37.9998
2022-02-02,23.2668,42.4897,12.7609,48.2935,13.2258,28.9759,14.2736,14.2733,14.2731,,,16.7606,20.4672,69.3403,75.2270,38.4753
2022-02-01,23.2317,42.3389,12.7118,48.0936,13.1681,28.8430,14.1965,14.1962,14.1960,,,16.7597,20.4388,68.6919,76.0300,38.2257
2022-01-31,23.1849,42.1224,12.6405,47.8003,13.0821,28.6422,14.0768,14.0765,14.0763,,,16.7590,20.4504,68.2231,75.0386,37.8808
2022-01-28,23.0673,41.5863,12.4642,47.0750,12.8695,28.1465,13.7831,13.7829,13.7827,,,16.7568,20.4569,66.9574,72.3190,37.1944
2022-01-27,22.9818,41.1981,12.3367,46.5517,12.7166,27.7906,13.5733,13.5730,13.5729,,,16.7560,20.4420,65.3584,70.5987,37.2227
2022-01-26,23.0168,41.3726,12.3943,46.7901,12.7868,27.9553,13.6742,13.6739,13.6738,,,16.7553,20.3896,65.7080,71.8438,37.4654
2022-01-25,23.0302,41.4224,12.4111,46.8590,12.8075,28.0031,13.6965,13.6962,13.6962,,,16.7546,20.4930,65.8063,72.7500,37.3647
2022-01-24,23.0998,41.7457,12.5177,47.2981,12.9364,28.3038,13.8741,13.8738,13.8737,,,16.7539,20.5114,66.6178,74.2811,37.7682
2022-01-21,23.1038,41.7659,12.5242,47.3239,12.9434,28.3195,13.8821,13.8819,13.8818,,,16.7517,20.5326,66.4328,73.0036,38.2607
2022-01-20,23.1883,42.1747,12.6589,47.8799,13.1065,28.7010,14.1138,14.1136,14.1134,,,16.7510,20.4699,67.7127,74.7229,38.6721
2022-01-19,23.2370,42.4100,12.7366,48.2006,13.2007,28.9215,14.2471,14.2468,14.2466,,,16.7502,20.4474,68.4639,75.8418,38.8694
2022-01-18,23.2788,42.6189,12.8056,48.4860,13.2846,29.1182,14.3683,14.3680,14.3677,,,16.7495,20.3968,69.1330,76.7941,39.0770
2022-01-14,23.3722,43.0512,12.9488,49.0770,13.4585,29.5242,14.6039,14.6037,14.6034,,,16.7465,20.5224,70.4269,78.9942,39.4062
2022-01-13,23.3872,43.1066,12.9672,49.1526,13.4809,29.5756,14.6278,14.6276,14.6274,,,16.7458,20.6320,70.3676,79.1299,39.6076
2022-01-12,23.4428,43.3790,13.0573,49.5249,13.5903,29.8319,14.7839,14.7837,14.7834,,,16.7451,20.5971,71.3758,80.4874,39.7338
2022-01-11,23.4227,43.2877,13.0274,49.4026,13.5548,29.7495,14.7344,14.7341,14.7339,,,16.7444,20.6036,71.1743,80.9330,39.4203
2022-01-10,23.3599,42.9995,12.9322,49.0099,13.4394,29.4799,14.5752,14.5749,14.5747,,,16.7437,20.5667,70.5284,79.7575,38.9468
2022-01-07,23.3833,43.1151,12.9705,49.1685,13.4861,29.5891,14.6396,14.6394,14.6392,,,16.7414,20.5861,70.6297,79.9132,39.3313
2022-01-06,23.3989,43.1835,12.9933,49.2628,13.5141,29.6543,14.6753,14.6751,14.6748,,,16.7407,20.6419,70.9042,80.6703,39.2302
2022-01-05,23.4132,43.2482,13.0147,49.3504,13.5396,29.7136,14.7091,14.7089,14.7087,,,16.7400,20.6695,70.9678,80.3321,39.5070
2022-01-04,23.5114,43.7110,13.1680,49.9848,13.7267,30.1516,14.9689,14.9687,14.9685,,,16.7393,20.7271,72.3656,83.2517,39.8149
2022-01-03,23.4949,43.6354,13.1433,49.8832,13.6972,30.0829,14.9272,14.9271,14.9268,,,16.7386,20.7363,72.4061,83.8284,39.3497
2021-12-31,23.4854,43.5730,13.1230,49.7987,13.6726,30.0241,14.8825,14.8824,14.8823,,,16.7365,20.8867,71.9470,83.4410,39.4416
2021-12-30,23.4928,43.6137,13.1365,49.8550,13.6892,30.0633,14.9071,14.9070,14.9068,,,16.7359,20.8720,72.1333,83.7680,39.4185
2021-12-29,23.4980,43.6475,13.1476,49.9006,13.7023,30.0942,14.9285,14.9284,14.9282,,,16.7352,20.8273,72.3431,83.5049,39.4714
2021-12-28,23.4937,43.6189,13.1382,49.8618,13.6910,30.0673,14.9084,14.9083,14.9082,,,16.7345,20.8900,72.2412,83.5118,39.3949
2021-12-27,23.4989,43.6477,13.1480,49.9027,13.7034,30.0966,14.9259,14.9258,14.9257,,,16.7339,20.8928,72.3143,84.1350,39.3482
2021-12-23,23.4359,43.3634,13.0545,49.5185,13.5911,29.8351,14.7713,14.7712,14.7711,,,16.7311,20.8680,71.3239,83.5117,39.0700
2021-12-22,23.3983,43.1794,12.9938,49.2679,13.5175,29.6627,14.6656,14.6655,14.6653,,,16.7305,20.9108,70.8814,82.8309,38.7438
2021-12-21,23.3530,42.9727,12.9258,48.9884,13.4358,29.4724,14.5538,14.5537,14.5536,,,16.7298,20.8861,70.1597,82.2270,38.5786
2021-12-20,23.2517,42.4856,12.7649,48.3239,13.2404,29.0148,14.2784,14.2783,14.2782,,,16.7292,20.9206,68.9280,79.7395,37.9367
2021-12-17,23.3091,42.7632,12.8568,48.7036,13.3521,29.2762,14.4332,14.4332,14.4331,,,16.7271,20.9484,69.7215,81.0783,38.2264
2021-12-16,23.3582,43.0011,12.9349,49.0241,13.4453,29.4931,14.5650,14.5649,14.5648,,,16.7264,20.9159,70.4428,80.2895,38.8246
2021-12-15,23.3838,43.1338,12.9789,49.2073,13.4996,29.6211,14.6438,14.6437,14.6436,,,16.7258,20.8800,71.0617,81.9277,38.6151
2021-12-14,23.3084,42.7714,12.8595,48.7147,13.3552,29.2834,14.4396,14.4395,14.4394,,,16.7251,20.9194,69.9175,80.7339,38.1902
2021-12-13,23.3498,42.9672,12.9242,48.9821,13.4338,29.4672,14.5480,14.5479,14.5478,,,16.7245,20.9467,70.4329,81.5449,38.4514
2021-12-10,23.3868,43.1649,12.9897,49.2535,13.5137,29.6550,14.6652,14.6651,14.6650,,,16.7224,20.8752,71.0811,82.5479,38.6403
2021-12-09,23.3680,43.0805,12.9622,49.1417,13.4816,29.5809,14.6209,14.6208,14.6207,,,16.7217,20.8772,70.4081,82.9623,38.7527
2021-12-08,23.4102,43.2912,13.0322,49.4325,13.5678,29.7836,14.7437,14.7436,14.7435,,,16.7211,20.8581,70.9089,84.8960,38.9185
2021-12-07,23.3889,43.1805,12.9956,49.2803,13.5228,29.6775,14.6766,14.6765,14.6764,,,16.7204,20.9201,70.6894,83.9657,38.7597
2021-12-06,23.2749,42.6371,12.8165,48.5420,13.3063,29.1714,14.3728,14.3727,14.3726,,,16.7198,20.9605,69.2546,81.8771,37.9805
2021-12-03,23.2215,42.3804,12.7320,48.1934,13.2040,28.9321,14.2261,14.2261,14.2260,,,16.7177,21.0261,68.4493,80.7041,37.7230
2021-12-02,23.2623,42.5922,12.8021,48.4846,13.2901,29.1347,14.3518,14.3518,14.3517,,,16.7170,20.9461,69.0289,82.5911,37.8568
2021-12-01,23.1960,42.2743,12.6972,48.0510,13.1625,28.8361,14.1720,14.1720,14.1719,,,16.7164,20.9750,68.0518,80.5943,37.6397
2021-11-30,23.2400,42.4936,12.7700,48.3533,13.2521,29.0465,14.2995,14.2994,14.2993,,,16.7157,20.9535,68.8604,82.9574,37.5278
2021-11-29,23.3253,42.9127,12.9083,48.9249,13.4200,29.4398,14.5383,14.5382,14.5381,,,16.7149,20.8926,70.1821,84.9888,37.9178
2021-11-26,23.2856,42.7291,12.8482,48.6780,13.3482,29.2724,14.4363,14.4363,14.4362,,,16.7127,20.9220,69.2640,84.8572,37.8901
2021-11-24,23.3966,43.2945,13.0349,49.4511,13.5754,29.8057,14.7670,14.7669,14.7667,,,16.7112,20.7596,70.8728,86.9795,38.7370
2021-11-23,23.3951,43.2977,13.0359,49.4556,13.5766,29.8089,14.7720,14.7719,14.7716,,,16.7105,20.7130,70.7074,86.5063,38.9987
2021-11-22,23.4120,43.3692,13.0598,49.5543,13.6060,29.8773,14.8080,14.8079,14.8077,,,16.7097,20.7944,70.5899,86.9550,39.2814
2021-11-19,23.4471,43.5325,13.1143,49.7800,13.6729,30.0338,14.8964,14.8963,14.8962,,,16.7075,20.8879,70.8098,88.1367,39.5572
2021-11-18,23.4574,43.5933,13.1346,49.8650,13.6982,30.0939,14.9352,14.9351,14.9349,,,16.7068,20.8497,70.9074,88.8315,39.6467
2021-11-17,23.4514,43.5727,13.1280,49.8395,13.6913,30.0786,14.9274,14.9273,14.9272,,,16.7060,20.8303,70.6619,89.4641,39.6685
2021-11-16,23.4696,43.6727,13.1614,49.9787,13.7327,30.1765,14.9892,14.9891,14.9889,,,16.7053,20.7880,70.8316,90.4704,39.8194
2021-11-15,23.4634,43.6429,13.1515,49.9379,13.7207,30.1483,14.9715,14.9714,14.9712,,,16.7046,20.8016,70.5550,89.9948,39.9954
2021-11-12,23.4607,43.6277,13.1468,49.9184,13.7152,30.1350,14.9594,14.9593,14.9592,,,16.7023,20.8693,70.5520,90.1637,39.8717
2021-11-10,23.4130,43.3973,13.0706,49.6032,13.6223,29.9172,14.8265,14.8265,14.8263,,,16.7009,20.9020,70.0012,88.9646,39.5189
2021-11-09,23.4777,43.6894,13.1676,50.0039,13.7407,30.1935,14.9837,14.9836,14.9836,,,16.7001,21.0444,70.5659,90.6175,39.9575
2021-11-08,23.4910,43.7662,13.1930,50.1094,13.7717,30.2667,15.0317,15.0316,15.0316,,,16.6994,20.9833,70.8087,90.8115,40.0955
2021-11-05,23.4810,43.7192,13.1776,50.0452,13.7528,30.2219,15.0024,15.0024,15.0024,,,16.6972,21.0221,70.7455,90.3329,40.0103
2021-11-04,23.4589,43.6301,13.1481,49.9243,13.7172,30.1394,14.9584,14.9583,14.9582,,,16.6964,20.9381,70.4752,89.8178,39.9901
2021-11-03,23.4459,43.5841,13.1330,49.8635,13.6996,30.0995,14.9391,14.9390,14.9389,,,16.6957,20.8666,70.1726,89.9025,40.0744
2021-11-02,23.4055,43.3850,13.0672,49.5910,13.6193,29.9110,14.8234,14.8233,14.8232,,,16.6950,20.9082,69.7222,88.8450,39.7454
2021-11-01,23.3956,43.3479,13.0551,49.5420,13.6052,29.8787,14.8064,14.8063,14.8062,,,16.6942,20.8729,69.4667,88.9223,39.8088
2021-10-29,23.3574,43.1608,12.9930,49.2839,13.5287,29.6987,14.6972,14.6971,14.6970,,,16.6936,20.8905,69.3406,87.3553,39.3632
2021-10-28,23.3637,43.2007,13.0063,49.3398,13.5453,29.7379,14.7214,14.7213,14.7212,,,16.6915,20.8832,69.1985,87.3221,39.6762
2021-10-27,23.3164,42.9692,12.9298,49.0232,13.4520,29.5191,14.5878,14.5878,14.5877,,,16.6908,20.9208,68.5220,85.8793,39.4695
2021-10-26,23.3406,43.1053,12.9750,49.2122,13.5082,29.6522,14.6732,14.6731,14.6730,,,16.6901,20.8361,68.8686,87.5019,39.5427
2021-10-25,23.3259,43.0454,12.9555,49.1328,13.4853,29.5995,14.6440,14.6439,14.6437,,,16.6895,20.8017,68.7435,87.9833,39.3278
2021-10-22,23.3081,42.9703,12.9308,49.0313,13.4555,29.5300,14.6035,14.6034,14.6032,,,16.6874,20.7875,68.4187,87.3559,39.3995
2021-10-21,23.3044,42.9634,12.9286,49.0234,13.4534,29.5260,14.6038,14.6037,14.6035,,,16.6867,20.7462,68.4916,87.8446,39.2498
2021-10-20,23.2998,42.9366,12.9198,48.9864,13.4425,29.4999,14.5857,14.5855,14.5854,,,16.6861,20.7869,68.2821,87.3318,39.3785
2021-10-19,23.2805,42.8438,12.8892,48.8603,13.4055,29.4133,14.5327,14.5326,14.5324,,,16.6854,20.8070,68.0320,86.9354,39.2478
2021-10-18,23.2464,42.6765,12.8342,48.6333,13.3390,29.2577,14.4366,14.4365,14.4364,,,16.6847,20.8592,67.5316,86.5236,38.9905
2021-10-15,23.2404,42.6549,12.8272,48.6049,13.3308,29.2386,14.4251,14.4251,14.4249,,,16.6826,20.8640,67.3040,86.1731,39.1567
2021-10-14,23.2027,42.4732,12.7677,48.3601,13.2595,29.0722,14.3232,14.3231,14.3230,,,16.6820,20.9146,66.8059,86.2367,38.7611
2021-10-13,23.1212,42.0995,12.6447,47.8545,13.1115,28.7274,14.1204,14.1203,14.1202,,,16.6813,20.8778,65.6782,84.9529,38.3620
2021-10-12,23.0932,41.9752,12.6036,47.6853,13.0616,28.6112,14.0536,14.0536,14.0534,,,16.6806,20.8374,65.4800,84.1720,38.1562
2021-10-08,23.1163,42.0995,12.6444,47.8534,13.1105,28.7253,14.1244,14.1243,14.1241,,,16.6779,20.7948,66.0926,83.9886,38.2367
2021-10-07,23.1259,42.1400,12.6580,47.9095,13.1272,28.7642,14.1447,14.1446,14.1445,,,16.6772,20.8427,66.2185,84.5791,38.1762
2021-10-06,23.0823,41.9276,12.5880,47.6202,13.0422,28.5650,14.0230,14.0230,14.0229,,,16.6765,20.8960,65.6583,83.2994,37.9359
2021-10-05,23.0771,41.9073,12.5814,47.5937,13.0346,28.5476,14.0132,14.0131,14.0130,,,16.6758,20.8900,65.3897,83.1946,38.1055
2021-10-04,23.0433,41.7431,12.5275,47.3716,12.9697,28.3959,13.9200,13.9199,13.9198,,,16.6752,20.9410,64.7016,82.5771,38.0680
2021-10-01,23.1037,42.0319,12.6228,47.7647,13.0851,28.6653,14.0791,14.0791,14.0790,,,16.6731,20.9601,65.5486,83.9480,38.3410
2021-09-30,23.0621,41.8483,12.5623,47.5161,13.0122,28.4958,13.9820,13.9820,13.9819,,,16.6725,20.8995,64.8034,82.8559,38.4167
2021-09-29,23.0981,42.0211,12.6191,47.7495,13.0804,28.6545,14.0767,14.0766,14.0765,,,16.6719,20.8963,65.5800,83.3470,38.4130
2021-09-28,23.1024,42.0481,12.6282,47.7879,13.0919,28.6821,14.0943,14.0943,14.0942,,,16.6713,20.8797,65.4708,83.6610,38.5833
2021-09-27,23.2138,42.5733,12.8017,48.5030,13.3020,29.1725,14.3824,14.3824,14.3823,,,16.6706,20.9571,66.8284,85.8323,39.2865
2021-09-24,23.2215,42.6114,12.8142,48.5542,13.3168,29.2066,14.4012,14.4012,14.4012,,,16.6687,20.9835,67.0131,85.4976,39.3441
2021-09-23,23.2309,42.6536,12.8283,48.6127,13.3343,29.2474,14.4235,14.4234,14.4234,,,16.6681,21.0203,66.9143,85.8330,39.5371
2021-09-22,23.1803,42.3945,12.7430,48.2600,13.2308,29.0048,14.2720,14.2720,14.2720,,,16.6675,21.1369,66.1097,84.6315,39.2537
2021-09-21,23.1359,42.1875,12.6748,47.9790,13.1483,28.8123,14.1585,14.1586,14.1586,,,16.6669,21.1199,65.4863,83.5642,39.0943
2021-09-20,23.1155,42.0903,12.6427,47.8462,13.1092,28.7205,14.1035,14.1035,14.1036,,,16.6663,21.1244,65.5363,83.2197,38.6837
2021-09-17,23.2077,42.5522,12.7953,48.4773,13.2947,29.1552,14.3671,14.3671,14.3671,,,16.6644,21.0666,66.6676,85.0861,39.4469
2021-09-16,23.2492,42.7474,12.8596,48.7414,13.3719,29.3347,14.4724,14.4724,14.4725,,,16.6638,21.0964,67.2804,85.1655,39.7475
2021-09-15,23.2586,42.7873,12.8727,48.7949,13.3874,29.3704,14.4914,14.4915,14.4915,,,16.6631,21.1340,67.3824,84.9664,39.8516
2021-09-14,23.2338,42.6665,12.8329,48.6305,13.3391,29.2575,14.4227,14.4227,14.4227,,,16.6625,21.1552,66.8144,84.1786,39.9450
2021-09-13,23.2558,42.7853,12.8722,48.7937,13.3873,29.3709,14.4939,14.4939,14.4939,,,16.6619,21.1016,67.1837,85.0208,40.0308
2021-09-10,23.2330,42.6881,12.8403,48.6627,13.3490,29.2818,14.4427,14.4427,14.4427,,,16.6600,21.0717,67.0305,84.8658,39.7866
2021-09-09,23.2665,42.8453,12.8923,48.8772,13.4120,29.4289,14.5283,14.5284,14.5284,,,16.6594,21.1103,67.5491,85.5966,39.8809
2021-09-08,23.2793,42.9190,12.9165,48.9774,13.4412,29.4976,14.5732,14.5732,14.5732,,,16.6588,21.0512,67.8558,85.5875,39.9805
2021-09-07,23.3004,43.0306,12.9535,49.1316,13.4869,29.6053,14.6398,14.6398,14.6398,,,16.6581,21.0210,67.9431,86.3492,40.2844
2021-09-03,23.3085,43.0725,12.9677,49.1909,13.5048,29.6471,14.6621,14.6621,14.6621,,,16.6556,21.0698,68.1726,87.1052,40.1182
2021-09-02,23.3082,43.0674,12.9662,49.1843,13.5029,29.6425,14.6572,14.6572,14.6573,,,16.6550,21.1056,68.1934,87.2221,40.0382
2021-09-01,23.2869,42.9705,12.9341,49.0523,13.4641,29.5518,14.6043,14.6044,14.6044,,,16.6544,21.0839,67.9896,86.7331,39.8892
2021-08-31,23.2646,42.8650,12.8992,48.9079,13.4215,29.4521,14.5450,14.5450,14.5450,,,16.6538,21.0798,67.9640,86.3066,39.5281
2021-08-30,23.2721,42.8987,12.9104,48.9542,13.4352,29.4839,14.5624,14.5624,14.5624,,,16.6533,21.1064,68.0479,86.5045,39.5556
2021-08-27,23.2497,42.8044,12.8796,48.8282,13.3986,29.3992,14.5138,14.5139,14.5139,,,16.6516,21.0779,67.7517,86.5908,39.4052
2021-08-26,23.2006,42.5758,12.8039,48.5157,13.3063,29.1836,14.3878,14.3878,14.3878,,,16.6510,21.0311,67.1583,84.9408,39.2345
2021-08-25,23.2264,42.7042,12.8464,48.6913,13.3580,29.3047,14.4609,14.4609,14.4609,,,16.6505,21.0215,67.5495,85.6775,39.3377
2021-08-24,23.2207,42.6709,12.8354,48.6454,13.3445,29.2724,14.4390,14.4390,14.4390,,,16.6499,21.0640,67.3992,85.2241,39.3792
2021-08-23,23.2018,42.5743,12.8033,48.5119,13.3048,29.1790,14.3810,14.3811,14.3811,,,16.6493,21.0994,67.2981,84.2177,39.2072
2021-08-20,23.1398,42.2855,12.7081,48.1195,13.1896,28.9098,14.2216,14.2216,14.2216,,,16.6476,21.0887,66.7234,82.9374,38.6866
2021-08-19,23.1092,42.1391,12.6598,47.9200,13.1308,28.7724,14.1394,14.1394,14.1394,,,16.6471,21.0938,66.1816,81.8298,38.7154
2021-08-18,23.1293,42.2449,12.6950,48.0665,13.1744,28.8750,14.2025,14.2025,14.2025,,,16.6465,21.0668,66.0944,82.6134,39.1324
2021-08-17,23.1719,42.4517,12.7632,48.3476,13.2567,29.0674,14.3177,14.3177,14.3177,,,16.6460,21.0618,66.8000,83.2488,39.3236
2021-08-16,23.2113,42.6414,12.8259,48.6066,13.3329,29.2455,14.4233,14.4233,14.4234,,,16.6454,21.0770,67.2708,84.1132,39.5903
2021-08-13,23.2193,42.6930,12.8433,48.6803,13.3552,29.2987,14.4568,14.4568,14.4568,,,16.6437,21.0553,67.0934,84.8578,39.8591
2021-08-12,23.1993,42.6142,12.8175,48.5754,13.3248,29.2289,14.4200,14.4200,14.4200,,,16.6432,20.9786,66.9831,85.2651,39.5826
2021-08-11,23.1890,42.5666,12.8019,48.5115,13.3062,29.1856,14.3939,14.3939,14.3938,,,16.6426,20.9855,66.7687,85.2268,39.5641
2021-08-10,23.1668,42.4646,12.7683,48.3733,13.2657,29.0912,14.3384,14.3384,14.3384,,,16.6420,20.9721,66.6016,85.0158,39.3086
2021-08-09,23.1646,42.4513,12.7640,48.3558,13.2608,29.0795,14.3296,14.3296,14.3295,,,16.6415,21.0040,66.5358,85.1659,39.2638
2021-08-06,23.1675,42.4673,12.7695,48.3785,13.2675,29.0953,14.3374,14.3374,14.3374,,,16.6398,21.0328,66.5937,85.3023,39.2492
2021-08-05,23.1795,42.5116,12.7843,48.4389,13.2855,29.1365,14.3562,14.3563,14.3563,,,16.6392,21.1274,66.4746,85.4115,39.4763
2021-08-04,23.1505,42.3652,12.7359,48.2384,13.2263,28.9976,14.2705,14.2705,14.2706,,,16.6387,21.1741,66.0731,84.3152,39.3520
2021-08-03,23.1641,42.4322,12.7580,48.3298,13.2532,29.0603,14.3079,14.3080,14.3080,,,16.6381,21.1742,66.3806,84.7405,39.3039
2021-08-02,23.1296,42.2711,12.7051,48.1124,13.1897,28.9126,14.2201,14.2201,14.2202,,,16.6376,21.1735,65.8403,84.4968,39.1137
2021-07-30,23.1181,42.2306,12.6918,48.0584,13.1739,28.8763,14.2020,14.2020,14.2021,,,16.6362,21.1186,65.9622,84.6181,38.8453
2021-07-29,23.1508,42.3981,12.7471,48.2873,13.2412,29.0339,14.2980,14.2980,14.2980,,,16.6348,21.0871,66.3156,85.1952,39.1933
2021-07-28,23.1244,42.2690,12.7046,48.1121,13.1899,28.9138,14.2246,14.2246,14.2247,,,16.6342,21.1188,66.0302,84.8282,38.9255
2021-07-27,23.1076,42.1907,12.6786,48.0037,13.1575,28.8378,14.1799,14.1800,14.1800,,,16.6335,21.1066,66.0421,83.8429,38.7569
2021-07-26,23.1247,42.2848,12.7097,48.1333,13.1958,28.9280,14.2369,14.2370,14.2370,,,16.6329,21.0554,66.3543,84.6333,38.7910
2021-07-23,23.1178,42.2584,12.7012,48.0989,13.1859,28.9052,14.2229,14.2229,14.2229,,,16.6308,21.0673,66.1957,84.6146,38.8171
2021-07-22,23.0667,42.0139,12.6208,47.7674,13.0889,28.6785,14.0868,14.0868,14.0868,,,16.6301,21.0893,65.5278,83.8141,38.4615
2021-07-21,23.0621,42.0049,12.6180,47.7578,13.0865,28.6741,14.0873,14.0874,14.0874,,,16.6295,21.0391,65.3907,84.3529,38.4774
2021-07-20,23.0059,41.7299,12.5275,47.3844,12.9769,28.4177,13.9316,13.9316,13.9317,,,16.6288,21.1046,64.8558,83.1836,37.9258
2021-07-19,22.9427,41.4255,12.4270,46.9692,12.8547,28.1318,13.7601,13.7602,13.7602,,,16.6282,21.1284,63.8857,80.9616,37.8310
2021-07-16,23.0185,41.8106,12.5538,47.4926,13.0080,28.4903,13.9799,13.9799,13.9799,,,16.6261,21.0242,64.9144,81.8446,38.5309
2021-07-15,23.0520,41.9707,12.6067,47.7102,13.0718,28.6392,14.0678,14.0678,14.0678,,,16.6254,21.0380,65.4078,82.4639,38.6863
2021-07-14,23.0775,42.1031,12.6503,47.8909,13.1249,28.7637,14.1450,14.1450,14.1450,,,16.6248,20.9899,65.6209,82.8142,39.0510
2021-07-13,23.0793,42.1300,12.6596,47.9314,13.1375,28.7948,14.1682,14.1682,14.1681,,,16.6241,20.9199,65.5356,83.9521,39.0871
2021-07-12,23.1030,42.2404,12.6963,48.0839,13.1828,28.9011,14.2287,14.2287,14.2287,,,16.6235,20.9682,65.7667,85.2828,39.1105
2021-07-09,23.0860,42.1681,12.6728,47.9878,13.1550,28.8366,14.1905,14.1905,14.1905,,,16.6214,20.9717,65.5409,85.3733,38.9816
2021-07-08,23.0205,41.8442,12.5660,47.5464,13.0253,28.5326,14.0050,14.0050,14.0051,,,16.6207,21.0442,64.8096,83.7691,38.4444
2021-07-07,23.0649,42.0626,12.6380,47.8437,13.1126,28.7368,14.1280,14.1280,14.1280,,,16.6201,21.0227,65.3559,84.6550,38.7826
2021-07-06,23.0540,42.0217,12.6248,47.7911,13.0977,28.7031,14.1105,14.1105,14.1104,,,16.6194,20.9847,65.1375,85.2489,38.7164
2021-07-02,23.0571,42.0609,12.6380,47.8471,13.1144,28.7434,14.1393,14.1393,14.1392,,,16.6167,20.9108,65.2670,85.7282,38.7447
2021-07-01,23.0300,41.9431,12.5994,47.6901,13.0690,28.6384,14.0793,14.0793,14.0792,,,16.6160,20.8739,64.7732,85.9957,38.6415
2021-06-30,23.0091,41.8455,12.5674,47.5584,13.0305,28.5487,14.0257,14.0256,14.0256,,,16.6153,20.8794,64.4324,85.6775,38.5694
2021-06-29,23.0221,41.9148,12.5904,47.6538,13.0587,28.6151,14.0664,14.0664,14.0663,,,16.6147,20.8625,64.3450,85.9343,38.9202
2021-06-28,23.0228,41.9235,12.5934,47.6666,13.0626,28.6245,14.0729,14.0728,14.0727,,,16.6140,20.8499,64.3213,86.0721,38.9659
2021-06-25,23.0221,41.9389,12.5987,47.6899,13.0698,28.6423,14.0871,14.0870,14.0869,,,16.6120,20.7953,64.1732,86.2434,39.1764
2021-06-24,23.0026,41.8412,12.5665,47.5573,13.0309,28.5512,14.0307,14.0307,14.0306,,,16.6113,20.8319,63.9589,85.8605,38.9848
2021-06-23,22.9710,41.6921,12.5174,47.3546,12.9713,28.4120,13.9483,13.9483,13.9482,,,16.6107,20.8262,63.5837,84.9714,38.8257
2021-06-22,22.9769,41.7184,12.5259,47.3894,12.9813,28.4348,13.9607,13.9606,13.9605,,,16.6100,20.8461,63.6526,84.6643,38.9261
2021-06-21,22.9561,41.6256,12.4954,47.2641,12.9446,28.3495,13.9116,13.9116,13.9115,,,16.6093,20.8208,63.3280,84.1304,38.9230
2021-06-18,22.8950,41.3301,12.3983,46.8639,12.8274,28.0756,13.7453,13.7453,13.7452,,,16.6073,20.8808,62.4507,82.8816,38.5980
2021-06-17,22.9668,41.6883,12.5162,47.3504,12.9699,28.4089,13.9478,13.9477,13.9476,,,16.6066,20.8151,63.2782,83.9574,39.2967
2021-06-16,22.9742,41.7382,12.5328,47.4196,12.9904,28.4575,13.9808,13.9807,13.9805,,,16.6060,20.7513,63.3046,84.1886,39.4970
2021-06-15,23.0068,41.8865,12.5816,47.6199,13.0490,28.5935,14.0581,14.0580,14.0579,,,16.6053,20.8110,63.6469,84.3757,39.7836
2021-06-14,23.0095,41.9032,12.5873,47.6439,13.0562,28.6108,14.0685,14.0684,14.0683,,,16.6047,20.8112,63.7731,84.8888,39.6529
2021-06-11,23.0010,41.8638,12.5746,47.5920,13.0414,28.5761,14.0454,14.0453,14.0453,,,16.6026,20.8552,63.6419,85.0474,39.5477
2021-06-10,22.9892,41.8057,12.5553,47.5120,13.0176,28.5201,14.0112,14.0112,14.0111,,,16.6019,20.8678,63.5170,84.2648,39.5391
2021-06-09,22.9719,41.7329,12.5314,47.4145,12.9892,28.4546,13.9749,13.9748,13.9747,,,16.6013,20.8270,63.2198,84.1433,39.5330
2021-06-08,22.9792,41.7799,12.5471,47.4801,13.0087,28.5008,14.0054,14.0053,14.0052,,,16.6006,20.7810,63.3327,84.6673,39.5758
2021-06-07,22.9699,41.7419,12.5344,47.4275,12.9929,28.4639,13.9856,13.9855,13.9854,,,16.6000,20.7449,63.3193,83.9969,39.5653
2021-06-04,22.9565,41.6806,12.5141,47.3429,12.9676,28.4043,13.9495,13.9495,13.9493,,,16.5979,20.7562,63.3682,83.0841,39.4152
2021-06-03,22.9111,41.4794,12.4479,47.0716,12.8883,28.2200,13.8448,13.8447,13.8445,,,16.5973,20.6804,62.8127,82.4775,39.1798
2021-06-02,22.9364,41.5986,12.4873,47.2345,12.9363,28.3324,13.9095,13.9094,13.9093,,,16.5966,20.7154,63.0312,83.3070,39.3436
2021-06-01,22.9269,41.5585,12.4742,47.1810,12.9208,28.2964,13.8892,13.8891,13.8889,,,16.5960,20.7000,62.9337,83.2922,39.2676
2021-05-28,22.9191,41.5177,12.4607,47.1246,12.9040,28.2566,13.8639,13.8638,13.8637,,,16.5953,20.7261,62.9628,82.8114,39.1342
2021-05-27,22.8989,41.4360,12.4340,47.0157,12.8722,28.1830,13.8220,13.8219,13.8218,,,16.5926,20.7012,62.9067,82.7295,38.8605
2021-05-26,22.8941,41.4101,12.4254,46.9794,12.8613,28.1570,13.8051,13.8050,13.8048,,,16.5919,20.7256,62.8277,82.1225,38.9179
2021-05-25,22.8822,41.3504,12.4055,46.8963,12.8364,28.0980,13.7691,13.7690,13.7689,,,16.5912,20.7395,62.7092,80.9862,38.9644
2021-05-24,22.8818,41.3611,12.4091,46.9123,12.8413,28.1104,13.7799,13.7798,13.7797,,,16.5906,20.6842,62.8420,81.4720,38.8357
2021-05-21,22.8369,41.1604,12.3432,46.6425,12.7625,27.9273,13.6733,13.6732,13.6730,,,16.5886,20.6563,62.2192,80.7785,38.6608
2021-05-20,22.8311,41.1372,12.3356,46.6113,12.7533,27.9059,13.6615,13.6613,13.6612,,,16.5879,20.6437,62.2661,80.6904,38.5415
2021-05-19,22.7738,40.8759,12.2497,46.2585,12.6500,27.6657,13.5223,13.5222,13.5220,,,16.5872,20.5912,61.6103,79.6883,38.1961
2021-05-18,22.8103,41.0469,12.3060,46.4902,12.7180,27.8240,13.6143,13.6141,13.6140,,,16.5866,20.6241,61.7837,80.1281,38.6984
2021-05-17,22.8151,41.0703,12.3136,46.5211,12.7268,27.8442,13.6259,13.6258,13.6256,,,16.5859,20.6287,62.3067,80.3681,38.2871
2021-05-14,22.8205,41.1018,12.3241,46.5644,12.7395,27.8739,13.6430,13.6429,13.6427,,,16.5839,20.6395,62.4643,80.5153,38.2575
2021-05-13,22.7285,40.6745,12.1835,45.9867,12.5701,27.4794,13.4126,13.4124,13.4122,,,16.5832,20.5968,61.5417,78.4648,37.6222
2021-05-12,22.6872,40.4864,12.1218,45.7339,12.4964,27.3081,13.3129,13.3128,13.3126,,,16.5826,20.5690,60.7915,77.7973,37.6090
2021-05-11,22.7966,41.0024,12.2919,46.4341,12.7020,27.7875,13.5935,13.5933,13.5932,,,16.5819,20.6353,62.1155,80.3533,38.1940
2021-05-10,22.8487,41.2456,12.3718,46.7618,12.7976,28.0096,13.7230,13.7229,13.7227,,,16.5813,20.6745,62.6580,80.4008,38.7574
2021-05-07,22.8920,41.4554,12.4413,47.0488,12.8823,28.2076,13.8383,13.8382,13.8381,,,16.5792,20.7154,63.3169,82.1564,38.7555
2021-05-06,22.8385,41.2023,12.3580,46.7057,12.7816,27.9727,13.6990,13.6990,13.6988,,,16.5786,20.7162,62.8430,81.0899,38.2614
2021-05-05,22.8054,41.0528,12.3092,46.5071,12.7243,27.8401,13.6215,13.6214,13.6213,,,16.5779,20.7040,62.3246,81.5703,37.9923
2021-05-04,22.7858,40.9667,12.2811,46.3925,12.6911,27.7635,13.5772,13.5771,13.5770,,,16.5773,20.6872,62.2810,82.0711,37.5766
2021-05-03,22.8325,41.1965,12.3569,46.7054,12.7831,27.9787,13.7061,13.7060,13.7058,,,16.5766,20.6695,62.7002,83.2514,38.0128
2021-04-30,22.8112,41.1067,12.3276,46.5860,12.7485,27.8985,13.6596,13.6595,13.6594,,,16.5744,20.6550,62.5284,83.3603,37.7690
2021-04-29,22.8542,41.3190,12.3976,46.8748,12.8333,28.0968,13.7786,13.7785,13.7783,,,16.5737,20.6357,62.9764,84.3189,38.1468
2021-04-28,22.8385,41.2478,12.3746,46.7813,12.8066,28.0353,13.7416,13.7415,13.7413,,,16.5729,20.6480,62.5502,84.7601,38.1333
2021-04-27,22.8374,41.2477,12.3746,46.7817,12.8067,28.0357,13.7427,13.7425,13.7424,,,16.5722,20.6359,62.6026,84.8123,38.0865
2021-04-26,22.8464,41.2854,12.3870,46.8324,12.8216,28.0700,13.7603,13.7602,13.7600,,,16.5715,20.6818,62.6156,84.7777,38.2224
2021-04-23,22.8332,41.2269,12.3677,46.7523,12.7977,28.0139,13.7265,13.7264,13.7263,,,16.5693,20.6910,62.5044,83.7837,38.2465
2021-04-22,22.7828,40.9865,12.2886,46.4261,12.7019,27.7901,13.5934,13.5933,13.5931,,,16.5686,20.7004,61.8269,82.3215,38.0553
2021-04-21,22.7991,41.0665,12.3147,46.5330,12.7328,27.8618,13.6365,13.6364,13.6362,,,16.5678,20.6877,62.3962,82.4299,37.8863
2021-04-20,22.7551,40.8602,12.2467,46.2527,12.6504,27.6692,13.5231,13.5230,13.5229,,,16.5671,20.6730,61.8208,80.9492,37.7731
2021-04-19,22.8083,41.1241,12.3337,46.6122,12.7561,27.9167,13.6721,13.6720,13.6718,,,16.5664,20.6422,62.2421,82.2392,38.3485
2021-04-16,22.8224,41.1987,12.3586,46.7156,12.7869,27.9890,13.7141,13.7140,13.7139,,,16.5642,20.6599,62.5744,83.2814,38.1916
2021-04-15,22.8033,41.1044,12.3278,46.5892,12.7501,27.9032,13.6608,13.6607,13.6606,,,16.5635,20.7038,62.3491,83.3150,37.9512
2021-04-14,22.7516,40.8755,12.2526,46.2812,12.6602,27.6945,13.5421,13.5420,13.5419,,,16.5628,20.6243,61.6640,82.5563,37.7450
2021-04-13,22.7529,40.8817,12.2546,46.2889,12.6622,27.6990,13.5442,13.5441,13.5439,,,16.5620,20.6339,61.9095,82.5086,37.5586
2021-04-12,22.7316,40.7917,12.2250,46.1679,12.6267,27.6168,13.4986,13.4985,13.4983,,,16.5613,20.5837,61.7062,82.0918,37.4530
2021-04-09,22.7359,40.8198,12.2344,46.2070,12.6383,27.6440,13.5147,13.5146,13.5144,,,16.5591,20.5872,61.7171,82.1306,37.5654
2021-04-08,22.7144,40.7188,12.2014,46.0722,12.5993,27.5532,13.4599,13.4597,13.4596,,,16.5584,20.6098,61.2437,82.0074,37.5606
2021-04-07,22.6836,40.5826,12.1566,45.8880,12.5451,27.4274,13.3883,13.3882,13.3880,,,16.5577,20.5621,60.9726,81.1713,37.3879
2021-04-06,22.6808,40.5708,12.1530,45.8747,12.5419,27.4204,13.3830,13.3829,13.3827,,,16.5569,20.5854,60.8819,82.0083,37.2575
2021-04-05,22.6833,40.5934,12.1604,45.9049,12.5505,27.4406,13.3982,13.3981,13.3979,,,16.5562,20.5303,60.9382,81.6487,37.4032
2021-04-01,22.6214,40.3129,12.0688,45.5310,12.4420,27.1890,13.2490,13.2488,13.2486,,,16.5532,20.5553,60.0631,81.3885,37.0177
2021-03-31,22.5543,40.0113,11.9697,45.1248,12.3231,26.9128,13.0904,13.0902,13.0900,,,16.5526,20.4860,59.3616,79.9806,36.6357
2021-03-30,22.5417,39.9510,11.9498,45.0421,12.2985,26.8550,13.0563,13.0561,13.0559,,,16.5520,20.4869,59.1425,78.9861,36.7571
2021-03-29,22.5390,39.9393,11.9456,45.0235,12.2923,26.8400,13.0482,13.0480,13.0478,,,16.5514,20.4717,59.3231,78.0816,36.7178
2021-03-26,22.5658,40.0728,11.9901,45.2083,12.3474,26.9694,13.1227,13.1225,13.1223,,,16.5496,20.5049,59.3752,79.8087,36.9235
2021-03-25,22.4827,39.6795,11.8612,44.6802,12.1934,26.6113,12.9108,12.9107,12.9105,,,16.5489,20.5354,58.4038,78.6090,36.3025
2021-03-24,22.4615,39.5751,11.8268,44.5381,12.1515,26.5132,12.8516,12.8515,12.8513,,,16.5483,20.5606,58.0973,77.5100,36.3145
2021-03-23,22.4936,39.7378,11.8807,44.7615,12.2177,26.6684,12.9447,12.9446,12.9444,,,16.5477,20.5379,58.4133,79.3173,36.4300
2021-03-22,22.5500,40.0213,11.9742,45.1480,12.3316,26.9353,13.1053,13.1052,13.1050,,,16.5471,20.4851,58.8626,81.5095,36.9018
2021-03-19,22.5273,39.9322,11.9453,45.0314,12.2981,26.8585,13.0635,13.0634,13.0631,,,16.5452,20.4328,58.4516,81.6353,36.9038
2021-03-18,22.5224,39.9105,11.9380,45.0008,12.2888,26.8364,13.0509,13.0508,13.0505,,,16.5446,20.4234,58.4815,80.9889,36.9026
2021-03-17,22.5941,40.2469,12.0489,45.4571,12.4230,27.1491,13.2319,13.2318,13.2316,,,16.5440,20.4867,59.3548,83.4647,37.1063
2021-03-16,22.5756,40.1582,12.0198,45.3371,12.3878,27.0669,13.1825,13.1824,13.1822,,,16.5434,20.5023,59.1839,82.9876,36.9510
2021-03-15,22.5770,40.1695,12.0239,45.3553,12.3938,27.0817,13.1911,13.1910,13.1908,,,16.5428,20.5077,59.2756,84.1508,36.7132
2021-03-12,22.5488,40.0450,11.9830,45.1880,12.3448,26.9679,13.1253,13.1252,13.1250,,,16.5409,20.4879,58.8906,83.2910,36.6904
2021-03-11,22.5500,40.0342,11.9795,45.1723,12.3401,26.9559,13.1120,13.1119,13.1118,,,16.5403,20.5964,58.8159,82.9816,36.7071
2021-03-10,22.4903,39.7503,11.8861,44.7876,12.2271,26.6921,12.9567,12.9567,12.9565,,,16.5397,20.5995,58.2064,80.8858,36.4054
2021-03-09,22.4591,39.6099,11.8400,44.5990,12.1718,26.5639,12.8832,12.8831,12.8829,,,16.5391,20.5722,57.8543,80.0832,36.2826
2021-03-08,22.3835,39.2642,11.7265,44.1335,12.0355,26.2471,12.7007,12.7006,12.7004,,,16.5385,20.5137,57.0422,78.1558,35.9095
2021-03-05,22.4086,39.3785,11.7641,44.2871,12.0804,26.3509,12.7582,12.7581,12.7579,,,16.5366,20.5751,57.3487,78.5940,36.0141
2021-03-04,22.3383,39.0482,11.6560,43.8447,11.9515,26.0516,12.5816,12.5815,12.5814,,,16.5360,20.5958,56.2495,77.3815,35.8006
2021-03-03,22.4124,39.3931,11.7695,44.3113,12.0886,26.3706,12.7655,12.7654,12.7653,,,16.5354,20.6606,57.0046,79.6423,36.1740
2021-03-02,22.4699,39.6579,11.8567,44.6691,12.1936,26.6147,12.9052,12.9052,12.9051,,,16.5348,20.7282,57.7561,81.3746,36.3008
2021-03-01,22.5003,39.8090,11.9065,44.8744,12.2540,26.7559,12.9893,12.9893,12.9892,,,16.5342,20.7061,58.2263,82.7846,36.2880
2021-02-26,22.3956,39.3109,11.7431,44.2037,12.0579,26.2994,12.7194,12.7194,12.7194,,,16.5337,20.7403,56.8721,80.2962,35.7955
2021-02-25,22.4202,39.4599,11.7918,44.4049,12.1163,26.4366,12.8102,12.8101,12.8099,,,16.5322,20.5702,57.1374,80.0033,36.3578
2021-02-24,22.5432,40.0194,11.9758,45.1591,12.3373,26.9499,13.1027,13.1027,13.1026,,,16.5317,20.7340,58.5631,83.0091,36.8649
2021-02-23,22.5051,39.8362,11.9157,44.9123,12.2651,26.7817,13.0024,13.0024,13.0024,,,16.5313,20.7584,57.9049,81.9282,36.8513
2021-02-22,22.5055,39.8403,11.9173,44.9197,12.2677,26.7882,13.0058,13.0058,13.0057,,,16.5308,20.7690,57.8311,82.4579,36.8414
2021-02-19,22.5378,39.9931,11.9678,45.1278,12.3291,26.9313,13.0871,13.0872,13.0872,,,16.5293,20.8213,58.2765,83.8982,36.8219
2021-02-18,22.5270,39.9277,11.9459,45.0352,12.3011,26.8644,13.0438,13.0439,13.0439,,,16.5288,20.8859,58.3815,82.5045,36.6474
2021-02-17,22.5547,40.0626,11.9904,45.2190,12.3553,26.9910,13.1183,13.1184,13.1184,,,16.5283,20.8903,58.6382,83.5239,36.8246
2021-02-16,22.5768,40.1771,12.0283,45.3757,12.4016,27.0996,13.1843,13.1844,13.1844,,,16.5278,20.8572,58.6471,84.2682,37.2076
2021-02-12,22.5607,40.0961,12.0020,45.2680,12.3705,27.0270,13.1371,13.1372,13.1372,,,16.5258,20.9403,58.6737,84.7162,36.7143
2021-02-11,22.5431,40.0044,11.9719,45.1442,12.3343,26.9423,13.0839,13.0840,13.0841,,,16.5253,21.0006,58.3956,84.2945,36.6110
2021-02-10,22.5310,39.9446,11.9523,45.0630,12.3105,26.8865,13.0497,13.0498,13.0499,,,16.5248,21.0240,58.2868,83.8722,36.5121
2021-02-09,22.5267,39.9309,11.9478,45.0453,12.3054,26.8749,13.0447,13.0448,13.0449,,,16.5244,20.9936,58.3054,83.9468,36.4420
2021-02-08,22.5183,39.8926,11.9351,44.9928,12.2897,26.8383,13.0235,13.0236,13.0237,,,16.5239,20.9885,58.3606,83.5447,36.3007
2021-02-05,22.4674,39.6596,11.8586,44.6783,12.1974,26.6235,12.8988,12.8989,12.8990,,,16.5224,20.9665,57.9305,82.0544,35.9659
2021-02-04,22.4359,39.5068,11.8083,44.4713,12.1366,26.4813,12.8141,12.8142,12.8142,,,16.5219,20.9930,57.6991,80.9951,35.6930
2021-02-03,22.3972,39.3258,11.7489,44.2272,12.0651,26.3149,12.7167,12.7168,12.7169,,,16.5214,20.9923,57.0737,79.6231,35.7287
2021-02-02,22.3850,39.2641,11.7287,44.1441,12.0408,26.2582,12.6816,12.6817,12.6818,,,16.5209,21.0289,57.0159,79.4286,35.5329
2021-02-01,22.3238,38.9759,11.6343,43.7578,11.9281,25.9961,12.5275,12.5276,12.5277,,,16.5205,21.0586,56.2338,78.0376,35.2537
2021-01-29,22.2547,38.6548,11.5290,43.3262,11.8019,25.7029,12.3569,12.3570,12.3571,,,16.5201,21.0455,55.3453,76.3173,35.0033
2021-01-28,22.3439,39.0708,11.6652,43.8829,11.9640,26.0789,12.5752,12.5753,12.5754,,,16.5189,21.0648,56.4280,77.4542,35.5876
2021-01-27,22.3098,38.9077,11.6117,43.6634,11.8999,25.9297,12.4866,12.4867,12.4868,,,16.5186,21.0870,55.8775,76.5946,35.5295
2021-01-26,22.4243,39.4487,11.7891,44.3904,12.1121,26.4229,12.7758,12.7759,12.7760,,,16.5182,21.0811,57.3503,78.6099,36.1695
2021-01-25,22.4290,39.4738,11.7976,44.4263,12.1231,26.4490,12.7910,12.7911,12.7912,,,16.5178,21.0851,57.4356,79.4762,36.0432
2021-01-22,22.4267,39.4765,11.7987,44.4321,12.1251,26.4545,12.7971,12.7972,12.7973,,,16.5166,21.0380,57.2283,79.6030,36.2547
2021-01-21,22.4384,39.5322,11.8167,44.5052,12.1460,26.5028,12.8256,12.8257,12.8258,,,16.5163,21.0312,57.4005,79.1682,36.4215
2021-01-20,22.4342,39.5104,11.8098,44.4773,12.1383,26.4848,12.8135,12.8136,12.8137,,,16.5159,21.0630,57.3777,79.6544,36.2434
2021-01-19,22.3858,39.2876,11.7370,44.1801,12.0519,26.2847,12.6970,12.6971,12.6972,,,16.5155,21.0574,56.5891,79.0346,36.1259
2021-01-15,22.3489,39.1234,11.6832,43.9601,11.9876,26.1356,12.6111,12.6112,12.6113,,,16.5140,21.0356,56.1305,78.1968,36.0051
2021-01-14,22.3929,39.3367,11.7533,44.2479,12.0719,26.3318,12.7275,12.7276,12.7277,,,16.5136,21.0084,56.5362,79.1185,36.4087
2021-01-13,22.3878,39.3057,11.7428,44.2032,12.0582,26.2989,12.7063,12.7064,12.7065,,,16.5132,21.0394,56.7413,78.3317,36.2083
2021-01-12,22.3766,39.2677,11.7305,44.1546,12.0444,26.2680,12.6922,12.6923,12.6923,,,16.5129,20.9709,56.6117,78.7311,36.1288
2021-01-11,22.3622,39.1966,11.7069,44.0561,12.0149,26.1986,12.6511,12.6512,12.6512,,,16.5125,20.9760,56.5882,77.5631,36.0531
2021-01-08,22.4015,39.3802,11.7669,44.3015,12.0862,26.3637,12.7465,12.7466,12.7467,,,16.5113,20.9966,56.9622,77.5623,36.5009
2021-01-07,22.3694,39.2293,11.7177,44.1003,12.0278,26.2283,12.6663,12.6664,12.6665,,,16.5110,21.0204,56.6440,77.5131,36.1346
2021-01-06,22.3146,38.9716,11.6332,43.7539,11.9265,25.9927,12.5283,12.5283,12.5284,,,16.5106,21.0339,55.8038,75.8003,36.1161
2021-01-05,22.2686,38.7397,11.5570,43.4397,11.8342,25.7768,12.3971,12.3972,12.3974,,,16.5102,21.1343,55.4862,74.2207,35.6500
2021-01-04,22.2429,38.6110,11.5147,43.2656,11.7831,25.6574,12.3247,12.3248,12.3250,,,16.5099,21.1862,55.0890,73.1568,35.6329
2020-12-31,22.2777,38.7770,11.5691,43.4882,11.8480,25.8081,12.4120,12.4121,12.4123,,,16.5083,21.1961,55.9119,74.2011,35.3888
2020-12-30,22.2726,38.7605,11.5640,43.4687,11.8429,25.7970,12.4068,12.4069,12.4071,,,16.5079,21.1768,55.5500,74.4530,35.6180
2020-12-29,22.2601,38.7036,11.5453,43.3914,11.8200,25.7436,12.3764,12.3765,12.3767,,,16.5075,21.1628,55.4696,73.8024,35.5781
2020-12-28,22.2517,38.6689,11.5342,43.3473,11.8077,25.7157,12.3606,12.3607,12.3609,,,16.5072,21.1587,55.5933,74.7005,35.1518
2020-12-24,22.2205,38.5355,11.4911,43.1740,11.7583,25.6026,12.2957,12.2958,12.2959,,,16.5056,21.1497,55.1124,75.4766,34.8889
2020-12-23,22.2066,38.4775,11.4723,43.0982,11.7365,25.5528,12.2683,12.2683,12.2685,,,16.5052,21.1234,54.9125,75.6240,34.8126
2020-12-22,22.1874,38.3838,11.4417,42.9726,11.6999,25.4675,12.2171,12.2172,12.2173,,,16.5048,21.1542,54.8709,75.4484,34.4679
2020-12-21,22.1850,38.3753,11.4386,42.9589,11.6952,25.4562,12.2119,12.2120,12.2121,,,16.5045,21.1252,54.9810,74.6511,34.4964
2020-12-18,22.2229,38.5565,11.4978,43.2007,11.7654,25.6188,12.3068,12.3069,12.3071,,,16.5033,21.1218,55.1953,74.5379,35.1114
2020-12-17,22.2387,38.6280,11.5211,43.2949,11.7926,25.6813,12.3424,12.3424,12.3426,,,16.5029,21.1357,55.3851,74.3614,35.2723
2020-12-16,22.1983,38.4381,11.4588,43.0393,11.7177,25.5070,12.2411,12.2412,12.2413,,,16.5025,21.1339,55.0658,73.1929,34.9737
2020-12-15,22.1770,38.3430,11.4278,42.9134,11.6812,25.4227,12.1928,12.1929,12.1931,,,16.5022,21.1241,54.9683,73.2651,34.6469
2020-12-14,22.1310,38.1260,11.3568,42.6230,11.5965,25.2262,12.0777,12.0778,12.0780,,,16.5018,21.1453,54.2663,72.0817,34.5787
2020-12-11,22.1307,38.1280,11.3574,42.6247,11.5967,25.2263,12.0782,12.0783,12.0784,,,16.5006,21.1385,54.4938,71.8770,34.4238
2020-12-10,22.1438,38.1931,11.3788,42.7126,11.6225,25.2864,12.1138,12.1138,12.1140,,,16.5002,21.1259,54.5620,72.1858,34.5896
2020-12-09,22.1361,38.1625,11.3684,42.6692,11.6091,25.2548,12.0978,12.0979,12.0980,,,16.4999,21.0777,54.6282,71.2063,34.6120
2020-12-08,22.1612,38.2768,11.4060,42.8233,11.6543,25.3599,12.1568,12.1569,12.1570,,,16.4995,21.1181,55.0628,72.3324,34.4672
2020-12-07,22.1476,38.2143,11.3854,42.7386,11.6294,25.3016,12.1234,12.1235,12.1236,,,16.4991,21.1089,54.9085,71.6364,34.4812
2020-12-04,22.1527,38.2478,11.3962,42.7829,11.6420,25.3311,12.1428,12.1428,12.1430,,,16.4979,21.0663,55.0153,71.3797,34.6040
2020-12-03,22.1176,38.0753,11.3397,42.5508,11.5741,25.1727,12.0481,12.0482,12.0483,,,16.4975,21.1200,54.5290,70.1509,34.5250
2020-12-02,22.0966,37.9832,11.3094,42.4264,11.5374,25.0875,12.0009,12.0010,12.0011,,,16.4972,21.0772,54.5530,69.4698,34.2669
2020-12-01,22.0880,37.9432,11.2965,42.3740,11.5224,25.0528,11.9801,11.9802,11.9803,,,16.4968,21.0938,54.4504,69.6009,34.1572
2020-11-30,22.0426,37.7239,11.2251,42.0825,11.4379,24.8569,11.8630,11.8631,11.8632,,,16.4964,21.1668,53.8426,69.1907,33.8194
2020-11-27,22.0803,37.9069,11.2850,42.3283,11.5097,25.0239,11.9606,11.9606,11.9608,,,16.4952,21.1518,54.0824,69.9555,34.2431
2020-11-25,22.0527,37.7869,11.2457,42.1678,11.4628,24.9152,11.8999,11.9000,11.9001,,,16.4945,21.1087,53.9482,69.3425,33.9987
2020-11-24,22.0571,37.8065,11.2520,42.1930,11.4698,24.9313,11.9090,11.9090,11.9092,,,16.4941,21.1120,54.0324,69.1067,34.0506
2020-11-23,21.9712,37.4105,11.1230,41.6673,11.3173,24.5785,11.7046,11.7047,11.7049,,,16.4937,21.1336,53.1722,68.1804,33.3313
2020-11-20,21.9537,37.3279,11.0959,41.5554,11.2842,24.5011,11.6589,11.6589,11.6591,,,16.4926,21.1560,52.8679,66.9873,33.4891
2020-11-19,21.9607,37.3643,11.1076,41.6026,11.2976,24.5318,11.6781,11.6782,11.6784,,,16.4922,21.1232,53.2293,66.9221,33.3441
2020-11-18,21.9407,37.2780,11.0792,41.4866,11.2634,24.4527,11.6346,11.6346,11.6348,,,16.4918,21.0812,53.0165,66.0951,33.3608
2020-11-17,21.9775,37.4482,11.1346,41.7115,11.3285,24.6027,11.7215,11.7215,11.7216,,,16.4915,21.0739,53.6275,66.3616,33.4814
2020-11-16,21.9759,37.4450,11.1332,41.7050,11.3259,24.5963,11.7197,11.7198,11.7199,,,16.4911,21.0339,53.8774,65.8026,33.3779
2020-11-13,21.9179,37.1832,11.0479,41.3575,11.2249,24.3627,11.5855,11.5856,11.5857,,,16.4899,21.0321,53.2559,64.7439,33.0599
2020-11-12,21.8674,36.9541,10.9733,41.0539,11.1368,24.1592,11.4686,11.4687,11.4688,,,16.4895,21.0311,52.5354,63.8517,32.9320
2020-11-10,21.8582,36.9280,10.9648,41.0203,11.1270,24.1373,11.4605,11.4605,11.4605,,,16.4888,20.9453,52.6519,63.9375,32.7468
2020-11-09,21.8409,36.8479,10.9387,40.9134,11.0959,24.0651,11.4183,11.4183,11.4184,,,16.4884,20.9609,52.7165,63.7591,32.3889
2020-11-06,21.7714,36.5229,10.8332,40.4843,10.9718,23.7782,11.2491,11.2492,11.2493,,,16.4872,21.0612,52.1005,63.3109,31.6423
2020-11-05,21.7681,36.5031,10.8268,40.4582,10.9644,23.7608,11.2371,11.2372,11.2373,,,16.4869,21.1051,52.1089,63.4294,31.5106
2020-11-04,21.6631,36.0371,10.6754,39.8435,10.7862,23.3501,11.0042,11.0043,11.0044,,,16.4865,21.0843,51.1045,61.7840,30.8492
2020-11-03,21.5728,35.6586,10.5529,39.3488,10.6435,23.0231,10.8248,10.8249,10.8249,,,16.4861,20.9572,50.0028,60.8118,30.5556
2020-11-02,21.4638,35.1750,10.3961,38.7131,10.4595,22.5994,10.5841,10.5841,10.5842,,,16.4858,20.9769,49.1277,59.2960,29.6925
2020-10-30,21.3998,34.8962,10.3057,38.3472,10.3538,22.3561,10.4471,10.4471,10.4472,,,16.4851,20.9591,48.5296,58.5073,29.2701
2020-10-29,21.4513,35.1256,10.3802,38.6498,10.4416,22.5586,10.5611,10.5612,10.5612,,,16.4844,20.9739,49.1202,59.6906,29.4250
2020-10-28,21.4199,34.9794,10.3329,38.4576,10.3861,22.4306,10.4859,10.4859,10.4860,,,16.4841,21.0248,48.5359,59.1582,29.4311
2020-10-27,21.5789,35.6882,10.5629,39.3902,10.6557,23.0513,10.8389,10.8390,10.8391,,,16.4838,21.0380,50.3120,60.8345,30.4015
2020-10-26,21.5972,35.7769,10.5918,39.5082,10.6900,23.1308,10.8859,10.8859,10.8860,,,16.4835,21.0089,50.4639,61.1601,30.5798
2020-10-23,21.6745,36.1351,10.7083,39.9820,10.8273,23.4480,11.0692,11.0692,11.0693,,,16.4825,20.9674,51.4193,62.4007,30.9743
2020-10-22,21.6520,36.0362,10.6761,39.8513,10.7894,23.3605,11.0198,11.0198,11.0199,,,16.4821,20.9549,51.2424,62.0365,30.8071
2020-10-21,21.6443,35.9968,10.6631,39.7978,10.7736,23.3235,10.9973,10.9973,10.9974,,,16.4818,20.9820,50.9718,61.3093,31.0193
2020-10-20,21.6569,36.0542,10.6820,39.8749,10.7962,23.3760,11.0267,11.0268,11.0269,,,16.4815,20.9953,51.0818,61.8329,31.0463
2020-10-19,21.6396,35.9721,10.6555,39.7673,10.7653,23.3048,10.9840,10.9840,10.9841,,,16.4812,21.0387,50.8413,61.8859,30.8921
2020-10-16,21.6897,36.1978,10.7287,40.0645,10.8512,23.5025,11.0962,11.0963,11.0964,,,16.4801,21.0538,51.6835,62.5392,30.9418
2020-10-15,21.6810,36.1600,10.7166,40.0155,10.8372,23.4704,11.0778,11.0779,11.0780,,,16.4798,21.0564,51.6773,62.7755,30.7444
2020-10-14,21.7163,36.3176,10.7677,40.2228,10.8970,23.6081,11.1560,11.1561,11.1562,,,16.4795,21.0692,51.7551,62.5285,31.3652
2020-10-13,21.7351,36.4044,10.7960,40.3376,10.9303,23.6848,11.2002,11.2003,11.2004,,,16.4792,21.0631,52.0953,62.8782,31.3545
2020-10-09,21.7030,36.2749,10.7540,40.1684,10.8815,23.5731,11.1394,11.1395,11.1396,,,16.4778,21.0032,51.5806,62.4719,31.3947
2020-10-08,21.6637,36.0991,10.6969,39.9368,10.8145,23.4187,11.0512,11.0512,11.0513,,,16.4775,21.0073,51.1298,61.9937,31.1711
2020-10-07,21.6238,35.9259,10.6407,39.7090,10.7486,23.2669,10.9660,10.9661,10.9662,,,16.4772,20.9810,50.7080,61.4357,30.9675
2020-10-06,21.5619,35.6422,10.5486,39.3342,10.6400,23.0162,10.8209,10.8210,10.8211,,,16.4768,21.0239,49.8398,60.2628,30.7978
2020-10-05,21.6070,35.8482,10.6152,39.6041,10.7176,23.1948,10.9243,10.9244,10.9245,,,16.4765,20.9840,50.5446,60.5835,30.9627
2020-10-02,21.5243,35.4729,10.4933,39.1088,10.5742,22.8637,10.7333,10.7333,10.7335,,,16.4755,21.0394,49.6472,59.2290,30.4846
2020-10-01,21.5541,35.6021,10.5351,39.2773,10.6226,22.9745,10.7954,10.7954,10.7956,,,16.4752,21.0566,50.1265,59.3295,30.5574
2020-09-30,21.5237,35.4660,10.4907,39.0958,10.5694,22.8514,10.7257,10.7258,10.7259,,,16.4749,21.0483,49.8576,58.2178,30.4808
2020-09-29,21.5132,35.4158,10.4745,39.0303,10.5507,22.8082,10.6998,10.6999,10.7000,,,16.4746,21.0792,49.4486,57.9305,30.6881
2020-09-28,21.5202,35.4514,10.4860,39.0770,10.5641,22.8393,10.7185,10.7186,10.7187,,,16.4742,21.0551,49.6813,58.1233,30.5961
2020-09-25,21.4343,35.0713,10.3628,38.5781,10.4198,22.5073,10.5308,10.5309,10.5310,,,16.4732,21.0546,48.8930,56.9157,30.0206
2020-09-24,21.3825,34.8382,10.2872,38.2714,10.3310,22.3027,10.4144,10.4144,10.4146,,,16.4729,21.0693,48.1230,55.7378,30.0164
2020-09-23,21.3855,34.8533,10.2923,38.2925,10.3374,22.3177,10.4227,10.4228,10.4229,,,16.4726,21.0738,47.9774,55.8642,30.1807
2020-09-22,21.4713,35.2372,10.4168,38.7975,10.4836,22.6542,10.6128,10.6128,10.6130,,,16.4723,21.0908,49.1388,57.4905,30.3473
2020-09-21,21.4456,35.1248,10.3805,38.6506,10.4413,22.5572,10.5582,10.5582,10.5584,,,16.4720,21.0805,48.6280,57.1023,30.4396
2020-09-18,21.5296,35.5097,10.5056,39.1588,10.5886,22.8968,10.7519,10.7519,10.7521,,,16.4710,21.0747,49.1957,57.9813,31.3423
2020-09-17,21.5589,35.6384,10.5472,39.3266,10.6367,23.0071,10.8138,10.8138,10.8140,,,16.4707,21.0941,49.7521,58.1377,31.3305
2020-09-16,21.5964,35.8114,10.6034,39.5551,10.7029,23.1599,10.9014,10.9015,10.9016,,,16.4704,21.0830,50.1729,58.6849,31.5581
2020-09-15,21.5972,35.8134,10.6039,39.5562,10.7029,23.1592,10.9006,10.9007,10.9008,,,16.4700,21.0901,50.4047,58.5072,31.3925
2020-09-14,21.5760,35.7165,10.5724,39.4283,10.6658,23.0736,10.8514,10.8515,10.8517,,,16.4697,21.1009,50.1418,58.0638,31.3233
2020-09-11,21.5121,35.4297,10.4790,39.0481,10.5551,22.8178,10.7064,10.7065,10.7066,,,16.4687,21.0933,49.4946,56.3740,31.1003
2020-09-10,21.4935,35.3509,10.4536,38.9458,10.5257,22.7507,10.6691,10.6692,10.6693,,,16.4684,21.0753,49.4665,56.6204,30.7552
2020-09-09,21.5567,35.6370,10.5462,39.3206,10.6337,22.9991,10.8111,10.8111,10.8112,,,16.4681,21.0533,50.3492,57.2415,31.0147
2020-09-08,21.4723,35.2529,10.4215,38.8147,10.4874,22.6617,10.6178,10.6179,10.6180,,,16.4678,21.0762,49.3524,56.1380,30.5456
2020-09-04,21.5748,35.7293,10.5765,39.4450,10.6702,23.0838,10.8603,10.8603,10.8604,,,16.4664,21.0419,50.7582,58.0927,30.8661
2020-09-03,21.6104,35.8748,10.6239,39.6366,10.7258,23.2113,10.9271,10.9272,10.9274,,,16.4661,21.1669,51.1753,58.6145,30.9329
2020-09-02,21.7527,36.5301,10.8370,40.5035,10.9771,23.7915,11.2603,11.2604,11.2605,,,16.4658,21.1424,53.0271,60.9202,31.5383
2020-09-01,21.6886,36.2489,10.7459,40.1348,10.8708,23.5474,11.1231,11.1232,11.1233,,,16.4655,21.0979,52.2193,60.6074,31.1782
2020-08-31,21.6675,36.1593,10.7167,40.0166,10.8365,23.4685,11.0801,11.0801,11.0803,,,16.4652,21.0555,51.8280,60.0460,31.2929
2020-08-28,21.6686,36.1741,10.7215,40.0362,10.8420,23.4815,11.0900,11.0900,11.0901,,,16.4644,21.0059,51.9359,59.9647,31.3029
2020-08-27,21.6383,36.0394,10.6777,39.8587,10.7906,23.3630,11.0230,11.0231,11.0232,,,16.4642,20.9903,51.5839,59.5410,31.1569
2020-08-26,21.6477,36.0717,10.6882,39.9000,10.8025,23.3896,11.0348,11.0349,11.0350,,,16.4639,21.0594,51.4946,59.2573,31.3974
2020-08-25,21.6105,35.9029,10.6335,39.6787,10.7387,23.2430,10.9506,10.9506,10.9508,,,16.4637,21.0743,50.9743,59.0016,31.2121
2020-08-24,21.6015,35.8577,10.6189,39.6192,10.7216,23.2032,10.9261,10.9262,10.9264,,,16.4634,21.1124,50.7909,58.8468,31.2049
2020-08-21,21.5484,35.6215,10.5424,39.3091,10.6320,22.9972,10.8089,10.8090,10.8092,,,16.4626,21.1130,50.2797,58.4190,30.7825
2020-08-20,21.5462,35.6155,10.5406,39.3027,10.6305,22.9942,10.8078,10.8079,10.8080,,,16.4623,21.1039,50.1044,58.5976,30.8826
2020-08-19,21.5482,35.6298,10.5453,39.3222,10.6363,23.0078,10.8168,10.8169,10.8170,,,16.4621,21.0782,49.9451,58.5168,31.1165
2020-08-18,21.5674,35.7166,10.5735,39.4366,10.6694,23.0839,10.8600,10.8601,10.8602,,,16.4618,21.0831,50.1581,58.7357,31.2359
2020-08-17,21.5602,35.6881,10.5644,39.4007,10.6593,23.0613,10.8477,10.8478,10.8479,,,16.4616,21.0723,50.0351,58.9669,31.1849
2020-08-14,21.5401,35.6006,10.5358,39.2841,10.6252,22.9823,10.8035,10.8035,10.8037,,,16.4608,21.0562,49.8978,58.3233,31.0949
2020-08-13,21.5531,35.6585,10.5547,39.3606,10.6474,23.0336,10.8320,10.8321,10.8322,,,16.4605,21.0697,49.9033,58.4054,31.3075
2020-08-12,21.5577,35.6706,10.5585,39.3752,10.6514,23.0421,10.8341,10.8342,10.8344,,,16.4603,21.1266,49.9930,58.2475,31.2842
2020-08-11,21.4850,35.3421,10.4520,38.9437,10.5268,22.7552,10.6704,10.6705,10.6707,,,16.4600,21.1453,49.2962,57.6233,30.6860
2020-08-10,21.5000,35.3959,10.4695,39.0136,10.5470,22.8010,10.6919,10.6921,10.6923,,,16.4598,21.2400,49.6924,58.0389,30.4217
2020-08-07,21.4885,35.3463,10.4535,38.9490,10.5285,22.7583,10.6673,10.6674,10.6676,,,16.4589,21.2513,49.5550,57.9859,30.3493
2020-08-06,21.4913,35.3565,10.4568,38.9619,10.5321,22.7664,10.6711,10.6712,10.6714,,,16.4587,21.2672,49.5137,57.7817,30.4662
2020-08-05,21.4862,35.3404,10.4518,38.9428,10.5270,22.7555,10.6661,10.6662,10.6664,,,16.4584,21.2439,49.1916,57.9091,30.6744
2020-08-04,21.4451,35.1528,10.3909,38.6951,10.4551,22.5895,10.5713,10.5714,10.5716,,,16.4582,21.2617,48.8782,57.1532,30.3446
2020-08-03,21.4155,35.0298,10.3510,38.5342,10.4086,22.4829,10.5134,10.5135,10.5137,,,16.4579,21.2096,48.7017,56.8998,30.0819
2020-07-31,21.3712,34.8308,10.2864,38.2717,10.3324,22.3071,10.4131,10.4132,10.4134,,,16.4569,21.2285,48.3531,56.0108,29.7687
2020-07-30,21.3776,34.8652,10.2979,38.3199,10.3471,22.3417,10.4333,10.4334,10.4336,,,16.4566,21.2192,47.9813,56.3426,30.1872
2020-07-29,21.4081,35.0078,10.3441,38.5070,10.4010,22.4659,10.5054,10.5055,10.5057,,,16.4563,21.1792,48.1522,56.4478,30.6200
2020-07-28,21.3665,34.8211,10.2834,38.2604,10.3294,22.3007,10.4118,10.4119,10.4121,,,16.4560,21.1786,47.5608,55.2788,30.6526
2020-07-27,21.3885,34.9251,10.3172,38.3979,10.3693,22.3930,10.4653,10.4654,10.4655,,,16.4557,21.1516,47.8700,55.8738,30.6782
2020-07-24,21.3473,34.7407,10.2573,38.1550,10.2988,22.2305,10.3727,10.3728,10.3730,,,16.4547,21.1661,47.5181,55.0793,30.4101
2020-07-23,21.3725,34.8552,10.2947,38.3070,10.3431,22.3328,10.4304,10.4305,10.4306,,,16.4544,21.1756,47.8134,55.8492,30.4404
2020-07-22,21.4155,35.0503,10.3577,38.5622,10.4166,22.5017,10.5269,10.5270,10.5272,,,16.4541,21.1547,48.4058,56.2313,30.6312
2020-07-21,21.4027,34.9978,10.3408,38.4939,10.3969,22.4567,10.5025,10.5026,10.5027,,,16.4538,21.1328,48.1284,55.9494,30.7427
2020-07-20,21.3779,34.8924,10.3066,38.3556,10.3569,22.3647,10.4519,10.4520,10.4522,,,16.4535,21.1016,48.0466,55.7120,30.4498
2020-07-17,21.3415,34.7376,10.2566,38.1536,10.2986,22.2311,10.3776,10.3777,10.3778,,,16.4525,21.0783,47.6453,55.2960,30.2859
2020-07-16,21.3309,34.6892,10.2408,38.0894,10.2800,22.1879,10.3527,10.3528,10.3529,,,16.4522,21.0880,47.5075,54.9372,30.2888
2020-07-15,21.3513,34.7862,10.2723,38.2174,10.3170,22.2736,10.4025,10.4026,10.4027,,,16.4519,21.0574,47.6702,55.2910,30.4751
2020-07-14,21.2898,34.5110,10.1829,37.8542,10.2115,22.0301,10.2651,10.2651,10.2652,,,16.4515,21.0608,47.2391,53.8560,30.0643
2020-07-13,21.2263,34.2353,10.0937,37.4937,10.1074,21.7911,10.1317,10.1317,10.1318,,,16.4512,21.0316,46.6089,53.0366,29.7075
2020-07-10,21.2562,34.3736,10.1387,37.6769,10.1607,21.9144,10.2014,10.2014,10.2015,,,16.4502,21.0288,47.0497,54.1006,29.6343
2020-07-09,21.2175,34.1992,10.0822,37.4481,10.0946,21.7622,10.1144,10.1145,10.1146,,,16.4499,21.0549,46.5615,53.3815,29.5161
2020-07-08,21.2424,34.3196,10.1213,37.6071,10.1407,21.8687,10.1771,10.1772,10.1773,,,16.4496,20.9960,46.8131,53.9192,29.6863
2020-07-07,21.2148,34.1982,10.0819,37.4478,10.0946,21.7627,10.1173,10.1174,10.1175,,,16.4493,20.9946,46.4489,53.3353,29.6545
2020-07-06,21.2689,34.4434,10.1610,37.7690,10.1871,21.9759,10.2392,10.2392,10.2393,,,16.4490,20.9555,46.9567,54.0427,30.0523
2020-07-02,21.1910,34.1084,10.0531,37.3328,10.0617,21.6880,10.0780,10.0780,10.0781,,,16.4477,20.9449,46.2229,53.2754,29.5401
2020-07-01,21.1521,33.9437,10.0000,37.1183,10.0000,21.5465,10.0000,10.0000,10.0000,,,16.4474,20.9129,46.0029,53.0218,29.1428
2020-06-30,21.1365,33.8766,,37.0319,,21.4901,,,,,,16.4470,20.9168,45.7718,52.9859,29.0909
2020-06-29,21.0927,33.6846,,36.7819,,21.3251,,,,,,16.4467,20.9174,45.0742,52.1346,29.1575
2020-06-26,21.0399,33.4530,,36.4792,,21.1243,,,,,,16.4457,20.9177,44.4163,51.0974,29.0574
2020-06-25,21.1210,33.8173,,36.9540,,21.4380,,,,,,16.4454,20.8769,45.5172,52.2901,29.2696
2020-06-24,21.0723,33.6015,,36.6712,,21.2500,,,,,,16.4451,20.8695,45.0232,51.4606,29.0298
2020-06-23,21.2015,34.1789,,37.4265,,21.7509,,,,,,16.4448,20.8620,46.2165,53.1796,29.9137
2020-06-22,21.1624,34.0053,,37.2004,,21.6017,,,,,,16.4445,20.8740,46.0189,53.0551,29.4075
2020-06-19,21.1354,33.8890,,37.0491,,21.5018,,,,,,16.4435,20.8742,45.7171,52.7196,29.2879
2020-06-18,21.1562,33.9827,,37.1713,,21.5824,,,,,,16.4432,20.8718,45.9718,52.9328,29.3908
2020-06-17,21.1605,34.0068,,37.2029,,21.6035,,,,,,16.4429,20.8416,45.9447,52.8271,29.5535
2020-06-16,21.1666,34.0373,,37.2440,,21.6317,,,,,,16.4426,20.8358,46.1115,53.3428,29.4106
2020-06-15,21.0834,33.6719,,36.7683,,21.3177,,,,,,16.4423,20.8369,45.2527,52.3220,28.9501
2020-06-12,21.0436,33.4985,,36.5408,,21.1659,,,,,,16.4413,20.8332,44.8769,51.2514,28.8452
2020-06-11,20.9895,33.2506,,36.2150,,20.9486,,,,,,16.4410,20.8675,44.2870,50.2699,28.5702
2020-06-10,21.2531,34.4425,,37.7784,,21.9877,,,,,,16.4407,20.8290,47.0540,53.8901,30.1676
2020-06-09,21.2740,34.5504,,37.9228,,22.0861,,,,,,16.4403,20.7657,47.3065,54.7837,30.2166
2020-06-08,21.3126,34.7342,,38.1665,,22.2501,,,,,,16.4400,20.7235,47.6757,55.8492,30.4200
2020-06-05,21.2498,34.4615,,37.8091,,22.0123,,,,,,16.4390,20.6864,47.1062,54.6393,30.1182
2020-06-04,21.1475,34.0059,,37.2137,,21.6178,,,,,,16.4387,20.6966,45.9027,53.1559,29.6879
2020-06-03,21.1525,34.0228,,37.2353,,21.6318,,,,,,16.4384,20.7378,46.0475,53.3082,29.5706
2020-06-02,21.0714,33.6584,,36.7589,,21.3155,,,,,,16.4381,20.7787,45.4223,52.1200,28.9159
2020-06-01,21.0309,33.4821,,36.5296,,21.1643,,,,,,16.4378,20.7748,45.0511,51.6543,28.6521
2020-05-29,20.9842,33.2744,,36.2576,,20.9832,,,,,,16.4375,20.7857,44.8807,50.9480,28.1233
2020-05-28,20.9824,33.2798,,36.2659,,20.9897,,,,,,16.4365,20.7208,44.6602,50.7775,28.4140
2020-05-27,20.9698,33.2261,,36.1983,,20.9470,,,,,,16.4362,20.7399,44.7484,51.4658,27.9567
2020-05-26,20.9065,32.9549,,35.8461,,20.7146,,,,,,16.4359,20.7198,44.0941,50.3566,27.7338
2020-05-22,20.8058,32.5185,,35.2792,,20.3405,,,,,,16.4345,20.7405,43.5570,49.1967,26.7525
2020-05-21,20.8088,32.5332,,35.2979,,20.3523,,,,,,16.4342,20.7270,43.4462,48.8892,26.9875
2020-05-20,20.8427,32.6794,,35.4856,,20.4743,,,,,,16.4339,20.7182,43.7853,48.8710,27.2660
2020-05-19,20.7561,32.3148,,35.0130,,20.1634,,,,,,16.4336,20.6503,43.0600,47.7381,26.7668
2020-05-18,20.8019,32.5183,,35.2762,,20.3362,,,,,,16.4333,20.6017,43.5116,48.3032,27.0443
2020-05-15,20.6362,31.8030,,34.3509,,19.7279,,,,,,16.4323,20.6653,42.1745,46.0238,25.9658
2020-05-14,20.6219,31.7418,,34.2710,,19.6746,,,,,,16.4320,20.6641,42.0080,45.5211,25.9984
2020-05-13,20.6116,31.7051,,34.2246,,19.6449,,,,,,16.4317,20.6235,41.5206,45.0899,26.4163
2020-05-12,20.6759,31.9917,,34.5984,,19.8928,,,,,,16.4314,20.5864,42.2538,46.5888,26.5615
2020-05-11,20.7482,32.3142,,35.0180,,20.1701,,,,,,16.4311,20.5333,43.1347,48.0311,26.7346
2020-05-08,20.7575,32.3482,,35.0622,,20.1992,,,,,,16.4301,20.5989,43.1279,48.1624,26.8187
2020-05-07,20.6810,32.0121,,34.6261,,19.9115,,,,,,16.4298,20.6597,42.4045,46.7491,26.4617
2020-05-06,20.6121,31.7282,,34.2592,,19.6706,,,,,,16.4294,20.5820,41.9050,45.8097,26.0521
2020-05-05,20.6493,31.8777,,34.4507,,19.7949,,,,,,16.4291,20.6415,42.1973,45.9597,26.3127
2020-05-04,20.6032,31.6802,,34.1958,,19.6278,,,,,,16.4288,20.6573,41.8178,45.4603,25.9939
2020-05-01,20.6081,31.7023,,34.2243,,19.6462,,,,,,16.4278,20.6686,41.6421,45.1706,26.3071
2020-04-30,20.7296,32.2267,,34.9045,,20.0940,,,,,,16.4275,20.6908,42.8395,46.8323,26.9126
2020-04-29,20.7858,32.4731,,35.2262,,20.3079,,,,,,16.4271,20.6888,43.2386,48.1826,27.2076
2020-04-28,20.6644,31.9521,,34.5510,,19.8631,,,,,,16.4267,20.6880,42.1182,46.1764,26.6435
2020-04-27,20.6522,31.9059,,34.4903,,19.8222,,,,,,16.4264,20.6374,42.3374,45.9351,26.3451
2020-04-24,20.5719,31.5565,,34.0366,,19.5223,,,,,,16.4252,20.6993,41.7234,44.2616,25.9169
2020-04-23,20.5242,31.3572,,33.7805,,19.3551,,,,,,16.4248,20.6907,41.1472,43.5907,25.8280
2020-04-22,20.5131,31.3136,,33.7235,,19.3170,,,,,,16.4245,20.6659,41.1678,43.2663,25.7287
2020-04-21,20.4394,31.0006,,33.3213,,19.0547,,,,,,16.4241,20.6863,40.2455,42.4661,25.5240
2020-04-20,20.5539,31.4940,,33.9578,,19.4715,,,,,,16.4237,20.6534,41.5151,43.7870,26.0160
2020-04-17,20.6203,31.7782,,34.3225,,19.7088,,,,,,16.4226,20.6428,42.2742,44.3459,26.3088
2020-04-16,20.4979,31.2537,,33.6461,,19.2653,,,,,,16.4222,20.6931,41.1674,42.6396,25.6614
2020-04-15,20.4898,31.2272,,33.6137,,19.2455,,,,,,16.4218,20.6572,40.9303,42.6975,25.7757
2020-04-14,20.5960,31.6916,,34.2132,,19.6389,,,,,,16.4215,20.5588,41.8514,44.1251,26.4485
2020-04-13,20.4741,31.1816,,33.5586,,19.2125,,,,,,16.4211,20.5368,40.6067,43.0451,25.8529
2020-04-09,20.5208,31.3901,,33.8291,,19.3910,,,,,,16.4195,20.5031,41.0178,43.9759,26.0823
2020-04-08,20.4284,31.0188,,33.3512,,19.0778,,,,,,16.4192,20.3798,40.4256,42.3948,25.6259
2020-04-07,20.3182,30.5626,,32.7660,,18.6960,,,,,,16.4188,20.3614,39.0844,40.5207,25.5711
2020-04-06,20.2968,30.4756,,32.6543,,18.6228,,,,,,16.4184,20.3553,39.1463,40.2680,25.2419
2020-04-03,20.0249,29.3628,,31.2367,,17.7041,,,,,,16.4173,20.3869,36.5774,37.2543,24.1056
2020-04-02,20.1060,29.6979,,31.6646,,17.9824,,,,,,16.4169,20.3671,37.1334,38.2998,24.6188
2020-04-01,20.0284,29.3841,,31.2666,,17.7262,,,,,,16.4165,20.3534,36.2950,37.9828,24.2674
2020-03-31,20.2206,30.1989,,32.3116,,18.4078,,,,,,16.4160,20.3288,37.9739,40.4378,25.2887
2020-03-30,20.2631,30.3731,,32.5328,,18.5503,,,,,,16.4155,20.3493,38.5882,40.8702,25.2668
2020-03-27,20.1562,29.9477,,31.9924,,18.2020,,,,,,16.4138,20.2360,37.3302,40.0671,25.0302
2020-03-26,20.2845,30.4899,,32.6828,,18.6492,,,,,,16.4133,20.1456,38.6309,41.4565,25.5835
2020-03-25,20.0377,29.4990,,31.4277,,17.8404,,,,,,16.4127,20.0465,36.3637,39.1186,24.5491
2020-03-24,19.9333,29.0939,,30.9171,,17.5120,,,,,,16.4122,19.9764,35.9488,38.0886,23.7091
2020-03-23,19.5673,27.6451,,29.0928,,16.3417,,,,,,16.4116,19.9125,32.8598,34.6250,22.0873
2020-03-20,19.6420,27.9770,,29.5131,,16.6126,,,,,,16.4100,19.7081,33.8515,35.3017,22.3312
2020-03-19,19.7566,28.4531,,30.1136,,16.9981,,,,,,16.4094,19.5848,35.3794,36.5398,22.4389
2020-03-18,19.7055,28.2267,,29.8175,,16.7999,,,,,,16.4089,19.6429,35.2184,34.5492,22.1994
2020-03-17,19.9855,29.3120,,31.1930,,17.6879,,,,,,16.4083,20.0634,37.1328,38.3060,23.4048
2020-03-16,19.8111,28.5335,,30.1937,,17.0362,,,,,,16.4078,20.3621,35.0453,36.5634,22.5738
2020-03-13,20.3258,30.6852,,32.9342,,18.8124,,,,,,16.4061,20.1860,39.8121,42.7135,24.9151
2020-03-12,20.0226,29.3795,,31.2577,,17.7196,,,,,,16.4056,20.3097,36.4219,39.8265,23.5531
2020-03-11,20.4630,31.2795,,33.7173,,19.3353,,,,,,16.4051,20.4791,40.2436,44.5478,26.4924
2020-03-10,20.6947,32.2632,,34.9866,,20.1670,,,,,,16.4045,20.6019,42.3071,47.4976,27.7338
2020-03-09,20.5480,31.5705,,34.0847,,19.5714,,,,,,16.4040,20.9175,40.3189,45.8613,27.0008
2020-03-06,20.8902,33.1169,,36.1051,,20.9104,,,,,,16.4023,20.8495,43.6277,50.5806,29.2493
2020-03-05,20.9479,33.4144,,36.4981,,21.1739,,,,,,16.4018,20.6354,44.3831,51.7294,29.6279
2020-03-04,21.0861,34.0398,,37.3135,,21.7131,,,,,,16.4012,20.5831,45.9311,53.4803,30.3791
2020-03-03,20.9253,33.3268,,36.3850,,21.1005,,,,,,16.4007,20.5512,44.0703,51.8811,29.5412
2020-03-02,21.0169,33.7431,,36.9262,,21.4571,,,,,,16.4001,20.4879,45.3408,53.0054,29.8197
2020-02-28,20.8657,33.0835,,36.0710,,20.8952,,,,,,16.3987,20.4606,43.3479,51.4499,29.3625
2020-02-27,20.8919,33.2310,,36.2670,,21.0274,,,,,,16.3973,20.3157,43.6997,52.0696,29.5845
2020-02-26,21.0633,34.0053,,37.2795,,21.6982,,,,,,16.3966,20.3228,45.7107,54.1496,30.4659
2020-02-25,21.0765,34.0725,,37.3702,,21.7604,,,,,,16.3959,20.3116,45.8850,54.9000,30.4276
2020-02-24,21.1882,34.5990,,38.0658,,22.2259,,,,,,16.3952,20.2747,47.3163,56.8087,30.9369
2020-02-21,21.3423,35.3333,,39.0360,,22.8747,,,,,,16.3930,20.2035,48.9511,58.5854,32.2138
2020-02-20,21.3705,35.4763,,39.2259,,23.0023,,,,,,16.3924,20.1499,49.4691,59.2371,32.2281
2020-02-19,21.3864,35.5576,,39.3325,,23.0730,,,,,,16.3917,20.1110,49.6572,59.0997,32.4555
2020-02-18,21.3675,35.4706,,39.2178,,22.9962,,,,,,16.3910,20.1211,49.4159,58.7588,32.3805
2020-02-14,21.3812,35.5497,,39.3233,,23.0671,,,,,,16.3881,20.0889,49.5578,58.7610,32.6163
2020-02-13,21.3773,35.5392,,39.3104,,23.0591,,,,,,16.3874,20.0593,49.4592,58.7138,32.6940
2020-02-12,21.3825,35.5670,,39.3464,,23.0826,,,,,,16.3867,20.0464,49.5241,58.5068,32.8096
2020-02-11,21.3583,35.4518,,39.1945,,22.9809,,,,,,16.3860,20.0800,49.2044,58.1525,32.6786
2020-02-10,21.3421,35.3727,,39.0891,,22.9096,,,,,,16.3853,20.1110,49.1197,57.7707,32.4874
2020-02-07,21.3230,35.2968,,38.9903,,22.8442,,,,,,16.3831,20.0845,48.7549,57.3477,32.6257
2020-02-06,21.3417,35.3980,,39.1255,,22.9359,,,,,,16.3824,20.0163,49.0104,57.8470,32.7465
2020-02-05,21.3194,35.3023,,39.0012,,22.8542,,,,,,16.3817,19.9951,48.8401,57.9329,32.4880
2020-02-04,21.2783,35.1131,,38.7537,,22.6903,,,,,,16.3810,20.0269,48.2959,57.6834,32.2359
2020-02-03,21.2197,34.8340,,38.3856,,22.4442,,,,,,16.3803,20.1019,47.5827,56.6647,31.9146
2020-01-31,21.1876,34.6956,,38.2036,,22.3223,,,,,,16.3777,20.0950,47.2395,55.9293,31.8244
2020-01-30,21.2518,34.9991,,38.6038,,22.5896,,,,,,16.3768,20.0656,48.0878,56.9172,32.1164
2020-01-29,21.2536,35.0141,,38.6245,,22.6040,,,,,,16.3759,20.0458,47.9298,56.8052,32.3755
2020-01-28,21.2487,35.0036,,38.6120,,22.5966,,,,,,16.3750,19.9974,47.9707,56.9589,32.2823
2020-01-27,21.2099,34.8229,,38.3740,,22.4377,,,,,,16.3742,20.0252,47.4916,56.4175,32.0679
2020-01-24,21.2871,35.1983,,38.8702,,22.7696,,,,,,16.3715,19.9719,48.2510,57.1416,32.8524
2020-01-23,21.3045,35.2914,,38.9945,,22.8536,,,,,,16.3706,19.9207,48.6904,57.7757,32.7169
2020-01-22,21.3103,35.3262,,39.0411,,22.8852,,,,,,16.3697,19.8926,48.6312,57.7224,32.9600
2020-01-21,21.3069,35.3155,,39.0274,,22.8762,,,,,,16.3689,19.8806,48.6155,57.6549,32.9530
2020-01-17,21.3131,35.3689,,39.1006,,22.9267,,,,,,16.3653,19.8143,48.7434,57.8913,33.0571
2020-01-16,21.2984,35.3025,,39.0144,,22.8701,,,,,,16.3644,19.8345,48.5555,58.0084,32.9123
2020-01-15,21.2699,35.1710,,38.8409,,22.7539,,,,,,16.3635,19.8458,48.1517,57.3681,32.8746
2020-01-14,21.2602,35.1343,,38.7932,,22.7224,,,,,,16.3626,19.8174,48.0612,57.2423,32.8489
2020-01-13,21.2546,35.1148,,38.7673,,22.7048,,,,,,16.3618,19.7917,48.1291,57.0700,32.7521
2020-01-10,21.2324,35.0194,,38.6422,,22.6214,,,,,,16.3591,19.8052,47.7953,56.5651,32.7786
2020-01-09,21.2339,35.0367,,38.6658,,22.6377,,,,,,16.3582,19.7618,47.9324,56.7226,32.7086
2020-01-08,21.2069,34.9215,,38.5158,,22.5388,,,,,,16.3573,19.7322,47.6035,56.5440,32.5859
2020-01-07,21.2013,34.8914,,38.4763,,22.5123,,,,,,16.3565,19.7797,47.3690,56.3446,32.7096
2020-01-06,21.2053,34.9097,,38.5003,,22.5281,,,,,,16.3556,19.7980,47.4973,56.4306,32.6347
2020-01-03,21.2031,34.9052,,38.4954,,22.5253,,,,,,16.3529,19.8239,47.3303,56.3063,32.8052
2020-01-02,21.2205,35.0003,,38.6209,,22.6091,,,,,,16.3520,19.7462,47.6620,56.4329,32.9120
2019-12-31,21.1861,34.8529,,38.4293,,22.4830,,,,,,16.3504,19.7176,47.2602,56.2759,32.7166
2019-12-30,21.1770,34.8106,,38.3738,,22.4459,,,,,,16.3495,19.7343,47.1187,56.1012,32.7045
2019-12-27,21.1959,34.9055,,38.4993,,22.5296,,,,,,16.3470,19.7456,47.3859,56.3174,32.8107
2019-12-26,21.1848,34.8647,,38.4471,,22.4960,,,,,,16.3462,19.7049,47.3848,56.5053,32.6105
2019-12-24,21.1684,34.7970,,38.3596,,22.4386,,,,,,16.3445,19.6979,47.1384,56.4009,32.5897
2019-12-23,21.1633,34.7801,,38.3377,,22.4242,,,,,,16.3437,19.6724,47.1444,56.3118,32.5462
2019-12-20,21.1603,34.7727,,38.3289,,22.4187,,,,,,16.3412,19.6879,47.1039,56.2823,32.5600
2019-12-19,21.1418,34.6895,,38.2200,,22.3464,,,,,,16.3404,19.6919,46.8700,56.0292,32.4859
2019-12-18,21.1252,34.6187,,38.1275,,22.2850,,,,,,16.3396,19.6727,46.6590,55.7565,32.4610
2019-12-17,21.1315,34.6457,,38.1626,,22.3079,,,,,,16.3387,19.7000,46.6746,55.6596,32.5769
2019-12-16,21.1307,34.6458,,38.1628,,22.3079,,,,,,16.3379,19.6923,46.6591,55.5464,32.6267
2019-12-13,21.0970,34.4897,,37.9579,,22.1713,,,,,,16.3354,19.7477,46.3252,55.0930,32.3553
2019-12-12,21.0800,34.4300,,37.8817,,22.1221,,,,,,16.3346,19.6587,46.3150,55.2256,32.1208
2019-12-11,21.0475,34.2675,,37.6681,,21.9796,,,,,,16.3337,19.7552,45.9149,54.8604,31.8433
2019-12-10,21.0344,34.2184,,37.6050,,21.9387,,,,,,16.3329,19.7125,45.7815,54.8405,31.7906
2019-12-09,21.0389,34.2420,,37.6363,,21.9597,,,,,,16.3321,19.7094,45.8299,54.8710,31.8433
2019-12-06,21.0428,34.2724,,37.6776,,21.9877,,,,,,16.3296,19.6918,45.9716,55.0600,31.8070
2019-12-05,21.0080,34.1104,,37.4652,,21.8466,,,,,,16.3288,19.7215,45.5533,54.5758,31.6157
2019-12-04,21.0014,34.0823,,37.4290,,21.8229,,,,,,16.3279,19.7304,45.4724,54.5838,31.5694
2019-12-03,20.9802,33.9774,,37.2913,,21.7311,,,,,,16.3271,19.7941,45.1820,54.3165,31.4314
2019-12-02,20.9962,34.0745,,37.4200,,21.8176,,,,,,16.3263,19.6700,45.4828,54.4937,31.5845
2019-11-29,21.0301,34.2263,,37.6196,,21.9503,,,,,,16.3248,19.7324,45.8775,55.0912,31.6900
2019-11-27,21.0481,34.3185,,37.7422,,22.0327,,,,,,16.3224,19.7318,46.0519,55.4515,31.8442
2019-11-26,21.0326,34.2456,,37.6463,,21.9686,,,,,,16.3217,19.7560,45.8553,55.1355,31.7843
2019-11-25,21.0211,34.2009,,37.5882,,21.9303,,,,,,16.3209,19.7237,45.7535,54.9658,31.7492
2019-11-22,20.9799,34.0222,,37.3538,,21.7740,,,,,,16.3185,19.7016,45.4074,54.1331,31.5277
2019-11-21,20.9711,33.9848,,37.3051,,21.7418,,,,,,16.3178,19.6988,45.3083,53.9956,31.4992
2019-11-20,20.9831,34.0386,,37.3762,,21.7894,,,,,,16.3170,19.7288,45.3776,54.2556,31.5915
2019-11-19,20.9986,34.1181,,37.4809,,21.8591,,,,,,16.3163,19.6908,45.5398,54.3257,31.7859
2019-11-18,20.9963,34.1129,,37.4738,,21.8540,,,,,,16.3155,19.6699,45.5642,54.1176,31.8014
2019-11-15,20.9871,34.0838,,37.4371,,21.8305,,,,,,16.3132,19.6451,45.5405,54.1439,31.7107
2019-11-14,20.9535,33.9303,,37.2366,,21.6976,,,,,,16.3124,19.6589,45.1851,53.8048,31.4685
2019-11-13,20.9539,33.9439,,37.2553,,21.7107,,,,,,16.3116,19.6067,45.1360,53.7335,31.6263
2019-11-12,20.9561,33.9629,,37.2814,,21.7288,,,,,,16.3109,19.5723,45.1024,53.8032,31.7490
2019-11-08,20.9483,33.9437,,37.2578,,21.7139,,,,,,16.3078,19.5404,45.1181,53.7769,31.6804
2019-11-07,20.9429,33.9207,,37.2277,,21.6938,,,,,,16.3070,19.5441,44.9951,53.5576,31.7578
2019-11-06,20.9372,33.8805,,37.1742,,21.6574,,,,,,16.3062,19.6450,44.8516,53.4088,31.7103
2019-11-05,20.9317,33.8680,,37.1598,,21.6494,,,,,,16.3055,19.5917,44.8168,53.6388,31.6656
2019-11-04,20.9390,33.8915,,37.1898,,21.6684,,,,,,16.3047,19.6675,44.8698,53.6540,31.6741
2019-11-01,20.9207,33.8087,,37.0818,,21.5968,,,,,,16.3024,19.7143,44.7036,53.4606,31.5070
2019-10-31,20.8823,33.6301,,36.8473,,21.4403,,,,,,16.3016,19.7428,44.2721,52.6999,31.3289
2019-10-30,20.8844,33.6611,,36.8904,,21.4708,,,,,,16.3009,19.6386,44.4036,53.0616,31.3021
2019-10-29,20.8726,33.6164,,36.8333,,21.4340,,,,,,16.3001,19.6032,44.2560,53.0585,31.2770
2019-10-28,20.8670,33.5967,,36.8078,,21.4172,,,,,,16.2994,19.5833,44.2923,53.0199,31.1748
2019-10-25,20.8487,33.5153,,36.7018,,21.3468,,,,,,16.2970,19.6212,44.0465,52.6753,31.1385
2019-10-24,20.8349,33.4500,,36.6159,,21.2894,,,,,,16.2963,19.6504,43.8668,52.3451,31.1015
2019-10-23,20.8198,33.3833,,36.5287,,21.2313,,,,,,16.2955,19.6528,43.7834,52.1167,30.9496
2019-10-22,20.8106,33.3453,,36.4798,,21.1993,,,,,,16.2948,19.6477,43.6574,52.0320,30.9368
2019-10-21,20.8178,33.3853,,36.5326,,21.2347,,,,,,16.2940,19.6189,43.8126,52.2201,30.9252
2019-10-18,20.7889,33.2571,,36.3658,,21.1242,,,,,,16.2917,19.6516,43.5124,51.8353,30.7516
2019-10-17,20.8007,33.3155,,36.4426,,21.1754,,,,,,16.2909,19.6383,43.6824,52.0685,30.7868
2019-10-16,20.7846,33.2423,,36.3462,,21.1108,,,,,,16.2902,19.6489,43.5590,51.6516,30.6891
2019-10-15,20.7849,33.2501,,36.3573,,21.1187,,,,,,16.2894,19.6281,43.6435,51.8487,30.6024
2019-10-11,20.7465,33.0885,,36.1484,,20.9816,,,,,,16.2863,19.6331,43.2731,51.4863,30.3720
2019-10-10,20.6872,32.8128,,35.7883,,20.7424,,,,,,16.2855,19.7028,42.8012,50.6700,29.8238
2019-10-09,20.6655,32.7089,,35.6532,,20.6533,,,,,,16.2848,19.7670,42.5271,50.4886,29.6680
2019-10-08,20.6406,32.5933,,35.5028,,20.5540,,,,,,16.2840,19.8120,42.1303,50.1218,29.6371
2019-10-07,20.6961,32.8474,,35.8347,,20.7738,,,,,,16.2833,19.8018,42.7953,51.0454,29.8513
2019-10-04,20.6993,32.8634,,35.8554,,20.7872,,,,,,16.2809,19.8393,42.9877,51.1602,29.6860
2019-10-03,20.6519,32.6590,,35.5911,,20.6138,,,,,,16.2802,19.8156,42.3852,50.6315,29.5587
2019-10-02,20.6265,32.5579,,35.4607,,20.5285,,,,,,16.2794,19.7520,42.0393,50.2440,29.5998
2019-10-01,20.6964,32.8795,,35.8795,,20.8049,,,,,,16.2787,19.7210,42.8061,50.8314,30.0990
2019-09-30,20.7381,33.0793,,36.1416,,20.9794,,,,,,16.2780,19.6872,43.3358,51.7028,30.2407
2019-09-27,20.7268,33.0370,,36.0877,,20.9444,,,,,,16.2758,19.6789,43.1160,51.4884,30.3411
2019-09-26,20.7389,33.0982,,36.1688,,20.9989,,,,,,16.2751,19.6659,43.3403,51.9789,30.2732
2019-09-25,20.7399,33.1152,,36.1930,,21.0164,,,,,,16.2744,19.6143,43.4432,52.3546,30.1812
2019-09-24,20.7393,33.0972,,36.1678,,20.9983,,,,,,16.2736,19.7159,43.1774,51.8838,30.4329
2019-09-23,20.7604,33.2085,,36.3154,,21.0978,,,,,,16.2729,19.6546,43.5405,52.6388,30.4047
2019-09-20,20.7625,33.2338,,36.3501,,21.1217,,,,,,16.2708,19.6060,43.5444,52.6450,30.5414
2019-09-19,20.7736,33.2911,,36.4251,,21.1714,,,,,,16.2700,19.5825,43.7568,52.7894,30.5568
2019-09-18,20.7651,33.2598,,36.3852,,21.1457,,,,,,16.2693,19.5554,43.7534,52.8848,30.4176
2019-09-17,20.7656,33.2710,,36.4016,,21.1578,,,,,,16.2686,19.5238,43.7382,53.1156,30.4462
2019-09-16,20.7539,33.2247,,36.3422,,21.1192,,,,,,16.2679,19.4998,43.6257,53.1220,30.3706
2019-09-13,20.7661,33.2976,,36.4376,,21.1823,,,,,,16.2657,19.4364,43.7613,52.8795,30.6469
2019-09-12,20.7620,33.2636,,36.3921,,21.1512,,,,,,16.2650,19.5415,43.7814,52.9203,30.4182
2019-09-11,20.7502,33.2042,,36.3149,,21.1000,,,,,,16.2643,19.5931,43.6489,52.9062,30.2738
2019-09-10,20.7162,33.0466,,36.1080,,20.9620,,,,,,16.2636,19.6110,43.3332,52.1463,30.0825
2019-09-09,20.7163,33.0332,,36.0886,,20.9474,,,,,,16.2629,19.7018,43.3179,51.8695,30.0620
2019-09-06,20.7160,33.0274,,36.0804,,20.9411,,,,,,16.2607,19.7677,43.3186,51.7009,30.0494
2019-09-05,20.7055,32.9881,,36.0306,,20.9092,,,,,,16.2600,19.7374,43.2772,51.8166,29.9116
2019-09-04,20.6596,32.7649,,35.7390,,20.7155,,,,,,16.2593,19.8462,42.7119,51.0723,29.6495
2019-09-03,20.6115,32.5518,,35.4623,,20.5333,,,,,,16.2586,19.8318,42.2497,50.5547,29.3312
2019-08-30,20.6320,32.6621,,35.6083,,20.6313,,,,,,16.2557,19.7948,42.5403,51.1623,29.3958
2019-08-29,20.6181,32.6094,,35.5411,,20.5876,,,,,,16.2538,19.7771,42.5076,51.1661,29.2170
2019-08-28,20.5741,32.4076,,35.2784,,20.4139,,,,,,16.2529,19.8146,41.9681,50.4062,29.0641
2019-08-27,20.5559,32.3325,,35.1815,,20.3503,,,,,,16.2519,19.7906,41.6933,50.0341,29.1217
2019-08-26,20.5562,32.3490,,35.2053,,20.3678,,,,,,16.2510,19.7297,41.8277,50.5300,28.9712
2019-08-23,20.5228,32.2047,,35.0190,,20.2454,,,,,,16.2481,19.7526,41.3685,50.1017,28.9105
2019-08-22,20.6034,32.5867,,35.5174,,20.5755,,,,,,16.2472,19.6722,42.4696,51.4369,29.1725
2019-08-21,20.6118,32.6223,,35.5638,,20.6060,,,,,,16.2463,19.7062,42.4904,51.5026,29.2741
2019-08-20,20.5800,32.4796,,35.3784,,20.4837,,,,,,16.2453,19.7177,42.1407,51.0747,29.1112
2019-08-19,20.6005,32.5819,,35.5119,,20.5720,,,,,,16.2444,19.6764,42.4739,51.3932,29.1612
2019-08-16,20.5543,32.3755,,35.2452,,20.3966,,,,,,16.2415,19.7358,41.9637,50.9286,28.8869
2019-08-15,20.4978,32.1242,,34.9186,,20.1811,,,,,,16.2406,19.7355,41.3601,49.9650,28.6559
2019-08-14,20.4851,32.0803,,34.8635,,20.1461,,,,,,16.2397,19.6821,41.2506,50.0517,28.5870
2019-08-13,20.5901,32.5713,,35.5029,,20.5688,,,,,,16.2387,19.5982,42.4836,51.5172,29.1438
2019-08-12,20.5512,32.3918,,35.2699,,20.4152,,,,,,16.2378,19.6418,41.8632,50.9681,29.1065
2019-08-09,20.5875,32.5831,,35.5219,,20.5836,,,,,,16.2349,19.5487,42.3629,51.7027,29.3106
2019-08-08,20.6133,32.7013,,35.6766,,20.6863,,,,,,16.2340,19.5640,42.6384,52.2634,29.4026
2019-08-07,20.5439,32.3866,,35.2672,,20.4158,,,,,,16.2330,19.5914,41.8421,51.1701,29.1043
2019-08-06,20.5293,32.3327,,35.1981,,20.3709,,,,,,16.2321,19.5381,41.8089,51.0606,28.9621
2019-08-05,20.4933,32.1732,,34.9911,,20.2344,,,,,,16.2312,19.5331,41.2675,50.4516,28.9686
2019-08-02,20.6022,32.6966,,35.6758,,20.6888,,,,,,16.2283,19.4366,42.5336,52.0076,29.6484
2019-08-01,20.6373,32.8648,,35.8969,,20.8363,,,,,,16.2274,19.4181,42.8415,52.6499,29.9303
2019-07-31,20.6560,32.9771,,36.0468,,20.9380,,,,,,16.2264,19.2925,43.2268,53.4025,29.9259
2019-07-30,20.6974,33.1751,,36.3058,,21.1097,,,,,,16.2255,19.2648,43.7009,53.8550,30.2227
2019-07-29,20.7104,33.2348,,36.3824,,21.1593,,,,,,16.2246,19.2739,43.8099,53.5587,30.4391
2019-07-26,20.7140,33.2672,,36.4273,,21.1906,,,,,,16.2217,19.2472,43.8802,53.8984,30.4527
2019-07-25,20.6943,33.1793,,36.3122,,21.1140,,,,,,16.2208,19.2485,43.5585,53.3664,30.5195
2019-07-24,20.7175,33.2862,,36.4528,,21.2078,,,,,,16.2198,19.2715,43.7887,53.8958,30.6199
2019-07-23,20.6944,33.1861,,36.3212,,21.1198,,,,,,16.2189,19.2439,43.5827,53.1709,30.5801
2019-07-22,20.6704,33.0759,,36.1774,,21.0244,,,,,,16.2179,19.2672,43.2857,52.8019,30.4783
2019-07-19,20.6622,33.0514,,36.1474,,21.0056,,,,,,16.2151,19.2532,43.1621,52.8048,30.5121
2019-07-18,20.6799,33.1347,,36.2563,,21.0777,,,,,,16.2142,19.2595,43.4289,53.0800,30.5394
2019-07-17,20.6651,33.0744,,36.1782,,21.0264,,,,,,16.2132,19.2354,43.2693,52.9032,30.4942
2019-07-16,20.6805,33.1586,,36.2891,,21.1005,,,,,,16.2123,19.1750,43.5534,53.1533,30.5506
2019-07-15,20.6926,33.2130,,36.3599,,21.1470,,,,,,16.2113,19.2003,43.7008,53.2473,30.6065
2019-07-12,20.6873,33.2028,,36.3487,,21.1407,,,,,,16.2085,19.1817,43.6930,53.3841,30.5562
2019-07-11,20.6692,33.1246,,36.2465,,21.0729,,,,,,16.2075,19.1677,43.4882,52.9820,30.5268
2019-07-10,20.6651,33.1014,,36.2167,,21.0534,,,,,,16.2066,19.2199,43.3890,53.0674,30.4821
2019-07-09,20.6502,33.0375,,36.1342,,20.9994,,,,,,16.2057,19.2178,43.1935,52.9733,30.4279
2019-07-08,20.6530,33.0488,,36.1487,,21.0086,,,,,,16.2047,19.2424,43.1270,52.8064,30.5749
2019-07-05,20.6719,33.1502,,36.2833,,21.0990,,,,,,16.2019,19.2242,43.3355,53.2476,30.7217
2019-07-03,20.6892,33.2204,,36.3740,,21.1578,,,,,,16.2000,19.3133,43.4100,53.1694,30.9326
2019-07-02,20.6570,33.0810,,36.1926,,21.0381,,,,,,16.1990,19.2831,43.0696,52.7078,30.7977
2019-07-01,20.6430,33.0310,,36.1296,,20.9981,,,,,,16.1981,19.2295,42.9418,52.8302,30.7116
2019-06-28,20.6161,32.9070,,35.9684,,20.8916,,,,,,16.1971,19.2519,42.6144,52.5433,30.5648
2019-06-27,20.5864,32.7813,,35.8048,,20.7832,,,,,,16.1941,19.2419,42.3687,51.9295,30.4288
2019-06-26,20.5595,32.6673,,35.6552,,20.6833,,,,,,16.1931,19.1898,42.2009,51.1451,30.3204
2019-06-25,20.5725,32.7225,,35.7271,,20.7306,,,,,,16.1921,19.2385,42.2532,51.2579,30.4602
2019-06-24,20.5980,32.8448,,35.8868,,20.8363,,,,,,16.1911,19.2318,42.6585,51.6742,30.4877
2019-06-21,20.5944,32.8522,,35.9002,,20.8477,,,,,,16.1881,19.1695,42.7321,52.1940,30.3625
2019-06-20,20.6097,32.9176,,35.9863,,20.9050,,,,,,16.1871,19.2282,42.7838,52.5812,30.4769
2019-06-19,20.5648,32.7236,,35.7354,,20.7406,,,,,,16.1862,19.1811,42.3785,52.2771,30.1458
2019-06-18,20.5391,32.6175,,35.5982,,20.6505,,,,,,16.1852,19.1331,42.2524,52.0455,29.8961
2019-06-17,20.4952,32.4259,,35.3496,,20.4867,,,,,,16.1842,19.0966,41.8444,51.4774,29.6377
2019-06-14,20.4907,32.4168,,35.3386,,20.4796,,,,,,16.1812,19.0863,41.8053,51.2610,29.7038
2019-06-13,20.5046,32.4847,,35.4283,,20.5397,,,,,,16.1802,19.0938,41.8670,51.6273,29.8488
2019-06-12,20.4928,32.4394,,35.3696,,20.5010,,,,,,16.1792,19.0568,41.6838,51.2165,29.9614
2019-06-11,20.5011,32.4827,,35.4262,,20.5384,,,,,,16.1782,19.0457,41.7682,51.2310,30.0686
2019-06-10,20.4920,32.4459,,35.3793,,20.5081,,,,,,16.1772,19.0401,41.7809,51.3843,29.8635
2019-06-07,20.4741,32.3670,,35.2770,,20.4404,,,,,,16.1742,19.0842,41.5869,51.0655,29.7830
2019-06-06,20.4252,32.1577,,35.0070,,20.2637,,,,,,16.1732,19.0331,41.1511,50.6946,29.4422
2019-06-05,20.4087,32.0874,,34.9172,,20.2055,,,,,,16.1722,19.0336,40.8891,50.6448,29.4248
2019-06-04,20.3831,31.9765,,34.7750,,20.1128,,,,,,16.1712,19.0342,40.5531,50.4744,29.3405
2019-06-03,20.3044,31.6170,,34.3083,,19.8049,,,,,,16.1703,19.0732,39.7004,49.2064,28.9630
2019-05-31,20.2976,31.6076,,34.2979,,19.7989,,,,,,16.1669,19.0127,39.8099,49.1973,28.8507
2019-05-30,20.3328,31.7841,,34.5278,,19.9510,,,,,,16.1658,18.9347,40.3344,49.7279,28.9851
2019-05-29,20.3276,31.7688,,34.5093,,19.9398,,,,,,16.1647,18.9141,40.2442,49.7854,29.0128
2019-05-28,20.3643,31.9437,,34.7374,,20.0907,,,,,,16.1636,18.8923,40.5240,50.1794,29.4048
2019-05-24,20.3785,32.0330,,34.8556,,20.1698,,,,,,16.1591,18.8391,40.8663,50.5245,29.3959
2019-05-23,20.3618,31.9542,,34.7522,,20.1007,,,,,,16.1580,18.8707,40.8045,50.2217,29.1747
2019-05-22,20.4048,32.1710,,35.0371,,20.2909,,,,,,16.1569,18.7858,41.2926,51.1320,29.4487
2019-05-21,20.4151,32.2278,,35.1125,,20.3417,,,,,,16.1558,18.7592,41.4088,51.4876,29.5082
2019-05-20,20.3859,32.0949,,34.9392,,20.2268,,,,,,16.1547,18.7710,41.0591,50.8327,29.4425
2019-05-17,20.4081,32.2058,,35.0848,,20.3234,,,,,,16.1513,18.7892,41.3373,51.2528,29.5404
2019-05-16,20.4273,32.3012,,35.2105,,20.4076,,,,,,16.1502,18.7790,41.5758,51.8600,29.5749
2019-05-15,20.3949,32.1537,,35.0193,,20.2815,,,,,,16.1491,18.8004,41.1975,51.4292,29.4192
2019-05-14,20.3679,32.0420,,34.8756,,20.1877,,,,,,16.1480,18.7626,40.9502,51.1996,29.2680
2019-05-13,20.3322,31.8799,,34.6641,,20.0474,,,,,,16.1469,18.7701,40.6193,50.5459,29.0545
2019-05-10,20.4175,32.2915,,35.2027,,20.4051,,,,,,16.1436,18.7272,41.6230,52.1453,29.4702
2019-05-09,20.4015,32.2234,,35.1150,,20.3477,,,,,,16.1424,18.7199,41.4543,52.0146,29.3851
2019-05-08,20.4215,32.3215,,35.2431,,20.4325,,,,,,16.1413,18.7061,41.5661,52.1015,29.6879
2019-05-07,20.4309,32.3645,,35.2995,,20.4699,,,,,,16.1402,18.7341,41.6317,52.2676,29.7588
2019-05-06,20.4894,32.6463,,35.6687,,20.7154,,,,,,16.1391,18.6961,42.3297,53.2826,30.0655
2019-05-03,20.5038,32.7288,,35.7773,,20.7875,,,,,,16.1358,18.6694,42.5164,53.3122,30.2520
2019-05-02,20.4650,32.5568,,35.5527,,20.6384,,,,,,16.1347,18.6441,42.1061,52.4748,30.1342
2019-05-01,20.4807,32.6248,,35.6404,,20.6956,,,,,,16.1336,18.6865,42.1940,52.4054,30.3392
2019-04-30,20.4976,32.7081,,35.7500,,20.7686,,,,,,16.1325,18.6814,42.5130,52.8924,30.2693
2019-04-29,20.4894,32.6803,,35.7151,,20.7466,,,,,,16.1314,18.6532,42.4711,53.0014,30.1829
2019-04-26,20.4829,32.6568,,35.6852,,20.7267,,,,,,16.1280,18.6816,42.4239,52.8634,30.1558
2019-04-25,20.4603,32.5616,,35.5613,,20.6447,,,,,,16.1269,18.6476,42.2246,52.3977,30.0736
2019-04-24,20.4685,32.6038,,35.6179,,20.6832,,,,,,16.1258,18.6542,42.2407,52.7449,30.1610
2019-04-23,20.4721,32.6323,,35.6556,,20.7085,,,,,,16.1247,18.6070,42.3335,52.6952,30.2306
2019-04-22,20.4406,32.4936,,35.4746,,20.5884,,,,,,16.1236,18.5847,41.9605,51.9646,30.1953
2019-04-18,20.4369,32.4886,,35.4700,,20.5862,,,,,,16.1192,18.6115,41.9170,52.0580,30.1952
2019-04-17,20.4359,32.4936,,35.4777,,20.5921,,,,,,16.1181,18.5825,41.8493,52.0369,30.3122
2019-04-16,20.4428,32.5320,,35.5297,,20.6279,,,,,,16.1170,18.5778,41.9410,52.5383,30.2739
2019-04-15,20.4396,32.5157,,35.5085,,20.6136,,,,,,16.1159,18.6098,41.9196,52.5078,30.2177
2019-04-12,20.4323,32.4961,,35.4848,,20.5989,,,,,,16.1125,18.6002,41.9452,52.6328,30.0904
2019-04-11,20.4109,32.3958,,35.3543,,20.5125,,,,,,16.1114,18.6369,41.6653,52.3529,29.9900
2019-04-10,20.4109,32.3965,,35.3553,,20.5130,,,,,,16.1103,18.6545,41.6636,52.3245,29.9954
2019-04-09,20.3952,32.3303,,35.2683,,20.4548,,,,,,16.1092,18.6319,41.5155,51.7424,30.0101
2019-04-08,20.4133,32.4220,,35.3894,,20.5359,,,,,,16.1081,18.6118,41.7561,52.2674,30.0540
2019-04-05,20.4062,32.3999,,35.3621,,20.5186,,,,,,16.1048,18.6228,41.7117,52.2951,30.0002
2019-04-04,20.3877,32.3212,,35.2596,,20.4507,,,,,,16.1037,18.6053,41.5188,51.8720,29.9679
2019-04-03,20.3849,32.3148,,35.2523,,20.4464,,,,,,16.1026,18.5942,41.4234,51.8285,30.0589
2019-04-02,20.3621,32.2080,,35.1126,,20.3535,,,,,,16.1015,18.6242,41.3338,51.5603,29.7338
2019-04-01,20.3607,32.2087,,35.1144,,20.3552,,,,,,16.1004,18.6089,41.3319,51.6151,29.7370
2019-03-29,20.3161,31.9949,,34.8362,,20.1710,,,,,,16.0992,18.6777,40.8589,51.0083,29.4096
2019-03-28,20.2885,31.8784,,34.6864,,20.0729,,,,,,16.0955,18.6955,40.5840,50.7776,29.2442
2019-03-27,20.2828,31.8532,,34.6531,,20.0502,,,,,,16.0943,18.7072,40.4325,50.3422,29.3937
2019-03-26,20.2922,31.9076,,34.7247,,20.0982,,,,,,16.0931,18.6686,40.6206,50.5769,29.4015
2019-03-25,20.2584,31.7580,,34.5308,,19.9704,,,,,,16.0919,18.6585,40.3313,50.1025,29.1728
2019-03-22,20.2563,31.7687,,34.5466,,19.9816,,,,,,16.0882,18.6160,40.3623,50.0398,29.2352
2019-03-21,20.3301,32.1324,,35.0233,,20.2993,,,,,,16.0870,18.5326,41.1396,51.6121,29.6904
2019-03-20,20.2941,31.9714,,34.8142,,20.1612,,,,,,16.0858,18.5202,40.6933,50.9036,29.6298
2019-03-19,20.3068,32.0476,,34.9155,,20.2297,,,,,,16.0846,18.4548,40.8118,51.2388,29.7996
2019-03-18,20.3029,32.0337,,34.8987,,20.2195,,,,,,16.0834,18.4609,40.8156,51.4784,29.6783
2019-03-15,20.2803,31.9436,,34.7828,,20.1433,,,,,,16.0797,18.4552,40.6644,51.1822,29.5254
2019-03-14,20.2528,31.8283,,34.6347,,20.0468,,,,,,16.0785,18.4211,40.4607,51.0778,29.2810
2019-03-13,20.2509,31.8201,,34.6245,,20.0402,,,,,,16.0773,18.4437,40.4825,51.1751,29.1916
2019-03-12,20.2264,31.7114,,34.4842,,19.9481,,,,,,16.0761,18.4492,40.2001,50.9246,29.0730
2019-03-11,20.2130,31.6628,,34.4227,,19.9087,,,,,,16.0749,18.4032,40.0798,50.8317,29.0374
2019-03-08,20.1542,31.4049,,34.0895,,19.6895,,,,,,16.0712,18.4127,39.5004,50.0195,28.7214
2019-03-07,20.1641,31.4569,,34.1576,,19.7347,,,,,,16.0700,18.4010,39.5806,50.1115,28.8526
2019-03-06,20.2001,31.6362,,34.3915,,19.8897,,,,,,16.0688,18.3500,39.8964,50.4890,29.2467
2019-03-05,20.2192,31.7351,,34.5225,,19.9780,,,,,,16.0676,18.3252,40.1568,51.2714,29.2395
2019-03-04,20.2249,31.7669,,34.5649,,20.0065,,,,,,16.0664,18.3226,40.2007,51.4525,29.2958
2019-03-01,20.2314,31.8175,,34.6335,,20.0535,,,,,,16.0627,18.2883,40.3567,51.8924,29.2790
2019-02-28,20.2103,31.7178,,34.5038,,19.9677,,,,,,16.0616,18.3244,40.0779,51.5392,29.2023
2019-02-27,20.2211,31.7697,,34.5717,,20.0126,,,,,,16.0605,18.3367,40.1799,51.7294,29.2745
2019-02-26,20.2218,31.7667,,34.5666,,20.0080,,,,,,16.0593,18.3851,40.1951,51.5001,29.2764
2019-02-25,20.2211,31.7745,,34.5785,,20.0173,,,,,,16.0582,18.3542,40.2270,51.7920,29.2290
2019-02-22,20.2091,31.7307,,34.5231,,19.9813,,,,,,16.0547,18.3623,40.1717,51.7574,29.1096
2019-02-21,20.1850,31.6296,,34.3924,,19.8953,,,,,,16.0536,18.3258,39.9147,51.2724,29.0733
2019-02-20,20.1976,31.6853,,34.4645,,19.9426,,,,,,16.0525,18.3624,40.0530,51.4811,29.1064
2019-02-19,20.1823,31.6180,,34.3775,,19.8854,,,,,,16.0514,18.3688,39.9739,51.3814,28.9196
2019-02-15,20.1686,31.5762,,34.3255,,19.8521,,,,,,16.0467,18.3430,39.9115,51.2702,28.8560
2019-02-14,20.1177,31.3468,,34.0284,,19.6565,,,,,,16.0456,18.3441,39.4787,50.6457,28.4633
2019-02-13,20.1220,31.3763,,34.0671,,19.6822,,,,,,16.0445,18.3078,39.5699,50.6216,28.5225
2019-02-12,20.1055,31.3021,,33.9714,,19.6193,,,,,,16.0434,18.3259,39.4480,50.4809,28.3576
2019-02-11,20.0574,31.0856,,33.6917,,19.4356,,,,,,16.0423,18.3396,38.9431,49.8777,28.0910
2019-02-08,20.0498,31.0583,,33.6565,,19.4119,,,,,,16.0388,18.3610,38.9150,49.5913,28.0681
2019-02-07,20.0587,31.1059,,33.7189,,19.4534,,,,,,16.0377,18.3426,38.8759,49.5303,28.3441
2019-02-06,20.0953,31.2826,,33.9483,,19.6046,,,,,,16.0366,18.3074,39.2374,49.8592,28.6760
2019-02-05,20.1019,31.3174,,33.9937,,19.6347,,,,,,16.0354,18.3047,39.3208,49.9517,28.7218
2019-02-04,20.0720,31.1919,,33.8325,,19.5295,,,,,,16.0343,18.2710,39.1365,49.7821,28.4318
2019-02-01,20.0521,31.1092,,33.7261,,19.4595,,,,,,16.0308,18.2912,38.8727,49.3245,28.4600
2019-01-31,20.0501,31.0951,,33.7069,,19.4459,,,,,,16.0297,18.3361,38.8329,49.0959,28.4759
2019-01-30,20.0189,30.9715,,33.5491,,19.3435,,,,,,16.0285,18.2639,38.4938,48.6695,28.4448
2019-01-29,19.9618,30.7230,,33.2298,,19.1351,,,,,,16.0273,18.2407,37.9001,48.1085,28.1500
2019-01-28,19.9582,30.7171,,33.2233,,19.1315,,,,,,16.0261,18.2073,37.9545,48.1956,28.0657
2019-01-25,19.9798,30.8285,,33.3679,,19.2265,,,,,,16.0225,18.1950,38.2549,48.3991,28.1953
2019-01-24,19.9406,30.6499,,33.1367,,19.0740,,,,,,16.0213,18.2220,37.9309,47.7512,27.9131
2019-01-23,19.9282,30.6047,,33.0785,,19.0358,,,,,,16.0201,18.1779,37.8783,47.4112,27.8808
2019-01-22,19.9262,30.5985,,33.0714,,19.0318,,,,,,16.0189,18.1906,37.7951,47.5084,27.9154
2019-01-18,19.9649,30.7988,,33.3329,,19.2048,,,,,,16.0141,18.1417,38.3365,48.2715,28.0609
2019-01-17,19.9197,30.5976,,33.0740,,19.0354,,,,,,16.0129,18.1567,37.8365,47.7229,27.8525
2019-01-16,19.8918,30.4754,,32.9167,,18.9323,,,,,,16.0117,18.1608,37.5476,47.3145,27.7327
2019-01-15,19.8835,30.4403,,32.8710,,18.9019,,,,,,16.0105,18.1667,37.4633,46.9927,27.7500
2019-01-14,19.8503,30.2959,,32.6858,,18.7810,,,,,,16.0093,18.1661,37.0654,46.5818,27.6554
2019-01-11,19.8683,30.3880,,32.8062,,18.8607,,,,,,16.0057,18.1767,37.2572,46.9537,27.7630
2019-01-10,19.8655,30.3851,,32.8031,,18.8590,,,,,,16.0045,18.1457,37.2626,46.8996,27.7763
2019-01-09,19.8508,30.3210,,32.7207,,18.8050,,,,,,16.0033,18.1562,37.0950,46.6288,27.7435
2019-01-08,19.8170,30.1738,,32.5311,,18.6806,,,,,,16.0021,18.1561,36.9320,46.2188,27.3880
2019-01-07,19.7808,30.0121,,32.3227,,18.5436,,,,,,16.0009,18.1788,36.5768,45.5472,27.2332
2019-01-04,19.7511,29.8906,,32.1665,,18.4410,,,,,,15.9973,18.1837,36.3220,44.7812,27.1899
2019-01-03,19.6271,29.3183,,31.4315,,17.9603,,,,,,15.9961,18.2683,35.1161,43.2176,26.4053
2019-01-02,19.6889,29.6180,,31.8164,,18.2119,,,,,,15.9949,18.1687,35.9983,43.9762,26.5338
2018-12-31,19.6899,29.6369,,31.8423,,18.2297,,,,,,15.9923,18.1428,35.9523,43.9772,26.7131
2018-12-28,19.6543,29.4977,,31.6660,,18.1159,,,,,,15.9883,18.0996,35.6451,43.5706,26.5981
2018-12-27,19.6436,29.4544,,31.6104,,18.0793,,,,,,15.9870,18.0920,35.6841,43.4253,26.3830
2018-12-26,19.6218,29.3704,,31.5053,,18.0124,,,,,,15.9858,18.0516,35.3777,43.2447,26.4747
2018-12-24,19.4657,28.6751,,30.6173,,17.4348,,,,,,15.9831,18.0948,33.7031,41.1846,25.9428
2018-12-21,19.5377,29.0172,,31.0563,,17.7211,,,,,,15.9792,18.0617,34.6400,42.0954,26.1209
2018-12-20,19.6152,29.3717,,31.5117,,18.0186,,,,,,15.9779,18.0692,35.3709,43.1034,26.5899
2018-12-19,19.6638,29.5920,,31.7949,,18.2036,,,,,,15.9766,18.1009,35.9343,43.8667,26.6855
2018-12-18,19.7115,29.8224,,32.0924,,18.3990,,,,,,15.9753,18.0558,36.4921,44.6304,26.8828
2018-12-17,19.7086,29.8219,,32.0930,,18.4003,,,,,,15.9740,18.0118,36.4891,44.6417,26.9104
2018-12-14,19.7737,30.1434,,32.5105,,18.6756,,,,,,15.9700,17.9803,37.2605,45.7689,27.1931
2018-12-13,19.8348,30.4328,,32.8837,,18.9201,,,,,,15.9687,17.9587,37.9800,46.4201,27.5148
2018-12-12,19.8412,30.4709,,32.9357,,18.9562,,,,,,15.9675,17.9553,37.9814,46.9803,27.5401
2018-12-11,19.7996,30.2824,,32.6925,,18.7965,,,,,,15.9662,17.9621,37.7767,46.5736,26.9972
2018-12-10,19.7961,30.2697,,32.6769,,18.7867,,,,,,15.9649,17.9719,37.7884,46.7047,26.8776
2018-12-07,19.8078,30.3401,,32.7704,,18.8495,,,,,,15.9609,17.9693,37.7211,46.8598,27.2818
2018-12-06,19.8744,30.6602,,33.1851,,19.1224,,,,,,15.9596,17.9361,38.6145,47.9063,27.4300
2018-12-04,19.8903,30.7503,,33.3031,,19.2007,,,,,,15.9570,17.9068,38.6621,47.8809,27.8563
2018-12-03,20.0062,31.3104,,34.0314,,19.6821,,,,,,15.9557,17.8495,39.9528,49.7921,28.4719
2018-11-30,19.9521,31.0790,,33.7339,,19.4875,,,,,,15.9516,17.8157,39.5201,49.2448,28.0669
2018-11-29,19.9344,31.0037,,33.6374,,19.4245,,,,,,15.9502,17.8061,39.1932,48.9038,28.2264
2018-11-28,19.9420,31.0441,,33.6901,,19.4594,,,,,,15.9488,17.8049,39.2691,48.9854,28.3107
2018-11-27,19.8582,30.6625,,33.1975,,19.1361,,,,,,15.9475,17.7907,38.3852,47.8285,27.9137
2018-11-26,19.8572,30.6671,,33.2065,,19.1441,,,,,,15.9461,17.7846,38.2593,48.2464,27.9882
2018-11-23,19.8031,30.4304,,32.9025,,18.9452,,,,,,15.9420,17.7914,37.6695,47.5422,27.7991
2018-11-21,19.8172,30.5050,,32.9987,,19.0079,,,,,,15.9393,17.7849,37.9163,47.5543,27.8563
2018-11-20,19.7867,30.3650,,32.8163,,18.8867,,,,,,15.9379,17.7867,37.7981,46.9444,27.4913
2018-11-19,19.8605,30.7127,,33.2664,,19.1825,,,,,,15.9366,17.7961,38.4950,47.7017,28.1066
2018-11-16,19.9050,30.9387,,33.5616,,19.3782,,,,,,15.9324,17.7855,39.1453,48.7503,28.1038
2018-11-15,19.8904,30.8857,,33.4945,,19.3351,,,,,,15.9311,17.7353,39.0553,48.6634,28.0151
2018-11-14,19.8620,30.7553,,33.3256,,19.2237,,,,,,15.9297,17.7461,38.6328,48.0119,28.1043
2018-11-13,19.8833,30.8633,,33.4666,,19.3171,,,,,,15.9284,17.7315,38.9182,48.3912,28.1805
2018-11-09,19.9476,31.1929,,33.8969,,19.6020,,,,,,15.9228,17.7018,39.7571,49.3684,28.5100
2018-11-08,19.9770,31.3444,,34.0958,,19.7348,,,,,,15.9215,17.6710,40.1197,50.0977,28.6161
2018-11-07,19.9945,31.4286,,34.2058,,19.8076,,,,,,15.9201,17.6898,40.1997,50.3460,28.8574
2018-11-06,19.9164,31.0720,,33.7456,,19.5057,,,,,,15.9188,17.6755,39.3644,49.5006,28.4130
2018-11-05,19.8951,30.9779,,33.6246,,19.4266,,,,,,15.9174,17.6743,39.1163,49.2768,28.3350
2018-11-02,19.8823,30.9384,,33.5765,,19.3967,,,,,,15.9133,17.6563,38.8973,49.2857,28.4445
2018-11-01,19.8929,30.9788,,33.6271,,19.4284,,,,,,15.9119,17.7208,39.1410,49.3406,28.2759
2018-10-31,19.8478,30.7742,,33.3614,,19.2527,,,,,,15.9106,17.7065,38.7315,48.3193,28.1036
2018-10-30,19.8016,30.5584,,33.0829,,19.0698,,,,,,15.9093,17.7468,38.3142,47.8419,27.6943
2018-10-29,19.7551,30.3419,,32.8029,,18.8854,,,,,,15.9080,17.7760,37.7198,46.9647,27.6408
2018-10-26,19.7650,30.4004,,32.8798,,18.9363,,,,,,15.9041,17.7866,37.9689,47.2736,27.5237
2018-10-25,19.8112,30.6255,,33.1706,,19.1272,,,,,,15.9028,17.7432,38.6369,47.8724,27.6236
2018-10-24,19.7526,30.3548,,32.8202,,18.8966,,,,,,15.9015,17.7499,37.9322,46.9460,27.4532
2018-10-23,19.8610,30.8750,,33.4966,,19.3435,,,,,,15.9002,17.7202,39.1401,48.6996,28.0084
2018-10-22,19.8948,31.0435,,33.7165,,19.4893,,,,,,15.8989,17.6977,39.3543,49.0666,28.4943
2018-10-19,19.9076,31.1199,,33.8170,,19.5561,,,,,,15.8949,17.6907,39.5231,49.2314,28.6293
2018-10-18,19.9070,31.1181,,33.8166,,19.5570,,,,,,15.8936,17.7214,39.5368,49.7303,28.4405
2018-10-17,19.9660,31.4023,,34.1869,,19.8021,,,,,,15.8923,17.7263,40.1108,50.5918,28.8879
2018-10-16,19.9764,31.4529,,34.2535,,19.8464,,,,,,15.8910,17.7453,40.1194,50.7762,29.0727
2018-10-15,19.8928,31.0659,,33.7513,,19.5151,,,,,,15.8897,17.7347,39.2726,49.5000,28.6065
2018-10-12,19.9042,31.1276,,33.8308,,19.5664,,,,,,15.8858,17.7560,39.5055,49.3781,28.6484
2018-10-11,19.8693,30.9680,,33.6254,,19.4323,,,,,,15.8845,17.7659,38.9504,49.0615,28.6566
2018-10-10,19.9275,31.2657,,34.0147,,19.6908,,,,,,15.8831,17.6849,39.7650,49.9553,28.9171
2018-10-09,20.0398,31.8029,,34.7146,,20.1535,,,,,,15.8818,17.7060,41.1180,51.5147,29.4490
2018-10-05,20.0563,31.9098,,34.8584,,20.2513,,,,,,15.8766,17.6786,41.1805,51.9960,29.8166
2018-10-04,20.0832,32.0389,,35.0276,,20.3637,,,,,,15.8753,17.7110,41.4073,52.4504,30.0404
2018-10-03,20.1201,32.2148,,35.2584,,20.5173,,,,,,15.8740,17.7524,41.7382,53.1980,30.2779
2018-10-02,20.1228,32.2114,,35.2515,,20.5104,,,,,,15.8727,17.8507,41.7095,52.8709,30.3343
2018-10-01,20.1307,32.2607,,35.3183,,20.5565,,,,,,15.8714,17.8293,41.7249,53.2613,30.4770
2018-09-28,20.1294,32.2593,,35.3194,,20.5591,,,,,,15.8701,17.8463,41.5741,53.7265,30.5282
2018-09-27,20.1316,32.2849,,35.3538,,20.5822,,,,,,15.8663,17.8417,41.5726,53.6021,30.7179
2018-09-26,20.1288,32.2793,,35.3478,,20.5790,,,,,,15.8651,17.8298,41.4503,53.5626,30.8773
2018-09-25,20.1348,32.3233,,35.4075,,20.6203,,,,,,15.8638,17.7884,41.5873,54.0035,30.8257
2018-09-24,20.1320,32.3090,,35.3882,,20.6068,,,,,,15.8626,17.8096,41.6386,53.8963,30.7040
2018-09-21,20.1423,32.3730,,35.4732,,20.6638,,,,,,15.8588,17.8145,41.7852,54.1135,30.7891
2018-09-20,20.1347,32.3451,,35.4383,,20.6415,,,,,,15.8576,17.8004,41.8001,54.2931,30.5858
2018-09-19,20.0991,32.1810,,35.2253,,20.5009,,,,,,15.8563,17.7823,41.4730,53.8511,30.3135
2018-09-18,20.0928,32.1508,,35.1871,,20.4761,,,,,,15.8551,17.8132,41.4210,54.0816,30.1453
2018-09-17,20.0722,32.0522,,35.0591,,20.3913,,,,,,15.8538,17.8318,41.1982,53.8446,29.9917
2018-09-14,20.0865,32.1316,,35.1647,,20.4623,,,,,,15.8500,17.8612,41.4281,54.4453,29.9218
2018-09-13,20.0783,32.0905,,35.1105,,20.4256,,,,,,15.8488,17.8872,41.4106,54.2412,29.7803
2018-09-12,20.0582,32.0011,,34.9956,,20.3505,,,,,,15.8476,17.8796,41.1821,54.1608,29.6548
2018-09-11,20.0484,31.9637,,34.9480,,20.3197,,,,,,15.8463,17.8576,41.1672,54.1753,29.4973
2018-09-10,20.0402,31.9222,,34.8944,,20.2841,,,,,,15.8451,17.8934,41.0110,54.0793,29.4997
2018-09-07,20.0253,31.8672,,34.8242,,20.2382,,,,,,15.8413,17.8800,40.9334,53.8814,29.3978
2018-09-06,20.0397,31.9287,,34.9035,,20.2898,,,,,,15.8400,17.9414,41.0207,53.9815,29.5352
2018-09-05,20.0523,32.0014,,34.9996,,20.3546,,,,,,15.8388,17.9114,41.1589,54.2771,29.6657
2018-09-04,20.0692,32.0893,,35.1152,,20.4319,,,,,,15.8375,17.9104,41.2743,54.5736,29.8877
2018-08-31,20.0867,32.1846,,35.2408,,20.5153,,,,,,15.8323,17.9585,41.3388,54.6885,30.2527
2018-08-30,20.0911,32.2115,,35.2758,,20.5382,,,,,,15.8310,17.9527,41.3290,54.4971,30.4696
2018-08-29,20.1049,32.2868,,35.3746,,20.6041,,,,,,15.8297,17.9355,41.5062,54.6705,30.5904
2018-08-28,20.0874,32.2074,,35.2721,,20.5367,,,,,,15.8284,17.9351,41.2674,54.4718,30.5589
2018-08-27,20.0834,32.1869,,35.2453,,20.5185,,,,,,15.8271,17.9658,41.2559,54.4290,30.4652
2018-08-24,20.0488,32.0335,,35.0478,,20.3887,,,,,,15.8232,17.9796,40.9372,54.2007,30.1682
2018-08-23,20.0243,31.9195,,34.8998,,20.2908,,,,,,15.8219,17.9834,40.6845,53.8577,30.0166
2018-08-22,20.0348,31.9762,,34.9745,,20.3408,,,,,,15.8206,17.9793,40.7508,54.0282,30.1795
2018-08-21,20.0255,31.9389,,34.9262,,20.3089,,,,,,15.8193,17.9647,40.7658,53.9200,30.0112
2018-08-20,20.0098,31.8625,,34.8255,,20.2410,,,,,,15.8180,17.9828,40.6804,53.4345,29.8642
2018-08-17,19.9886,31.7856,,34.7278,,20.1777,,,,,,15.8140,17.9316,40.5804,53.2397,29.7028
2018-08-16,19.9740,31.7212,,34.6447,,20.1230,,,,,,15.8127,17.9284,40.4429,53.0359,29.6210
2018-08-15,19.9427,31.5741,,34.4538,,19.9967,,,,,,15.8114,17.9368,40.1131,52.6002,29.4272
2018-08-14,19.9776,31.7552,,34.6912,,20.1552,,,,,,15.8101,17.8996,40.4127,53.2130,29.8113
2018-08-13,19.9562,31.6541,,34.5596,,20.0677,,,,,,15.8088,17.9119,40.1529,52.7530,29.7673
2018-08-10,19.9765,31.7636,,34.7037,,20.1638,,,,,,15.8049,17.9330,40.3137,53.0714,30.0307
2018-08-09,20.0101,31.9424,,34.9373,,20.3192,,,,,,15.8036,17.8719,40.5901,53.2360,30.5912
2018-08-08,20.0099,31.9512,,34.9492,,20.3273,,,,,,15.8023,17.8445,40.6380,53.1487,30.6201
2018-08-07,20.0104,31.9592,,34.9605,,20.3352,,,,,,15.8010,17.8431,40.6477,53.2469,30.6251
2018-08-06,19.9929,31.8730,,34.8480,,20.2603,,,,,,15.7997,17.8756,40.5326,53.0496,30.3706
2018-08-03,19.9803,31.8304,,34.7939,,20.2250,,,,,,15.7958,17.8570,40.3858,52.7070,30.4749
2018-08-02,19.9640,31.7667,,34.7138,,20.1739,,,,,,15.7945,17.8208,40.1942,52.8277,30.3942
2018-08-01,19.9583,31.7459,,34.6863,,20.1553,,,,,,15.7932,17.8051,39.9926,52.2739,30.7484
2018-07-31,19.9657,31.7790,,34.7292,,20.1832,,,,,,15.7919,17.8396,40.0345,52.2986,30.8418
2018-07-30,19.9501,31.7106,,34.6399,,20.1238,,,,,,15.7907,17.8222,39.8385,51.7852,30.9227
2018-07-27,19.9643,31.7929,,34.7489,,20.1969,,,,,,15.7869,17.8306,40.0656,52.2244,30.9216
2018-07-26,19.9798,31.8777,,34.8620,,20.2736,,,,,,15.7857,17.8153,40.3308,53.0231,30.7799
2018-07-25,19.9862,31.9060,,34.8972,,20.2954,,,,,,15.7844,17.8427,40.4527,52.7838,30.8196
2018-07-24,19.9559,31.7694,,34.7212,,20.1801,,,,,,15.7832,17.8267,40.0879,52.5175,30.6960
2018-07-23,19.9379,31.6971,,34.6314,,20.1236,,,,,,15.7820,17.7997,39.8955,53.0466,30.4451
2018-07-20,19.9371,31.6960,,34.6307,,20.1230,,,,,,15.7782,17.8609,39.8219,53.0544,30.5126
2018-07-19,19.9342,31.6788,,34.6086,,20.1083,,,,,,15.7770,17.9041,39.8582,53.2388,30.2940
2018-07-18,19.9424,31.7267,,34.6705,,20.1489,,,,,,15.7757,17.8760,40.0122,53.0958,30.3985
2018-07-17,19.9320,31.6798,,34.6097,,20.1086,,,,,,15.7745,17.8826,39.9261,52.9268,30.3207
2018-07-16,19.9188,31.6198,,34.5316,,20.0568,,,,,,15.7732,17.8868,39.7672,52.6166,30.3167
2018-07-13,19.9221,31.6468,,34.5688,,20.0822,,,,,,15.7695,17.9092,39.8064,52.8964,30.3215
2018-07-12,19.9133,31.6153,,34.5293,,20.0571,,,,,,15.7682,17.8824,39.7633,52.9504,30.2207
2018-07-11,19.8869,31.4940,,34.3728,,19.9543,,,,,,15.7670,17.8829,39.4144,52.6746,30.1494
2018-07-10,19.9173,31.6502,,34.5767,,20.0898,,,,,,15.7658,17.8566,39.6963,53.0269,30.5015
2018-07-09,19.9098,31.6195,,34.5384,,20.0655,,,,,,15.7645,17.8622,39.5581,53.1447,30.4984
2018-07-06,19.8735,31.4580,,34.3304,,19.9286,,,,,,15.7608,17.8765,39.2008,52.7248,30.2747
2018-07-05,19.8373,31.2943,,34.1188,,19.7893,,,,,,15.7595,17.8560,38.8683,52.2354,30.0407
2018-07-03,19.8046,31.1494,,33.9319,,19.6664,,,,,,15.7570,17.8484,38.5267,51.7475,29.9149
2018-07-02,19.8020,31.1460,,33.9273,,19.6630,,,,,,15.7558,17.8180,38.7183,51.6915,29.6655
2018-06-29,19.8087,31.1841,,33.9770,,19.6957,,,,,,15.7533,17.8330,38.5985,51.4551,30.1039
2018-06-28,19.7920,31.1151,,33.8890,,19.6383,,,,,,15.7508,17.8268,38.5667,51.4459,29.8007
2018-06-27,19.7752,31.0365,,33.7877,,19.5715,,,,,,15.7496,17.8436,38.3251,51.1927,29.7966
2018-06-26,19.8055,31.1982,,33.9995,,19.7134,,,,,,15.7483,17.7920,38.6577,51.9490,29.9886
2018-06-25,19.7977,31.1651,,33.9567,,19.6849,,,,,,15.7471,17.7911,38.5727,51.7122,30.0091
2018-06-22,19.8492,31.4321,,34.3049,,19.9164,,,,,,15.7433,17.7715,39.1093,52.6066,30.4219
2018-06-21,19.8342,31.3644,,34.2180,,19.8594,,,,,,15.7421,17.7758,39.0355,52.6170,30.1673
2018-06-20,19.8559,31.4778,,34.3665,,19.9586,,,,,,15.7409,17.7615,39.2813,53.1594,30.2728
2018-06-19,19.8436,31.4158,,34.2850,,19.9036,,,,,,15.7396,17.7906,39.2141,52.8009,30.1319
2018-06-18,19.8640,31.5231,,34.4247,,19.9963,,,,,,15.7384,17.7677,39.3708,52.9184,30.4650
2018-06-15,19.8727,31.5773,,34.4950,,20.0424,,,,,,15.7347,17.7729,39.4539,52.7134,30.7089
2018-06-14,19.8815,31.6284,,34.5621,,20.0872,,,,,,15.7334,17.7542,39.4902,52.7364,30.9411
2018-06-13,19.8718,31.5926,,34.5164,,20.0576,,,,,,15.7322,17.7192,39.3806,52.5039,31.0023
2018-06-12,19.8832,31.6489,,34.5897,,20.1059,,,,,,15.7310,17.7377,39.5382,52.7362,31.0014
2018-06-11,19.8776,31.6273,,34.5617,,20.0873,,,,,,15.7297,17.7321,39.4679,52.5030,31.0643
2018-06-08,19.8644,31.5740,,34.4938,,20.0426,,,,,,15.7260,17.7498,39.4255,52.4443,30.8585
2018-06-07,19.8607,31.5599,,34.4757,,20.0307,,,,,,15.7247,17.7547,39.3013,52.2468,31.0213
2018-06-06,19.8559,31.5498,,34.4643,,20.0245,,,,,,15.7235,17.7164,39.3221,52.4134,30.9151
2018-06-05,19.8262,31.4008,,34.2708,,19.8959,,,,,,15.7223,17.7690,38.9871,51.9788,30.7000
2018-06-04,19.8252,31.4022,,34.2726,,19.8968,,,,,,15.7211,17.7566,38.9570,51.7388,30.8365
2018-06-01,19.8001,31.2892,,34.1270,,19.8006,,,,,,15.7173,17.7888,38.7825,51.4498,30.5647
2018-05-31,19.7706,31.1405,,33.9344,,19.6728,,,,,,15.7161,17.8509,38.3628,51.0146,30.4708
2018-05-30,19.7929,31.2550,,34.0834,,19.7717,,,,,,15.7148,17.8356,38.6202,51.4114,30.6027
2018-05-29,19.7460,31.0199,,33.7780,,19.5689,,,,,,15.7136,17.9055,38.1292,50.7229,30.2199
2018-05-25,19.7836,31.2477,,34.0759,,19.7678,,,,,,15.7086,17.7578,38.5733,50.8938,30.8670
2018-05-24,19.7901,31.2918,,34.1341,,19.8070,,,,,,15.7074,17.7165,38.6602,50.9437,30.9956
2018-05-23,19.7947,31.3241,,34.1765,,19.8353,,,,,,15.7062,17.6884,38.7371,50.9277,31.0873
2018-05-22,19.7959,31.3465,,34.2074,,19.8572,,,,,,15.7049,17.6317,38.6111,50.8467,31.4620
2018-05-21,19.8020,31.3819,,34.2545,,19.8891,,,,,,15.7037,17.6304,38.7317,51.1959,31.3716
2018-05-18,19.7766,31.2753,,34.1180,,19.7997,,,,,,15.7000,17.6258,38.4466,50.8392,31.3382
2018-05-17,19.7795,31.3009,,34.1519,,19.8225,,,,,,15.6988,17.5877,38.5448,50.8205,31.3693
2018-05-16,19.7732,31.2710,,34.1125,,19.7957,,,,,,15.6975,17.6017,38.5669,50.6393,31.2256
2018-05-15,19.7630,31.2237,,34.0509,,19.7546,,,,,,15.6963,17.6124,38.4002,50.2731,31.3282
2018-05-14,19.7938,31.3580,,34.2227,,19.8660,,,,,,15.6951,17.6967,38.6632,50.3697,31.5960
2018-05-11,19.7861,31.3342,,34.1937,,19.8478,,,,,,15.6914,17.7071,38.6274,50.5021,31.4820
2018-05-10,19.7693,31.2610,,34.1000,,19.7865,,,,,,15.6901,17.6967,38.5477,50.4602,31.2238
2018-05-09,19.7379,31.1232,,33.9239,,19.6718,,,,,,15.6889,17.6642,38.1815,50.2063,31.1213
2018-05-08,19.7100,30.9898,,33.7520,,19.5586,,,,,,15.6877,17.6903,37.8111,49.8717,31.0370
2018-05-07,19.7106,30.9925,,33.7548,,19.5597,,,,,,15.6865,17.7094,37.8206,49.6966,31.0866
2018-05-04,19.6904,30.9094,,33.6481,,19.4892,,,,,,15.6827,17.7074,37.6897,49.2815,30.9770
2018-05-03,19.6505,30.7244,,33.4098,,19.3325,,,,,,15.6815,17.7040,37.2065,48.6542,30.8985
2018-05-02,19.6576,30.7663,,33.4648,,19.3694,,,,,,15.6803,17.6892,37.2857,48.8042,30.9751
2018-05-01,19.6701,30.8301,,33.5464,,19.4224,,,,,,15.6791,17.6814,37.5569,48.8219,30.9218
2018-04-30,19.6723,30.8369,,33.5546,,19.4271,,,,,,15.6779,17.7217,37.4614,48.6545,31.1348
2018-04-27,19.6893,30.9352,,33.6834,,19.5128,,,,,,15.6743,17.7045,37.7695,49.0424,31.1124
2018-04-26,19.6801,30.9041,,33.6449,,19.4888,,,,,,15.6731,17.6676,37.7260,49.1379,31.0030
2018-04-25,19.6469,30.7578,,33.4581,,19.3671,,,,,,15.6720,17.6364,37.3360,48.8583,30.9015
2018-04-24,19.6546,30.7926,,33.5036,,19.3972,,,,,,15.6708,17.6732,37.2672,48.9538,31.1449
2018-04-23,19.6863,30.9448,,33.6994,,19.5256,,,,,,15.6696,17.6863,37.7717,49.3498,31.0943
2018-04-20,19.6878,30.9625,,33.7236,,19.5420,,,,,,15.6661,17.7034,37.7696,49.4048,31.1788
2018-04-19,19.7185,31.1065,,33.9093,,19.6637,,,,,,15.6649,17.7390,38.0929,49.6932,31.3788
2018-04-18,19.7361,31.1864,,34.0121,,19.7309,,,,,,15.6637,17.7866,38.3076,49.9708,31.3825
2018-04-17,19.7263,31.1332,,33.9424,,19.6839,,,,,,15.6625,17.8363,38.2758,49.8085,31.1634
2018-04-16,19.6903,30.9689,,33.7308,,19.5448,,,,,,15.6614,17.8188,37.8723,49.2748,31.0542
2018-04-13,19.6624,30.8501,,33.5786,,19.4450,,,,,,15.6578,17.8133,37.5665,48.8373,31.0168
2018-04-12,19.6670,30.8775,,33.6148,,19.4693,,,,,,15.6566,17.8110,37.6746,49.0637,30.9364
2018-04-11,19.6488,30.7882,,33.4998,,19.3934,,,,,,15.6555,17.8481,37.3616,48.7766,30.9893
2018-04-10,19.6607,30.8499,,33.5788,,19.4449,,,,,,15.6543,17.8362,37.5676,48.7709,31.0307
2018-04-09,19.6017,30.5729,,33.2217,,19.2098,,,,,,15.6531,17.8435,36.9490,47.9042,30.7291
2018-04-06,19.5843,30.5042,,33.1352,,19.1539,,,,,,15.6495,17.8433,36.8149,47.9143,30.5627
2018-04-05,19.6384,30.7752,,33.4856,,19.3853,,,,,,15.6484,17.7927,37.6391,48.8388,30.5530
2018-04-04,19.6120,30.6494,,33.3233,,19.2781,,,,,,15.6472,17.8193,37.3776,48.4759,30.3640
2018-04-03,19.5730,30.4694,,33.0920,,19.1263,,,,,,15.6460,17.8206,36.9471,47.9386,30.2094
2018-04-02,19.5383,30.3010,,32.8745,,18.9826,,,,,,15.6449,17.8615,36.4846,47.3793,30.1386
2018-03-29,19.6129,30.6682,,33.3479,,19.2946,,,,,,15.6424,17.8516,37.3192,48.5193,30.5214
2018-03-28,19.5631,30.4530,,33.0736,,19.1158,,,,,,15.6387,17.8135,36.8107,47.9322,30.3424
2018-03-27,19.5591,30.4402,,33.0575,,19.1053,,,,,,15.6374,17.8039,36.9123,47.9942,30.1152
2018-03-26,19.6113,30.7034,,33.3972,,19.3299,,,,,,15.6362,17.7524,37.5610,48.9068,30.3064
2018-03-23,19.5191,30.2767,,32.8504,,18.9711,,,,,,15.6325,17.7582,36.5690,47.8589,29.8172
2018-03-22,19.5868,30.6081,,33.2782,,19.2534,,,,,,15.6313,17.7586,37.3505,48.8135,30.1653
2018-03-21,19.6666,31.0097,,33.7975,,19.5970,,,,,,15.6300,17.6994,38.3141,49.9557,30.6041
2018-03-20,19.6694,31.0216,,33.8116,,19.6051,,,,,,15.6288,17.7222,38.3808,49.7443,30.6284
2018-03-19,19.6691,31.0173,,33.8059,,19.6009,,,,,,15.6276,17.7582,38.3238,49.6873,30.6876
2018-03-16,19.7097,31.2288,,34.0797,,19.7818,,,,,,15.6239,17.7534,38.8751,50.2015,30.8815
2018-03-15,19.7050,31.2063,,34.0499,,19.7615,,,,,,15.6227,17.7690,38.8083,49.9307,30.9375
2018-03-14,19.7068,31.2190,,34.0675,,19.7736,,,,,,15.6214,17.7782,38.8358,50.1436,30.8974
2018-03-13,19.7226,31.3062,,34.1809,,19.8492,,,,,,15.6202,17.7499,39.0490,50.3599,31.0138
2018-03-12,19.7392,31.3948,,34.2962,,19.9257,,,,,,15.6190,17.7356,39.2967,50.6501,31.0570
2018-03-09,19.7333,31.3838,,34.2830,,19.9174,,,,,,15.6153,17.7136,39.3463,50.5254,30.9925
2018-03-08,19.6778,31.1171,,33.9395,,19.6910,,,,,,15.6141,17.7338,38.6737,49.8084,30.7519
2018-03-07,19.6595,31.0383,,33.8396,,19.6264,,,,,,15.6128,17.7153,38.4912,49.8100,30.6075
2018-03-06,19.6582,31.0333,,33.8322,,19.6206,,,,,,15.6116,17.7255,38.5072,49.5444,30.6408
2018-03-05,19.6415,30.9576,,33.7340,,19.5553,,,,,,15.6104,17.7158,38.4041,49.1028,30.5371
2018-03-02,19.5980,30.7595,,33.4801,,19.3883,,,,,,15.6067,17.7334,37.9850,48.6050,30.2468
2018-03-01,19.5918,30.7214,,33.4286,,19.3524,,,,,,15.6054,17.7852,37.7902,47.9684,30.5064
2018-02-28,19.6280,30.9092,,33.6707,,19.5120,,,,,,15.6043,17.7361,38.2946,48.1869,30.7555
2018-02-27,19.6722,31.1361,,33.9652,,19.7075,,,,,,15.6031,17.7023,38.7208,48.7328,31.2192
2018-02-26,19.7201,31.3645,,34.2600,,19.9017,,,,,,15.6020,17.7441,39.2138,49.4067,31.4988
2018-02-23,19.6722,31.1517,,33.9884,,19.7243,,,,,,15.5984,17.7302,38.7531,49.1200,31.1334
2018-02-22,19.6220,30.9228,,33.6951,,19.5324,,,,,,15.5973,17.6909,38.1403,48.5101,31.0191
2018-02-21,19.6120,30.8839,,33.6464,,19.5012,,,,,,15.5962,17.6730,38.0987,48.6027,30.8525
2018-02-20,19.6368,30.9979,,33.7923,,19.5962,,,,,,15.5950,17.7176,38.3087,48.6769,31.1181
2018-02-16,19.6557,31.1050,,33.9323,,19.6893,,,,,,15.5903,17.7320,38.5318,49.0170,31.2701
2018-02-15,19.6474,31.0736,,33.8924,,19.6633,,,,,,15.5891,17.7114,38.5140,48.9203,31.1743
2018-02-14,19.6020,30.8669,,33.6277,,19.4900,,,,,,15.5880,17.6819,38.0453,48.4178,30.9338
2018-02-13,19.5421,30.5687,,33.2420,,19.2343,,,,,,15.5868,17.7517,37.5318,47.5537,30.3231
2018-02-12,19.5386,30.5565,,33.2266,,19.2242,,,,,,15.5857,17.7503,37.4321,47.3819,30.4662
2018-02-09,19.4811,30.2940,,32.8912,,19.0044,,,,,,15.5822,17.7704,36.9164,46.8699,29.9864
2018-02-08,19.4430,30.1178,,32.6658,,18.8570,,,,,,15.5810,17.7643,36.3632,46.4321,29.9977
2018-02-07,19.5710,30.7325,,33.4573,,19.3779,,,,,,15.5799,17.7877,37.7731,47.9809,30.7414
2018-02-06,19.5905,30.8163,,33.5632,,19.4458,,,,,,15.5787,17.8507,37.9636,47.9716,30.8824
2018-02-05,19.5405,30.5818,,33.2622,,19.2484,,,,,,15.5776,17.8397,37.3042,47.5047,30.7325
2018-02-02,19.6868,31.3233,,34.2244,,19.8863,,,,,,15.5741,17.7872,38.9033,49.2152,31.9671
2018-02-01,19.7649,31.6952,,34.7049,,20.2031,,,,,,15.5729,17.8607,39.7446,50.1792,32.4247
2018-01-31,19.7661,31.6947,,34.7033,,20.2008,,,,,,15.5720,17.9085,39.7632,50.0869,32.3980
2018-01-30,19.7671,31.7068,,34.7202,,20.2129,,,,,,15.5710,17.8961,39.7426,50.2056,32.4680
2018-01-29,19.8044,31.8894,,34.9569,,20.3694,,,,,,15.5699,17.9222,40.1776,50.6988,32.6683
2018-01-26,19.8291,32.0187,,35.1255,,20.4813,,,,,,15.5669,17.9455,40.4477,51.0561,32.8666
2018-01-25,19.7937,31.8425,,34.8980,,20.3309,,,,,,15.5659,17.9824,39.9737,50.7901,32.6543
2018-01-24,19.7955,31.8650,,34.9285,,20.3522,,,,,,15.5649,17.9378,39.9498,50.7837,32.8505
2018-01-23,19.7960,31.8669,,34.9317,,20.3546,,,,,,15.5639,17.9644,39.9718,51.0106,32.7399
2018-01-22,19.7771,31.7852,,34.8266,,20.2856,,,,,,15.5628,17.9292,39.8837,50.8231,32.5047
2018-01-19,19.7493,31.6572,,34.6619,,20.1769,,,,,,15.5598,17.9483,39.5637,50.4800,32.3820
2018-01-18,19.7283,31.5506,,34.5222,,20.0830,,,,,,15.5588,17.9755,39.3897,49.9185,32.2214
2018-01-17,19.7364,31.5889,,34.5722,,20.1160,,,,,,15.5578,18.0058,39.4504,50.1303,32.2571
2018-01-16,19.7129,31.4717,,34.4204,,20.0153,,,,,,15.5568,18.0372,39.0831,49.7140,32.2746
2018-01-12,19.7174,31.5137,,34.4779,,20.0551,,,,,,15.5527,18.0266,39.2202,50.2031,32.1638
2018-01-11,19.6863,31.3663,,34.2885,,19.9306,,,,,,15.5517,18.0310,38.9572,50.0579,31.7895
2018-01-10,19.6595,31.2426,,34.1277,,19.8237,,,,,,15.5507,18.0066,38.6822,49.3346,31.7739
2018-01-09,19.6578,31.2387,,34.1232,,19.8210,,,,,,15.5497,18.0057,38.7248,49.4070,31.6698
2018-01-08,19.6539,31.2132,,34.0900,,19.7986,,,,,,15.5486,18.0595,38.6626,49.4383,31.5810
2018-01-05,19.6467,31.1901,,34.0611,,19.7797,,,,,,15.5456,18.0599,38.5979,49.2932,31.6088
2018-01-04,19.6227,31.0749,,33.9132,,19.6824,,,,,,15.5446,18.0775,38.3284,49.1088,31.4317
2018-01-03,19.5945,30.9419,,33.7424,,19.5702,,,,,,15.5436,18.0849,38.1665,49.0288,30.9713
2018-01-02,19.5742,30.8534,,33.6297,,19.4969,,,,,,15.5426,18.0638,37.9236,48.8657,30.9194
2017-12-29,19.5506,30.7362,,33.4787,,19.3966,,,,,,15.5405,18.1150,37.6103,48.4661,30.8556
2017-12-28,19.5567,30.7830,,33.5409,,19.4388,,,,,,15.5375,18.0906,37.8032,48.7916,30.7423
2017-12-27,19.5486,30.7450,,33.4917,,19.4060,,,,,,15.5365,18.1023,37.7277,48.6052,30.7056
2017-12-26,19.5379,30.7082,,33.4460,,19.3772,,,,,,15.5355,18.0469,37.6958,48.5889,30.5963
2017-12-22,19.5331,30.7055,,33.4440,,19.3767,,,,,,15.5314,18.0227,37.7333,48.5510,30.5668
2017-12-21,19.5343,30.7140,,33.4552,,19.3842,,,,,,15.5304,18.0265,37.7505,48.5719,30.5815
2017-12-20,19.5225,30.6646,,33.3921,,19.3429,,,,,,15.5294,18.0050,37.6756,48.3758,30.5064
2017-12-19,19.5246,30.6713,,33.3999,,19.3472,,,,,,15.5284,18.0384,37.7018,48.2994,30.5123
2017-12-18,19.5431,30.7521,,33.5034,,19.4146,,,,,,15.5274,18.1026,37.8238,48.5784,30.6411
2017-12-15,19.5070,30.5827,,33.2854,,19.2702,,,,,,15.5244,18.1315,37.6209,48.0689,30.1911
2017-12-14,19.4853,30.4804,,33.1537,,19.1832,,,,,,15.5234,18.1345,37.2839,47.5187,30.3193
2017-12-13,19.4986,30.5517,,33.2467,,19.2454,,,,,,15.5224,18.1246,37.4304,47.9083,30.3682
2017-12-12,19.4921,30.5349,,33.2261,,19.2328,,,,,,15.5214,18.0682,37.4464,47.8254,30.3180
2017-12-11,19.4885,30.5209,,33.2092,,19.2222,,,,,,15.5204,18.0767,37.3873,47.9302,30.2946
2017-12-08,19.4730,30.4584,,33.1307,,19.1714,,,,,,15.5174,18.0783,37.2675,47.9175,30.1497
2017-12-07,19.4537,30.3699,,33.0179,,19.0977,,,,,,15.5164,18.0799,37.0601,47.7578,30.0362
2017-12-06,19.4419,30.3081,,32.9372,,19.0433,,,,,,15.5154,18.1173,36.9450,47.3794,29.9801
2017-12-05,19.4491,30.3526,,32.9960,,19.0832,,,,,,15.5144,18.0938,36.9482,47.5889,30.1634
2017-12-04,19.4614,30.4214,,33.0860,,19.1437,,,,,,15.5134,18.0703,37.0851,47.9553,30.2285
2017-12-01,19.4592,30.4210,,33.0870,,19.1449,,,,,,15.5103,18.0812,37.1238,48.1151,30.1213
2017-11-30,19.4702,30.4886,,33.1751,,19.2042,,,,,,15.5093,18.0291,37.1975,48.2398,30.3690
2017-11-29,19.4486,30.3843,,33.0421,,19.1169,,,,,,15.5083,18.0577,36.8818,48.0576,30.3231
2017-11-28,19.4483,30.3793,,33.0351,,19.1116,,,,,,15.5073,18.0914,36.8907,47.9951,30.2872
2017-11-27,19.4204,30.2478,,32.8662,,19.0003,,,,,,15.5063,18.0952,36.5297,47.4382,30.3031
2017-11-24,19.4237,30.2784,,32.9077,,19.0287,,,,,,15.5033,18.0844,36.5394,47.6260,30.4089
2017-11-22,19.4068,30.2027,,32.8111,,18.9653,,,,,,15.5013,18.0978,36.4626,47.5404,30.1435
2017-11-21,19.3993,30.1787,,32.7814,,18.9468,,,,,,15.5003,18.0555,36.4867,47.5589,30.0002
2017-11-20,19.3736,30.0626,,32.6328,,18.8492,,,,,,15.4993,18.0400,36.2491,47.1481,29.8790
2017-11-17,19.3647,30.0284,,32.5891,,18.8202,,,,,,15.4962,18.0499,36.2014,46.9125,29.8486
2017-11-16,19.3663,30.0391,,32.6019,,18.8279,,,,,,15.4952,18.0425,36.2957,46.7103,29.8401
2017-11-15,19.3344,29.8862,,32.4053,,18.6981,,,,,,15.4942,18.0598,35.9895,46.1516,29.6547
2017-11-14,19.3513,29.9778,,32.5234,,18.7764,,,,,,15.4932,18.0252,36.1811,46.3600,29.8152
2017-11-13,19.3556,30.0056,,32.5599,,18.8009,,,,,,15.4922,18.0076,36.2590,46.4796,29.8223
2017-11-10,19.3579,30.0290,,32.5911,,18.8219,,,,,,15.4892,18.0049,36.2226,46.4550,30.0236
2017-11-09,19.3636,30.0464,,32.6122,,18.8345,,,,,,15.4882,18.0697,36.2425,46.4065,30.0696
2017-11-08,19.3797,30.1238,,32.7117,,18.8998,,,,,,15.4872,18.0887,36.3701,46.6350,30.2122
2017-11-07,19.3730,30.0920,,32.6710,,18.8728,,,,,,15.4862,18.1068,36.3170,46.5580,30.1386
2017-11-06,19.3760,30.1140,,32.7014,,18.8943,,,,,,15.4852,18.0999,36.3238,46.9565,30.1221
2017-11-03,19.3680,30.0915,,32.6738,,18.8768,,,,,,15.4821,18.0770,36.2743,46.8185,30.1451
2017-11-02,19.3622,30.0687,,32.6454,,18.8586,,,,,,15.4811,18.0730,36.1591,46.7510,30.2240
2017-11-01,19.3559,30.0474,,32.6187,,18.8417,,,,,,15.4801,18.0483,36.1483,46.7103,30.1559
2017-10-31,19.3495,30.0219,,32.5875,,18.8220,,,,,,15.4792,18.0487,36.0912,46.8782,30.0511
2017-10-30,19.3417,29.9852,,32.5395,,18.7897,,,,,,15.4782,18.0537,36.0557,46.5668,30.0094
2017-10-27,19.3410,30.0058,,32.5690,,18.8113,,,,,,15.4754,17.9972,36.1686,46.9381,29.8696
2017-10-26,19.3182,29.9067,,32.4433,,18.7297,,,,,,15.4744,17.9686,35.8795,46.6428,29.8892
2017-10-25,19.3125,29.8812,,32.4104,,18.7077,,,,,,15.4734,17.9764,35.8340,46.4786,29.8732
2017-10-24,19.3291,29.9576,,32.5082,,18.7717,,,,,,15.4725,18.0084,36.0015,46.7515,29.9270
2017-10-23,19.3262,29.9424,,32.4886,,18.7584,,,,,,15.4715,18.0323,35.9423,46.6556,29.9553
2017-10-20,19.3352,30.0006,,32.5651,,18.8098,,,,,,15.4687,18.0153,36.0848,46.9713,29.9691
2017-10-19,19.3280,29.9608,,32.5135,,18.7751,,,,,,15.4677,18.0620,35.8988,46.7239,30.0936
2017-10-18,19.3226,29.9421,,32.4904,,18.7606,,,,,,15.4668,18.0452,35.8841,46.7598,30.0155
2017-10-17,19.3184,29.9176,,32.4584,,18.7387,,,,,,15.4658,18.0827,35.8560,46.6423,29.9460
2017-10-16,19.3215,29.9388,,32.4866,,18.7580,,,,,,15.4648,18.0733,35.8322,46.7419,30.0728
2017-10-13,19.3159,29.9188,,32.4620,,18.7420,,,,,,15.4620,18.0961,35.7688,46.7262,30.0628
2017-10-12,19.3060,29.8836,,32.4183,,18.7145,,,,,,15.4610,18.0564,35.7367,46.7600,29.9359
2017-10-11,19.3058,29.8895,,32.4262,,18.7200,,,,,,15.4601,18.0388,35.7938,46.7921,29.8837
2017-10-10,19.2993,29.8629,,32.3929,,18.6985,,,,,,15.4591,18.0373,35.7288,46.7748,29.8487
2017-10-06,19.2832,29.8072,,32.3239,,18.6547,,,,,,15.4553,18.0083,35.7093,46.8613,29.5800
2017-10-05,19.2864,29.8227,,32.3439,,18.6677,,,,,,15.4543,18.0264,35.7366,46.9140,29.5978
2017-10-04,19.2742,29.7655,,32.2712,,18.6201,,,,,,15.4534,18.0442,35.5299,46.7546,29.6481
2017-10-03,19.2712,29.7548,,32.2581,,18.6119,,,,,,15.4524,18.0452,35.4832,46.7725,29.6579
2017-10-02,19.2597,29.7059,,32.1961,,18.5715,,,,,,15.4514,18.0353,35.4051,46.6580,29.5600
2017-09-29,19.2461,29.6461,,32.1193,,18.5206,,,,,,15.4496,18.0354,35.2685,46.2275,29.5957
2017-09-28,19.2289,29.5712,,32.0247,,18.4590,,,,,,15.4478,18.0365,35.1376,46.1071,29.4395
2017-09-27,19.2171,29.5210,,31.9611,,18.4176,,,,,,15.4470,18.0233,35.0880,46.0052,29.2906
2017-09-26,19.2048,29.4501,,31.8682,,18.3545,,,,,,15.4461,18.0898,34.9455,45.4719,29.2730
2017-09-25,19.2114,29.4839,,31.9112,,18.3825,,,,,,15.4452,18.0942,34.9404,45.4025,29.4869
2017-09-22,19.2155,29.5213,,31.9603,,18.4156,,,,,,15.4425,18.0532,35.0180,45.4259,29.5932
2017-09-21,19.2057,29.4802,,31.9078,,18.3813,,,,,,15.4416,18.0385,34.9949,45.2755,29.4688
2017-09-20,19.2193,29.5486,,31.9953,,18.4386,,,,,,15.4407,18.0356,35.1006,45.3662,29.6496
2017-09-19,19.2149,29.5248,,31.9642,,18.4174,,,,,,15.4398,18.0610,35.0785,45.2028,29.5994
2017-09-18,19.2053,29.4826,,31.9110,,18.3829,,,,,,15.4389,18.0625,35.0394,45.2313,29.4248
2017-09-15,19.1962,29.4451,,31.8630,,18.3510,,,,,,15.4362,18.0803,34.9873,44.9789,29.3879
2017-09-14,19.1860,29.3995,,31.8048,,18.3127,,,,,,15.4354,18.0802,34.9185,44.8077,29.3087
2017-09-13,19.1905,29.4250,,31.8377,,18.3345,,,,,,15.4345,18.0749,34.9456,44.8407,29.3994
2017-09-12,19.1917,29.4311,,31.8456,,18.3396,,,,,,15.4336,18.0897,34.9188,44.8229,29.4743
2017-09-11,19.1792,29.3692,,31.7661,,18.2867,,,,,,15.4327,18.1192,34.7997,44.5590,29.4021
2017-09-08,19.1438,29.2012,,31.5523,,18.1462,,,,,,15.4300,18.1714,34.4263,44.0654,29.2231
2017-09-07,19.1433,29.2000,,31.5505,,18.1447,,,,,,15.4291,18.1783,34.4763,44.0255,29.1530
2017-09-06,19.1324,29.1614,,31.5030,,18.1151,,,,,,15.4282,18.1356,34.4745,44.1591,28.9302
2017-09-05,19.1255,29.1258,,31.4577,,18.0851,,,,,,15.4274,18.1704,34.3669,44.0996,28.9076
2017-09-01,19.1419,29.2336,,31.5982,,18.1795,,,,,,15.4237,18.0898,34.6281,44.5652,28.9834
2017-08-31,19.1313,29.1797,,31.5288,,18.1332,,,,,,15.4228,18.1218,34.5553,44.3403,28.8694
2017-08-30,19.1038,29.0571,,31.3728,,18.0312,,,,,,15.4219,18.0978,34.3572,43.8878,28.6886
2017-08-29,19.0929,29.0078,,31.3099,,17.9899,,,,,,15.4209,18.1023,34.1909,43.5748,28.7883
2017-08-28,19.0922,29.0109,,31.3146,,17.9935,,,,,,15.4200,18.0886,34.1572,43.5765,28.8662
2017-08-25,19.0854,28.9917,,31.2913,,17.9789,,,,,,15.4171,18.0771,34.1392,43.5410,28.8189
2017-08-24,19.0731,28.9412,,31.2277,,17.9377,,,,,,15.4161,18.0573,34.0786,43.4287,28.6945
2017-08-23,19.0779,28.9630,,31.2546,,17.9546,,,,,,15.4152,18.0746,34.1484,43.3572,28.7223
2017-08-22,19.0819,28.9918,,31.2917,,17.9793,,,,,,15.4142,18.0374,34.2640,43.4044,28.7056
2017-08-21,19.0539,28.8592,,31.1232,,17.8689,,,,,,15.4133,18.0618,33.9255,42.9622,28.6598
2017-08-18,19.0472,28.8414,,31.1020,,17.8559,,,,,,15.4104,18.0480,33.8853,42.9619,28.6429
2017-08-17,19.0483,28.8497,,31.1128,,17.8631,,,,,,15.4095,18.0474,33.9465,43.0111,28.5811
2017-08-16,19.0957,29.0818,,31.4089,,18.0573,,,,,,15.4085,18.0245,34.4772,43.7440,28.7765
2017-08-15,19.0827,29.0316,,31.3459,,18.0169,,,,,,15.4076,17.9868,34.4186,43.6387,28.6578
2017-08-14,19.0909,29.0677,,31.3925,,18.0475,,,,,,15.4066,18.0225,34.4277,43.8753,28.7388
2017-08-11,19.0560,28.9118,,31.1948,,17.9182,,,,,,15.4038,18.0338,34.0837,43.3365,28.6214
2017-08-10,19.0494,28.8862,,31.1625,,17.8973,,,,,,15.4028,18.0204,34.0381,43.2192,28.6043
2017-08-09,19.0988,29.1267,,31.4697,,18.0990,,,,,,15.4019,18.0080,34.5256,43.9537,28.9080
2017-08-08,19.1058,29.1720,,31.5295,,18.1398,,,,,,15.4009,17.9742,34.5340,44.2411,29.0615
2017-08-07,19.1164,29.2210,,31.5919,,18.1804,,,,,,15.4000,17.9989,34.6133,44.3847,29.1434
2017-08-04,19.1055,29.1825,,31.5443,,18.1500,,,,,,15.3971,17.9891,34.5552,44.3499,29.0524
2017-08-03,19.1051,29.1763,,31.5356,,18.1434,,,,,,15.3962,18.0256,34.4901,44.1624,29.1658
2017-08-02,19.1060,29.1903,,31.5544,,18.1565,,,,,,15.3952,17.9954,34.5586,44.2848,29.1140
2017-08-01,19.1083,29.2059,,31.5761,,18.1719,,,,,,15.3943,18.0010,34.5350,44.6178,29.1211
2017-07-31,19.0888,29.1255,,31.4751,,18.1068,,,,,,15.3933,17.9584,34.4508,44.5242,28.8791
2017-07-28,19.0856,29.1215,,31.4711,,18.1048,,,,,,15.3905,17.9590,34.4758,44.6047,28.8016
2017-07-27,19.0898,29.1502,,31.5086,,18.1300,,,,,,15.3895,17.9345,34.5206,44.6969,28.8719
2017-07-26,19.0969,29.1845,,31.5532,,18.1595,,,,,,15.3886,17.9546,34.5506,44.9410,28.9203
2017-07-25,19.0868,29.1497,,31.5109,,18.1336,,,,,,15.3876,17.9120,34.5408,45.1402,28.7109
2017-07-24,19.0771,29.0931,,31.4374,,18.0838,,,,,,15.3867,17.9786,34.4405,44.8554,28.6243
2017-07-21,19.0811,29.1187,,31.4699,,18.1046,,,,,,15.3838,17.9962,34.4762,44.7601,28.7375
2017-07-20,19.0864,29.1544,,31.5167,,18.1364,,,,,,15.3829,17.9645,34.4890,44.8795,28.8879
2017-07-19,19.0784,29.1216,,31.4754,,18.1097,,,,,,15.3819,17.9576,34.4920,44.8897,28.7127
2017-07-18,19.0579,29.0274,,31.3552,,18.0307,,,,,,15.3810,17.9551,34.3046,44.4804,28.6377
2017-07-17,19.0535,29.0194,,31.3466,,18.0264,,,,,,15.3800,17.9137,34.2836,44.5609,28.6257
2017-07-14,19.0483,29.0082,,31.3335,,18.0183,,,,,,15.3772,17.8972,34.2841,44.5054,28.6025
2017-07-13,19.0261,28.9117,,31.2118,,17.9396,,,,,,15.3762,17.8761,34.1242,44.3604,28.3972
2017-07-12,19.0190,28.8789,,31.1703,,17.9124,,,,,,15.3753,17.8921,34.0594,44.2986,28.3375
2017-07-11,18.9820,28.7170,,30.9657,,17.7797,,,,,,15.3743,17.8504,33.8098,43.9539,28.0027
2017-07-10,18.9820,28.7215,,30.9711,,17.7830,,,,,,15.3734,17.8418,33.8356,43.8352,28.0340
2017-07-07,18.9735,28.6985,,30.9442,,17.7669,,,,,,15.3705,17.8156,33.8041,43.9672,27.9393
2017-07-06,18.9603,28.6353,,30.8632,,17.7134,,,,,,15.3696,17.8338,33.5889,43.5441,28.0640
2017-07-05,18.9880,28.7644,,31.0279,,17.8211,,,,,,15.3686,17.8624,33.8940,44.1288,28.0778
2017-07-03,18.9861,28.7669,,31.0331,,17.8257,,,,,,15.3667,17.8473,33.8383,44.2862,28.1369
2017-06-30,18.9748,28.7165,,30.9688,,17.7830,,,,,,15.3639,17.8813,33.7574,44.0346,28.0699
2017-06-29,18.9792,28.7358,,30.9932,,17.7985,,,,,,15.3629,17.9081,33.7044,43.9829,28.2574
2017-06-28,19.0059,28.8580,,31.1474,,17.8984,,,,,,15.3620,17.9424,33.9954,44.3099,28.3326
2017-06-27,18.9743,28.7088,,30.9577,,17.7738,,,,,,15.3610,17.9532,33.6924,43.7248,28.2004
2017-06-26,18.9996,28.8229,,31.1020,,17.8674,,,,,,15.3601,18.0007,33.9661,44.1523,28.2213
2017-06-23,18.9909,28.7948,,31.0672,,17.8451,,,,,,15.3572,17.9862,33.9550,44.0473,28.1425
2017-06-22,18.9805,28.7498,,31.0096,,17.8071,,,,,,15.3563,17.9755,33.9022,43.7492,28.0947
2017-06-21,18.9769,28.7360,,30.9918,,17.7953,,,,,,15.3553,17.9723,33.9175,43.6324,28.0433
2017-06-20,18.9816,28.7622,,31.0258,,17.8179,,,,,,15.3544,17.9726,33.9347,43.7503,28.1181
2017-06-19,19.0062,28.8903,,31.1898,,17.9263,,,,,,15.3534,17.9350,34.1622,44.1764,28.3261
2017-06-16,18.9774,28.7615,,31.0272,,17.8203,,,,,,15.3506,17.9540,33.8795,43.8317,28.1918
2017-06-15,18.9666,28.7165,,30.9710,,17.7841,,,,,,15.3496,17.9449,33.8699,43.8921,27.9573
2017-06-14,18.9913,28.8328,,31.1189,,17.8806,,,,,,15.3487,17.9674,33.9394,44.0952,28.3852
2017-06-13,18.9840,28.8167,,31.1006,,17.8707,,,,,,15.3477,17.8994,33.9708,44.2752,28.2322
2017-06-12,18.9633,28.7226,,30.9815,,17.7929,,,,,,15.3468,17.8934,33.8096,43.9619,28.0935
2017-06-09,18.9675,28.7511,,31.0182,,17.8170,,,,,,15.3439,17.9049,33.8403,43.9944,28.1883
2017-06-08,18.9691,28.7609,,31.0306,,17.8249,,,,,,15.3430,17.9090,33.8683,43.9592,28.2103
2017-06-07,18.9695,28.7611,,31.0293,,17.8228,,,,,,15.3420,17.9233,33.8583,43.6091,28.3402
2017-06-06,18.9666,28.7462,,31.0105,,17.8103,,,,,,15.3411,17.9483,33.7986,43.5889,28.3488
2017-06-05,18.9752,28.7969,,31.0757,,17.8537,,,,,,15.3402,17.9160,33.8924,43.7166,28.4505
2017-06-02,18.9816,28.8357,,31.1263,,17.8873,,,,,,15.3373,17.9321,33.9325,43.9355,28.5205
2017-06-01,18.9541,28.7196,,30.9804,,17.7932,,,,,,15.3364,17.8818,33.8068,43.7418,28.1962
2017-05-31,18.9261,28.5857,,30.8092,,17.6802,,,,,,15.3354,17.8967,33.5487,43.0305,28.1212
2017-05-30,18.9201,28.5646,,30.7830,,17.6634,,,,,,15.3345,17.8783,33.5588,43.0009,28.0176
2017-05-26,18.9205,28.5891,,30.8167,,17.6873,,,,,,15.3307,17.8435,33.5942,43.2489,28.0385
2017-05-25,18.9229,28.6043,,30.8366,,17.7006,,,,,,15.3297,17.8413,33.5795,43.2685,28.1386
2017-05-24,18.9077,28.5400,,30.7565,,17.6492,,,,,,15.3288,17.8271,33.4263,43.2078,28.0650
2017-05-23,18.9017,28.5190,,30.7305,,17.6327,,,,,,15.3279,17.8088,33.3424,43.0973,28.1328
2017-05-22,18.8983,28.5008,,30.7073,,17.6172,,,,,,15.3269,17.8370,33.2804,43.0280,28.1437
2017-05-19,18.8743,28.3983,,30.5784,,17.5334,,,,,,15.3241,17.8378,33.1090,42.7394,27.9748
2017-05-18,18.8471,28.2736,,30.4210,,17.4309,,,,,,15.3231,17.8445,32.8855,42.4349,27.7660
2017-05-17,18.8389,28.2338,,30.3705,,17.3976,,,,,,15.3222,17.8668,32.7645,42.2779,27.7852
2017-05-16,18.8921,28.5083,,30.7209,,17.6288,,,,,,15.3212,17.7680,33.3608,43.2437,28.0493
2017-05-15,18.8819,28.4667,,30.6687,,17.5953,,,,,,15.3203,17.7544,33.3771,43.2694,27.8087
2017-05-12,18.8602,28.3755,,30.5539,,17.5205,,,,,,15.3174,17.7525,33.2146,42.9513,27.6944
2017-05-11,18.8544,28.3652,,30.5428,,17.5151,,,,,,15.3165,17.6876,33.2629,43.1278,27.5463
2017-05-10,18.8616,28.4052,,30.5947,,17.5498,,,,,,15.3156,17.6790,33.3243,43.3729,27.5881
2017-05-09,18.8535,28.3699,,30.5497,,17.5201,,,,,,15.3146,17.6785,33.2741,43.1666,27.5516
2017-05-08,18.8598,28.3984,,30.5855,,17.5431,,,,,,15.3137,17.7005,33.3067,43.1740,27.6403
2017-05-05,18.8669,28.4407,,30.6406,,17.5796,,,,,,15.3108,17.7156,33.3025,43.3795,27.7982
2017-05-04,18.8368,28.3035,,30.4668,,17.4662,,,,,,15.3099,17.7076,33.1662,43.0230,27.4186
2017-05-03,18.8321,28.2782,,30.4350,,17.4452,,,,,,15.3090,17.7463,33.1449,43.1276,27.2688
2017-05-02,18.8386,28.3127,,30.4799,,17.4751,,,,,,15.3080,17.7511,33.1804,43.4014,27.3049
2017-05-01,18.8297,28.2822,,30.4432,,17.4527,,,,,,15.3071,17.7181,33.1414,43.5541,27.1766
2017-04-28,18.8220,28.2419,,30.3913,,17.4180,,,,,,15.3061,17.7530,33.0838,43.3637,27.1018
2017-04-27,18.8282,28.2871,,30.4513,,17.4588,,,,,,15.3031,17.7377,33.1470,43.7732,27.1250
2017-04-26,18.8259,28.2838,,30.4479,,17.4571,,,,,,15.3021,17.7197,33.1250,43.7667,27.1546
2017-04-25,18.8214,28.2692,,30.4294,,17.4451,,,,,,15.3011,17.7023,33.1410,43.6394,27.1091
2017-04-24,18.7998,28.1623,,30.2936,,17.3557,,,,,,15.3001,17.7518,32.9402,43.3001,26.9514
2017-04-21,18.7416,27.8971,,29.9595,,17.1382,,,,,,15.2971,17.7793,32.5866,42.8179,26.2815
2017-04-20,18.7498,27.9403,,30.0143,,17.1741,,,,,,15.2961,17.7717,32.6855,42.9386,26.3219
2017-04-19,18.7245,27.8184,,29.8599,,17.0728,,,,,,15.2951,17.8096,32.4394,42.5173,26.1882
2017-04-18,18.7263,27.8257,,29.8682,,17.0773,,,,,,15.2941,17.8288,32.4907,42.4020,26.1804
2017-04-17,18.7354,27.8831,,29.9414,,17.1259,,,,,,15.2931,17.7638,32.5844,42.4029,26.3666
2017-04-13,18.7042,27.7499,,29.7740,,17.0171,,,,,,15.2891,17.7770,32.3062,41.9509,26.2532
2017-04-12,18.7220,27.8477,,29.8992,,17.1000,,,,,,15.2881,17.7210,32.5273,42.3257,26.3334
2017-04-11,18.7353,27.9152,,29.9860,,17.1575,,,,,,15.2871,17.7193,32.6498,42.7674,26.3570
2017-04-10,18.7261,27.8872,,29.9508,,17.1353,,,,,,15.2861,17.6550,32.6919,42.5605,26.2554
2017-04-07,18.7188,27.8665,,29.9257,,17.1194,,,,,,15.2831,17.6400,32.6677,42.4456,26.2396
2017-04-06,18.7217,27.8781,,29.9399,,17.1281,,,,,,15.2821,17.6683,32.6945,42.4619,26.2424
2017-04-05,18.7137,27.8455,,29.8981,,17.1006,,,,,,15.2811,17.6553,32.6217,42.1089,26.3069
2017-04-04,18.7244,27.9000,,29.9684,,17.1472,,,,,,15.2801,17.6574,32.7186,42.4956,26.3180
2017-04-03,18.7219,27.8923,,29.9593,,17.1415,,,,,,15.2792,17.6577,32.6951,42.5126,26.3110
2017-03-31,18.7281,27.9439,,30.0274,,17.1881,,,,,,15.2761,17.6102,32.7472,42.8703,26.4109
2017-03-30,18.7351,27.9833,,30.0769,,17.2203,,,,,,15.2752,17.5887,32.8212,42.7997,26.5367
2017-03-29,18.7265,27.9399,,30.0216,,17.1835,,,,,,15.2742,17.6206,32.7240,42.5739,26.5218
2017-03-28,18.7225,27.9311,,30.0108,,17.1771,,,,,,15.2732,17.5852,32.6816,42.4109,26.6125
2017-03-27,18.6958,27.8029,,29.8492,,17.0714,,,,,,15.2722,17.6211,32.4465,42.0909,26.4025
2017-03-24,18.6930,27.8051,,29.8529,,17.0744,,,,,,15.2692,17.5973,32.4800,42.0464,26.3989
2017-03-23,18.6892,27.7942,,29.8396,,17.0661,,,,,,15.2682,17.5788,32.5066,42.0157,26.3273
2017-03-22,18.6847,27.7720,,29.8109,,17.0466,,,,,,15.2672,17.5956,32.5407,41.8781,26.2056
2017-03-21,18.6792,27.7578,,29.7942,,17.0368,,,,,,15.2662,17.5596,32.4787,41.8559,26.2516
2017-03-20,18.7202,27.9646,,30.0577,,17.2106,,,,,,15.2652,17.5211,32.8836,42.8203,26.4134
2017-03-17,18.7220,27.9910,,30.0931,,17.2350,,,,,,15.2622,17.4910,32.9489,43.0302,26.4075
2017-03-16,18.7199,27.9878,,30.0890,,17.2325,,,,,,15.2612,17.4708,32.9922,42.9392,26.3704
2017-03-15,18.7144,27.9628,,30.0571,,17.2113,,,,,,15.2602,17.4808,33.0444,42.8850,26.1872
2017-03-14,18.6699,27.7763,,29.8235,,17.0610,,,,,,15.2593,17.3865,32.7692,42.3182,25.8849
2017-03-13,18.6824,27.8405,,29.9051,,17.1145,,,,,,15.2583,17.3775,32.8788,42.5154,25.9907
2017-03-10,18.6727,27.8007,,29.8550,,17.0815,,,,,,15.2553,17.4011,32.8556,42.3776,25.8687
2017-03-09,18.6515,27.7087,,29.7398,,17.0070,,,,,,15.2543,17.3853,32.7483,42.2095,25.6321
2017-03-08,18.6526,27.7083,,29.7396,,17.0065,,,,,,15.2533,17.4358,32.7217,42.3596,25.6001
2017-03-07,18.6654,27.7638,,29.8095,,17.0515,,,,,,15.2523,17.4805,32.7867,42.5768,25.6942
2017-03-06,18.6779,27.8223,,29.8837,,17.0998,,,,,,15.2513,17.5012,32.8805,42.8320,25.7624
2017-03-03,18.6848,27.8675,,29.9422,,17.1387,,,,,,15.2483,17.4969,32.9875,43.1027,25.7591
2017-03-02,18.6828,27.8630,,29.9369,,17.1355,,,,,,15.2473,17.4911,32.9703,43.0718,25.7765
2017-03-01,18.7021,27.9525,,30.0504,,17.2095,,,,,,15.2463,17.5185,33.1616,43.5534,25.7840
2017-02-28,18.6659,27.7675,,29.8160,,17.0551,,,,,,15.2453,17.6125,32.7087,42.9054,25.6781
2017-02-27,18.6734,27.8106,,29.8725,,17.0933,,,,,,15.2443,17.6028,32.7920,43.3981,25.6259
2017-02-24,18.6675,27.7837,,29.8376,,17.0692,,,,,,15.2414,17.6459,32.7539,43.0714,25.6378
2017-02-23,18.6669,27.7977,,29.8568,,17.0833,,,,,,15.2404,17.5816,32.6974,43.0250,25.8345
2017-02-22,18.6605,27.7800,,29.8366,,17.0719,,,,,,15.2394,17.5464,32.6799,43.2654,25.7181
2017-02-21,18.6604,27.7865,,29.8460,,17.0787,,,,,,15.2384,17.5344,32.7117,43.4356,25.6606
2017-02-17,18.6409,27.7096,,29.7502,,17.0168,,,,,,15.2344,17.5362,32.5153,43.1201,25.6715
2017-02-16,18.6371,27.7002,,29.7392,,17.0103,,,,,,15.2334,17.5125,32.4604,43.0594,25.7365
2017-02-15,18.6285,27.6746,,29.7085,,16.9918,,,,,,15.2324,17.4627,32.4856,43.1659,25.5675
2017-02-14,18.6158,27.6127,,29.6306,,16.9407,,,,,,15.2314,17.4953,32.3193,42.9662,25.5517
2017-02-13,18.6069,27.5691,,29.5758,,16.9048,,,,,,15.2304,17.5249,32.1808,42.8315,25.5674
2017-02-10,18.5870,27.4857,,29.4723,,16.8380,,,,,,15.2274,17.5387,32.0045,42.7057,25.4529
2017-02-09,18.5716,27.4160,,29.3846,,16.7809,,,,,,15.2265,17.5481,31.8889,42.4695,25.3497
2017-02-08,18.5577,27.3446,,29.2935,,16.7203,,,,,,15.2255,17.5952,31.7006,42.0056,25.3972
2017-02-07,18.5453,27.2994,,29.2380,,16.6853,,,,,,15.2245,17.5534,31.6686,41.9903,25.2479
2017-02-06,18.5461,27.3116,,29.2546,,16.6971,,,,,,15.2235,17.5329,31.6597,42.1175,25.2938
2017-02-03,18.5530,27.3695,,29.3300,,16.7483,,,,,,15.2205,17.4600,31.7265,42.3278,25.4583
2017-02-02,18.5281,27.2534,,29.1833,,16.6523,,,,,,15.2195,17.4778,31.4951,41.8115,25.3793
2017-02-01,18.5241,27.2404,,29.1677,,16.6426,,,,,,15.2185,17.4682,31.4753,41.8246,25.3471
2017-01-31,18.5227,27.2338,,29.1597,,16.6374,,,,,,15.2175,17.4890,31.4589,41.8808,25.3137
2017-01-30,18.5179,27.2181,,29.1395,,16.6241,,,,,,15.2166,17.4651,31.4866,41.6429,25.2845
2017-01-27,18.5405,27.3339,,29.2866,,16.7203,,,,,,15.2136,17.4690,31.6755,42.0900,25.4482
2017-01-26,18.5396,27.3405,,29.2963,,16.7278,,,,,,15.2126,17.4376,31.7016,42.2327,25.4160
2017-01-25,18.5419,27.3594,,29.3212,,16.7448,,,,,,15.2116,17.4162,31.7240,42.3646,25.4479
2017-01-24,18.5121,27.2166,,29.1416,,16.6275,,,,,,15.2106,17.4619,31.4713,42.0024,25.2087
2017-01-23,18.4934,27.1200,,29.0183,,16.5456,,,,,,15.2096,17.5237,31.2661,41.4340,25.1846
2017-01-20,18.4905,27.1301,,29.0329,,16.5567,,,,,,15.2067,17.4577,31.3493,41.5233,25.1235
2017-01-19,18.4758,27.0670,,28.9542,,16.5059,,,,,,15.2057,17.4533,31.2436,41.3818,25.0159
2017-01-18,18.4977,27.1603,,29.0709,,16.5808,,,,,,15.2047,17.5137,31.3558,41.6549,25.2009
2017-01-17,18.4922,27.1261,,29.0268,,16.5507,,,,,,15.2037,17.5709,31.2954,41.4521,25.1602
2017-01-13,18.5001,27.1896,,29.1099,,16.6071,,,,,,15.1997,17.5169,31.3890,41.8685,25.2413
2017-01-12,18.4897,27.1399,,29.0467,,16.5653,,,,,,15.1987,17.5366,31.3304,41.5986,25.1603
2017-01-11,18.4946,27.1683,,29.0833,,16.5897,,,,,,15.1978,17.5294,31.3973,41.8195,25.1397
2017-01-10,18.4818,27.1158,,29.0182,,16.5480,,,,,,15.1968,17.5165,31.3058,41.7302,25.0514
2017-01-09,18.4734,27.0785,,28.9703,,16.5162,,,,,,15.1958,17.5179,31.3057,41.4416,24.9606
2017-01-06,18.4819,27.1361,,29.0445,,16.5656,,,,,,15.1928,17.4810,31.4165,41.6670,25.0373
2017-01-05,18.4815,27.1291,,29.0360,,16.5597,,,,,,15.1918,17.5288,31.2969,41.6788,25.1525
2017-01-04,18.4655,27.0776,,28.9745,,16.5226,,,,,,15.1908,17.4449,31.3204,41.9734,24.8195
2017-01-03,18.4292,26.9125,,28.7661,,16.3866,,,,,,15.1899,17.4442,31.1352,41.2911,24.4989
2016-12-30,18.4103,26.8356,,28.6712,,16.3257,,,,,,15.1869,17.4483,30.8727,40.9960,24.6018
2016-12-29,18.4113,26.8560,,28.6978,,16.3440,,,,,,15.1849,17.4053,31.0148,41.1460,24.4747
2016-12-28,18.4040,26.8325,,28.6691,,16.3261,,,,,,15.1839,17.3707,31.0224,41.0922,24.3857
2016-12-27,18.4235,26.9374,,28.8019,,16.4136,,,,,,15.1829,17.3166,31.2778,41.5296,24.4181
2016-12-23,18.4159,26.9127,,28.7717,,16.3940,,,,,,15.1789,17.3328,31.2078,41.3730,24.4511
2016-12-22,18.4089,26.8853,,28.7372,,16.3716,,,,,,15.1779,17.3226,31.1659,41.1717,24.4479
2016-12-21,18.4152,26.9190,,28.7807,,16.4005,,,,,,15.1770,17.3240,31.2199,41.4709,24.4436
2016-12-20,18.4174,26.9395,,28.8074,,16.4188,,,,,,15.1760,17.2945,31.2957,41.6601,24.3912
2016-12-19,18.4087,26.8989,,28.7563,,16.3852,,,,,,15.1750,17.3088,31.1779,41.3866,24.4446
2016-12-16,18.3921,26.8439,,28.6891,,16.3430,,,,,,15.1720,17.2525,31.1158,41.2080,24.3569
2016-12-15,18.3935,26.8504,,28.6969,,16.3477,,,,,,15.1710,17.2702,31.1693,41.2416,24.2960
2016-12-14,18.3911,26.8317,,28.6727,,16.3308,,,,,,15.1700,17.3235,31.0476,41.0287,24.4253
2016-12-13,18.4321,27.0168,,28.9042,,16.4803,,,,,,15.1691,17.3639,31.2993,41.5146,24.7923
2016-12-12,18.4050,26.8975,,28.7564,,16.3855,,,,,,15.1681,17.3592,31.0901,41.4300,24.5479
2016-12-09,18.4062,26.9162,,28.7821,,16.4034,,,,,,15.1651,17.3571,31.1240,41.7797,24.4917
2016-12-08,18.3953,26.8591,,28.7112,,16.3571,,,,,,15.1641,17.4193,30.9401,41.7932,24.4521
2016-12-07,18.3904,26.8318,,28.6753,,16.3323,,,,,,15.1631,17.4497,30.8695,41.3463,24.5490
2016-12-06,18.3347,26.5915,,28.3776,,16.1417,,,,,,15.1621,17.4013,30.4629,40.9518,24.1273
2016-12-05,18.3171,26.5112,,28.2766,,16.0757,,,,,,15.1612,17.4097,30.3585,40.5549,24.0159
2016-12-02,18.2849,26.3742,,28.1055,,15.9648,,,,,,15.1582,17.4048,30.1800,40.0063,23.7978
2016-12-01,18.2802,26.3659,,28.0964,,15.9601,,,,,,15.1572,17.3559,30.1681,39.9937,23.8026
2016-11-30,18.2933,26.4163,,28.1589,,15.9996,,,,,,15.1564,17.4207,30.2732,40.2666,23.7835
2016-11-29,18.3033,26.4550,,28.2064,,16.0293,,,,,,15.1556,17.4698,30.3470,40.3684,23.8124
2016-11-28,18.2953,26.4266,,28.1719,,16.0078,,,,,,15.1548,17.4440,30.2992,40.3541,23.7624
2016-11-25,18.3100,26.5141,,28.2835,,16.0819,,,,,,15.1525,17.3923,30.4551,40.7822,23.8537
2016-11-23,18.2944,26.4464,,28.1996,,16.0277,,,,,,15.1509,17.4020,30.3356,40.6168,23.7532
2016-11-22,18.2904,26.4231,,28.1695,,16.0072,,,,,,15.1501,17.4359,30.3100,40.4305,23.7239
2016-11-21,18.2804,26.3821,,28.1180,,15.9738,,,,,,15.1493,17.4237,30.2426,40.1711,23.7120
2016-11-18,18.2526,26.2634,,27.9710,,15.8794,,,,,,15.1470,17.4268,30.0187,39.9141,23.5512
2016-11-17,18.2718,26.3411,,28.0663,,15.9392,,,,,,15.1462,17.4842,30.0855,39.8602,23.8203
2016-11-16,18.2552,26.2591,,27.9633,,15.8718,,,,,,15.1454,17.5289,29.9434,39.5958,23.6984
2016-11-15,18.2662,26.3157,,28.0342,,15.9178,,,,,,15.1446,17.5070,29.9829,39.6144,23.9176
2016-11-14,18.2388,26.1954,,27.8853,,15.8224,,,,,,15.1438,17.5049,29.7529,39.4110,23.7408
2016-11-10,18.2434,26.2004,,27.8855,,15.8174,,,,,,15.1406,17.6059,29.7938,38.4108,23.9993
2016-11-09,18.2461,26.2069,,27.8924,,15.8207,,,,,,15.1399,17.6451,29.7327,38.1786,24.1855
2016-11-08,18.2180,26.0471,,27.6894,,15.6853,,,,,,15.1391,17.8189,29.4049,37.3727,24.0925
2016-11-07,18.2047,25.9858,,27.6134,,15.6363,,,,,,15.1383,17.8451,29.2801,37.2496,24.0138
2016-11-04,18.1424,25.7103,,27.2722,,15.4170,,,,,,15.1359,17.8696,28.6429,36.4512,23.8941
2016-11-03,18.1506,25.7525,,27.3241,,15.4502,,,,,,15.1352,17.8483,28.6900,36.3272,24.0842
2016-11-02,18.1629,25.8087,,27.3941,,15.4952,,,,,,15.1344,17.8589,28.8069,36.4955,24.1251
2016-11-01,18.1870,25.9230,,27.5374,,15.5883,,,,,,15.1336,17.8507,28.9922,36.9483,24.2612
2016-10-31,18.2046,26.0074,,27.6431,,15.6569,,,,,,15.1329,17.8404,29.1900,37.3009,24.2656
2016-10-28,18.1999,25.9950,,27.6278,,15.6470,,,,,,15.1309,17.8267,29.1936,37.1471,24.2626
2016-10-27,18.2069,26.0279,,27.6684,,15.6729,,,,,,15.1302,17.8278,29.2825,37.1726,24.2836
2016-10-26,18.2234,26.0981,,27.7564,,15.7296,,,,,,15.1296,17.8721,29.3695,37.5468,24.3561
2016-10-25,18.2304,26.1279,,27.7940,,15.7538,,,,,,15.1289,17.9017,29.4204,37.7916,24.3341
2016-10-24,18.2430,26.1888,,27.8708,,15.8040,,,,,,15.1283,17.8990,29.5314,38.1086,24.3639
2016-10-21,18.2292,26.1300,,27.7979,,15.7568,,,,,,15.1262,17.9151,29.3917,37.8916,24.3559
2016-10-20,18.2336,26.1532,,27.8270,,15.7758,,,,,,15.1256,17.9119,29.3942,37.9137,24.4621
2016-10-19,18.2370,26.1721,,27.8511,,15.7916,,,,,,15.1249,17.9070,29.4325,38.0234,24.4648
2016-10-18,18.2248,26.1198,,27.7859,,15.7497,,,,,,15.1243,17.9027,29.3638,37.8611,24.3688
2016-10-17,18.1963,25.9968,,27.6336,,15.6521,,,,,,15.1236,17.8838,29.1843,37.6230,24.1233
2016-10-14,18.2051,26.0486,,27.6988,,15.6948,,,,,,15.1216,17.8553,29.2722,37.6992,24.2372
2016-10-13,18.2010,26.0252,,27.6698,,15.6756,,,,,,15.1209,17.8966,29.2663,37.7867,24.0872
2016-10-12,18.2124,26.0873,,27.7483,,15.7273,,,,,,15.1203,17.8579,29.3561,38.0058,24.2027
2016-10-11,18.2195,26.1207,,27.7900,,15.7542,,,,,,15.1196,17.8660,29.3205,37.9911,24.4247
2016-10-07,18.2451,26.2433,,27.9432,,15.8529,,,,,,15.1169,17.8816,29.5532,38.2957,24.5800
2016-10-06,18.2584,26.3074,,28.0238,,15.9054,,,,,,15.1163,17.8792,29.6489,38.5399,24.6750
2016-10-05,18.2631,26.3293,,28.0517,,15.9236,,,,,,15.1156,17.8940,29.6336,38.6514,24.7656
2016-10-04,18.2538,26.2850,,27.9962,,15.8874,,,,,,15.1150,17.9151,29.4949,38.4446,24.8174
2016-10-03,18.2675,26.3403,,28.0644,,15.9304,,,,,,15.1143,17.9652,29.6387,38.6419,24.7891
2016-09-30,18.2739,26.3751,,28.1083,,15.9588,,,,,,15.1123,17.9737,29.7319,38.7974,24.7693
2016-09-29,18.2518,26.2674,,27.9738,,15.8711,,,,,,15.1116,18.0164,29.4972,38.4551,24.6906
2016-09-28,18.2860,26.4295,,28.1758,,16.0020,,,,,,15.1110,18.0037,29.7735,38.9125,24.9259
2016-09-27,18.2599,26.3108,,28.0281,,15.9065,,,,,,15.1103,18.0101,29.6102,38.5993,24.6917
2016-09-26,18.2439,26.2464,,27.9494,,15.8569,,,,,,15.1096,17.9819,29.4191,38.4880,24.7137
2016-09-23,18.2716,26.3845,,28.1218,,15.9686,,,,,,15.1076,17.9617,29.6716,38.7766,24.9332
2016-09-22,18.2920,26.4834,,28.2451,,16.0485,,,,,,15.1070,17.9444,29.8426,39.0025,25.0960
2016-09-21,18.2502,26.3023,,28.0203,,15.9041,,,,,,15.1063,17.9015,29.6496,38.5300,24.6755
2016-09-20,18.2086,26.1165,,27.7900,,15.7560,,,,,,15.1057,17.8925,29.3288,38.0439,24.4160
2016-09-19,18.2018,26.0929,,27.7619,,15.7388,,,,,,15.1050,17.8718,29.3199,38.1609,24.2856
2016-09-16,18.1916,26.0532,,27.7123,,15.7066,,,,,,15.1030,17.8653,29.3201,37.9424,24.1721
2016-09-15,18.2078,26.1286,,27.8057,,15.7667,,,,,,15.1023,17.8661,29.4306,38.0534,24.3389
2016-09-14,18.1786,25.9973,,27.6429,,15.6617,,,,,,15.1017,17.8710,29.1310,37.6298,24.2894
2016-09-13,18.1802,26.0144,,27.6650,,15.6769,,,,,,15.1010,17.8345,29.1469,37.6642,24.3554
2016-09-12,18.2397,26.2780,,27.9917,,15.8865,,,,,,15.1003,17.8871,29.5764,38.3509,24.7510
2016-09-09,18.1942,26.0768,,27.7426,,15.7263,,,,,,15.0983,17.8853,29.1464,37.8641,24.5743
2016-09-08,18.2873,26.4985,,28.2671,,16.0641,,,,,,15.0977,17.9397,29.8789,38.9910,25.1595
2016-09-07,18.2982,26.5369,,28.3139,,16.0929,,,,,,15.0970,18.0125,29.9445,39.1070,25.1830
2016-09-06,18.2912,26.5062,,28.2751,,16.0674,,,,,,15.0963,18.0083,29.9415,38.9038,25.1074
2016-09-02,18.2660,26.4112,,28.1591,,15.9944,,,,,,15.0936,17.9557,29.8518,38.8500,24.8224
2016-09-01,18.2433,26.3039,,28.0248,,15.9068,,,,,,15.0930,17.9783,29.7252,38.4940,24.5971
2016-08-31,18.2366,26.2747,,27.9884,,15.8832,,,,,,15.0924,17.9811,29.7263,38.4527,24.4665
2016-08-30,18.2442,26.3124,,28.0355,,15.9138,,,,,,15.0918,17.9795,29.7916,38.5745,24.5153
2016-08-29,18.2472,26.3262,,28.0523,,15.9243,,,,,,15.0912,17.9873,29.8450,38.5647,24.5047
2016-08-26,18.2278,26.2564,,27.9673,,15.8710,,,,,,15.0893,17.9228,29.6859,38.3379,24.5085
2016-08-25,18.2431,26.3195,,28.0451,,15.9204,,,,,,15.0887,17.9705,29.7322,38.4319,24.7003
2016-08-24,18.2496,26.3474,,28.0790,,15.9415,,,,,,15.0881,17.9870,29.7723,38.3518,24.7991
2016-08-23,18.2656,26.4235,,28.1742,,16.0033,,,,,,15.0875,17.9892,29.9274,38.6736,24.8338
2016-08-22,18.2520,26.3621,,28.0975,,15.9535,,,,,,15.0869,17.9885,29.8680,38.4543,24.6966
2016-08-19,18.2464,26.3500,,28.0832,,15.9450,,,,,,15.0850,17.9501,29.8841,38.3740,24.6606
2016-08-18,18.2562,26.3898,,28.1319,,15.9756,,,,,,15.0844,17.9857,29.9230,38.3938,24.7781
2016-08-17,18.2418,26.3303,,28.0580,,15.9281,,,,,,15.0838,17.9587,29.8566,38.1560,24.6778
2016-08-16,18.2385,26.3222,,28.0492,,15.9235,,,,,,15.0832,17.9388,29.7937,38.2419,24.7132
2016-08-15,18.2583,26.4130,,28.1627,,15.9967,,,,,,15.0826,17.9548,29.9523,38.5741,24.8060
2016-08-12,18.2480,26.3656,,28.1028,,15.9571,,,,,,15.0807,17.9821,29.8653,38.2537,24.8043
2016-08-11,18.2444,26.3608,,28.0976,,15.9549,,,,,,15.0801,17.9334,29.8876,38.2640,24.7651
2016-08-10,18.2288,26.2804,,27.9971,,15.8890,,,,,,15.0795,17.9926,29.7429,38.1119,24.6152
2016-08-09,18.2308,26.2988,,28.0213,,15.9057,,,,,,15.0789,17.9575,29.8173,38.3075,24.5462
2016-08-08,18.2131,26.2279,,27.9340,,15.8503,,,,,,15.0783,17.9165,29.8044,38.2548,24.2580
2016-08-05,18.2062,26.2048,,27.9059,,15.8326,,,,,,15.0764,17.9070,29.8287,38.2609,24.1169
2016-08-04,18.1858,26.1020,,27.7775,,15.7487,,,,,,15.0758,17.9680,29.5737,37.9101,24.0883
2016-08-03,18.1745,26.0611,,27.7277,,15.7176,,,,,,15.0752,17.9243,29.5598,37.8893,23.9358
2016-08-02,18.1746,26.0624,,27.7286,,15.7177,,,,,,15.0746,17.9262,29.4587,37.6034,24.1872
2016-08-01,18.1967,26.1598,,27.8501,,15.7960,,,,,,15.0740,17.9640,29.6464,38.0724,24.2129
2016-07-29,18.2126,26.2275,,27.9339,,15.8492,,,,,,15.0734,18.0017,29.6841,38.1467,24.4466
2016-07-28,18.1827,26.1066,,27.7849,,15.7544,,,,,,15.0715,17.9534,29.6354,38.0222,23.9991
2016-07-27,18.1787,26.0909,,27.7656,,15.7420,,,,,,15.0709,17.9514,29.5853,37.9377,24.0270
2016-07-26,18.1756,26.0869,,27.7616,,15.7405,,,,,,15.0703,17.9100,29.6196,38.0036,23.9539
2016-07-25,18.1691,26.0584,,27.7254,,15.7167,,,,,,15.0697,17.9085,29.6091,37.7969,23.9020
2016-07-22,18.1742,26.0869,,27.7612,,15.7398,,,,,,15.0679,17.9141,29.6983,37.8974,23.8782
2016-07-21,18.1658,26.0500,,27.7151,,15.7099,,,,,,15.0673,17.9159,29.5636,37.6491,23.9798
2016-07-20,18.1715,26.0802,,27.7530,,15.7346,,,,,,15.0667,17.9051,29.6703,37.7917,23.9280
2016-07-19,18.1527,25.9924,,27.6434,,15.6634,,,,,,15.0660,17.9224,29.5404,37.5152,23.7810
2016-07-18,18.1619,26.0414,,27.7052,,15.7040,,,,,,15.0654,17.8998,29.5820,37.6637,23.9177
2016-07-15,18.1520,26.0047,,27.6605,,15.6757,,,,,,15.0636,17.8918,29.5104,37.5852,23.8799
2016-07-14,18.1585,26.0267,,27.6866,,15.6913,,,,,,15.0630,17.9393,29.5379,37.5442,23.9413
2016-07-13,18.1433,25.9518,,27.5939,,15.6311,,,,,,15.0624,17.9862,29.3827,37.4698,23.8165
2016-07-12,18.1423,25.9578,,27.6028,,15.6381,,,,,,15.0618,17.9448,29.3761,37.5739,23.8382
2016-07-11,18.1055,25.7836,,27.3859,,15.4975,,,,,,15.0612,17.9940,29.1715,37.1728,23.4222
2016-07-08,18.0837,25.6846,,27.2628,,15.4175,,,,,,15.0593,18.0309,29.0721,36.8973,23.1796
2016-07-07,18.0280,25.4402,,26.9606,,15.2239,,,,,,15.0587,18.0084,28.6355,36.1794,22.9044
2016-07-06,18.0262,25.4356,,26.9546,,15.2200,,,,,,15.0581,17.9958,28.6577,36.0818,22.8891
2016-07-05,18.0167,25.3914,,26.8999,,15.1845,,,,,,15.0575,18.0137,28.4949,35.8587,22.9871
2016-07-01,18.0508,25.5718,,27.1260,,15.3324,,,,,,15.0550,17.9247,28.6895,36.3403,23.4437
2016-06-30,18.0331,25.5015,,27.0400,,15.2780,,,,,,15.0543,17.8874,28.6282,36.1915,23.2664
2016-06-29,17.9866,25.2957,,26.7869,,15.1160,,,,,,15.0535,17.8894,28.2455,35.6309,23.0500
2016-06-28,17.9208,25.0070,,26.4324,,14.8896,,,,,,15.0527,17.8891,27.7685,34.9063,22.6477
2016-06-27,17.8435,24.6656,,26.0128,,14.6214,,,,,,15.0520,17.8833,27.2773,34.2272,21.9926
2016-06-24,17.9151,25.0229,,26.4590,,14.9120,,,,,,15.0497,17.7875,27.7791,35.3053,22.6615
2016-06-23,18.0898,25.8375,,27.4668,,15.5616,,,,,,15.0489,17.6869,28.8155,36.7835,24.6000
2016-06-22,18.0289,25.5564,,27.1187,,15.3369,,,,,,15.0481,17.7206,28.4350,36.1225,24.0214
2016-06-21,18.0311,25.5713,,27.1377,,15.3496,,,,,,15.0474,17.7112,28.4817,36.2480,23.9852
2016-06-20,18.0223,25.5319,,27.0899,,15.3192,,,,,,15.0466,17.7281,28.4020,36.2896,23.8973
2016-06-17,17.9649,25.2764,,26.7746,,15.1164,,,,,,15.0443,17.7503,28.2374,35.9012,23.0561
2016-06-16,17.9679,25.2845,,26.7836,,15.1211,,,,,,15.0435,17.7898,28.3303,35.9425,22.9307
2016-06-15,17.9618,25.2654,,26.7616,,15.1081,,,,,,15.0428,17.7659,28.2371,35.9909,22.9713
2016-06-14,17.9531,25.2318,,26.7199,,15.0815,,,,,,15.0420,17.7468,28.2868,35.9079,22.7745
2016-06-13,17.9744,25.3295,,26.8408,,15.1592,,,,,,15.0412,17.7538,28.3357,36.0267,23.1309
2016-06-10,18.0086,25.4967,,27.0486,,15.2935,,,,,,15.0389,17.7392,28.5592,36.3681,23.5061
2016-06-09,18.0636,25.7576,,27.3730,,15.5036,,,,,,15.0381,17.7130,28.8230,36.9546,24.2020
2016-06-08,18.0809,25.8455,,27.4831,,15.5754,,,,,,15.0374,17.6864,28.8713,37.1535,24.5064
2016-06-07,18.0669,25.7871,,27.4111,,15.5294,,,,,,15.0366,17.6700,28.7701,36.9661,24.4467
2016-06-06,18.0514,25.7194,,27.3275,,15.4756,,,,,,15.0359,17.6685,28.7324,36.8499,24.2146
2016-06-03,18.0309,25.6324,,27.2199,,15.4062,,,,,,15.0335,17.6722,28.5917,36.5170,24.1212
2016-06-02,18.0217,25.6119,,27.1968,,15.3937,,,,,,15.0328,17.5838,28.6748,36.7162,23.8634
2016-06-01,18.0135,25.5821,,27.1598,,15.3703,,,,,,15.0320,17.5538,28.5907,36.4482,23.9520
2016-05-31,18.0135,25.5801,,27.1564,,15.3673,,,,,,15.0313,17.5703,28.5534,36.2385,24.0673
2016-05-27,18.0108,25.5804,,27.1572,,15.3681,,,,,,15.0284,17.5527,28.5802,36.1346,24.0785
2016-05-26,17.9986,25.5250,,27.0883,,15.3233,,,,,,15.0277,17.5617,28.4534,35.8625,24.0931
2016-05-25,17.9904,25.5002,,27.0591,,15.3059,,,,,,15.0270,17.5140,28.4550,35.9241,23.9684
2016-05-24,17.9657,25.3889,,26.9220,,15.2179,,,,,,15.0263,17.5301,28.2565,35.6930,23.8052
2016-05-23,17.9146,25.1610,,26.6410,,15.0376,,,,,,15.0256,17.5304,27.8742,35.0887,23.4904
2016-05-20,17.9209,25.1950,,26.6832,,15.0646,,,,,,15.0235,17.5368,27.9314,35.1407,23.5531
2016-05-19,17.8907,25.0612,,26.5173,,14.9577,,,,,,15.0228,17.5294,27.7601,34.6492,23.3391
2016-05-18,17.9071,25.1450,,26.6218,,15.0258,,,,,,15.0221,17.4930,27.8627,34.8636,23.5320
2016-05-17,17.9115,25.1473,,26.6229,,15.0242,,,,,,15.0214,17.5933,27.8531,34.8209,23.5352
2016-05-16,17.9371,25.2640,,26.7669,,15.1167,,,,,,15.0207,17.5992,28.1090,35.2164,23.5736
2016-05-13,17.9078,25.1320,,26.6042,,15.0116,,,,,,15.0185,17.6375,27.8336,34.8260,23.4771
2016-05-12,17.9342,25.2580,,26.7595,,15.1116,,,,,,15.0178,17.6098,28.0690,35.0494,23.6674
2016-05-11,17.9419,25.2929,,26.8033,,15.1399,,,,,,15.0171,17.6272,28.0710,35.1956,23.7794
2016-05-10,17.9635,25.3967,,26.9319,,15.2230,,,,,,15.0164,17.6067,28.3270,35.5744,23.7721
2016-05-09,17.9208,25.2086,,26.7009,,15.0753,,,,,,15.0157,17.6027,27.9774,35.1839,23.5284
2016-05-06,17.9160,25.1971,,26.6874,,15.0671,,,,,,15.0136,17.5871,27.9561,35.1235,23.5376
2016-05-05,17.9088,25.1628,,26.6447,,15.0392,,,,,,15.0129,17.6089,27.8637,34.9583,23.5629
2016-05-04,17.9114,25.1840,,26.6722,,15.0581,,,,,,15.0122,17.5780,27.8639,35.0890,23.6350
2016-05-03,17.9382,25.3091,,26.8271,,15.1577,,,,,,15.0115,17.5717,28.0242,35.3241,23.9282
2016-05-02,17.9711,25.4723,,27.0305,,15.2903,,,,,,15.0108,17.5192,28.2685,35.8864,24.1804
2016-04-29,17.9445,25.3492,,26.8784,,15.1919,,,,,,15.0093,17.5566,28.0492,35.5944,24.0022
2016-04-28,17.9606,25.4324,,26.9821,,15.2594,,,,,,15.0079,17.5327,28.1919,35.8102,24.1319
2016-04-27,17.9902,25.5737,,27.1574,,15.3727,,,,,,15.0072,17.5121,28.4526,36.2042,24.3010
2016-04-26,17.9832,25.5547,,27.1348,,15.3593,,,,,,15.0065,17.4589,28.4037,36.0868,24.3475
2016-04-25,17.9739,25.5095,,27.0776,,15.3215,,,,,,15.0058,17.4763,28.3506,35.7753,24.3100
2016-04-22,17.9811,25.5491,,27.1277,,15.3541,,,,,,15.0036,17.4855,28.4019,35.9801,24.3566
2016-04-21,17.9849,25.5655,,27.1464,,15.3651,,,,,,15.0029,17.4925,28.4003,35.6896,24.5430
2016-04-20,17.9965,25.6194,,27.2131,,15.4079,,,,,,15.0022,17.4987,28.5480,35.8760,24.5154
2016-04-19,17.9947,25.6038,,27.1932,,15.3940,,,,,,15.0015,17.5468,28.5246,35.8281,24.4740
2016-04-18,17.9706,25.4977,,27.0626,,15.3104,,,,,,15.0008,17.5451,28.4368,35.7377,24.1196
2016-04-15,17.9500,25.4103,,26.9554,,15.2418,,,,,,14.9987,17.5576,28.2516,35.5478,24.0410
2016-04-14,17.9489,25.4124,,26.9581,,15.2439,,,,,,14.9980,17.5294,28.2794,35.4696,24.0492
2016-04-13,17.9383,25.3662,,26.9017,,15.2079,,,,,,14.9973,17.5367,28.2717,35.5393,23.8101
2016-04-12,17.8924,25.1655,,26.6538,,15.0488,,,,,,14.9966,17.5134,27.9865,34.8771,23.5129
2016-04-11,17.8548,24.9928,,26.4409,,14.9119,,,,,,14.9959,17.5499,27.7176,34.5503,23.1858
2016-04-08,17.8610,25.0267,,26.4831,,14.9390,,,,,,14.9937,17.5552,27.7938,34.6534,23.2018
2016-04-07,17.8327,24.8991,,26.3256,,14.8377,,,,,,14.9930,17.5696,27.7164,34.4933,22.7568
2016-04-06,17.8728,25.0908,,26.5626,,14.9906,,,,,,14.9923,17.5169,28.0514,34.9450,23.0396
2016-04-05,17.8329,24.9101,,26.3397,,14.8473,,,,,,14.9916,17.5372,27.7497,34.5158,22.7632
2016-04-04,17.8756,25.1123,,26.5896,,15.0084,,,,,,14.9909,17.4956,28.0339,34.8682,23.2083
2016-04-01,17.8813,25.1494,,26.6369,,15.0398,,,,,,14.9888,17.4806,28.1180,35.1239,23.1823
2016-03-31,17.8833,25.1606,,26.6511,,15.0491,,,,,,14.9881,17.4856,27.9408,34.9880,23.5561
2016-03-30,17.8878,25.1901,,26.6872,,15.0726,,,,,,14.9874,17.4438,27.9977,34.8558,23.6766
2016-03-29,17.8692,25.1082,,26.5873,,15.0089,,,,,,14.9867,17.4503,27.8737,34.7898,23.4925
2016-03-28,17.8240,24.9160,,26.3506,,14.8576,,,,,,14.9859,17.3963,27.6242,34.0965,23.2119
2016-03-24,17.8109,24.8706,,26.2960,,14.8235,,,,,,14.9831,17.3762,27.6090,34.0656,23.0404
2016-03-23,17.8258,24.9352,,26.3746,,14.8730,,,,,,14.9824,17.3997,27.6193,33.9884,23.3596
2016-03-22,17.8508,25.0643,,26.5362,,14.9790,,,,,,14.9816,17.3437,27.7967,34.5659,23.5340
2016-03-21,17.8501,25.0631,,26.5346,,14.9778,,,,,,14.9809,17.3448,27.8166,34.5418,23.5072
2016-03-18,17.8531,25.0768,,26.5515,,14.9882,,,,,,14.9788,17.3819,27.7886,34.5472,23.6071
2016-03-17,17.8399,25.0256,,26.4890,,14.9487,,,,,,14.9781,17.3504,27.6669,34.3014,23.6475
2016-03-16,17.8084,24.8938,,26.3273,,14.8458,,,,,,14.9774,17.3096,27.4854,33.8933,23.4500
2016-03-15,17.7819,24.7826,,26.1910,,14.7590,,,,,,14.9767,17.2782,27.3305,33.5860,23.2700
2016-03-14,17.8005,24.8712,,26.3017,,14.8310,,,,,,14.9760,17.2769,27.3800,33.9933,23.4820
2016-03-11,17.7955,24.8627,,26.2928,,14.8264,,,,,,14.9738,17.2481,27.4127,34.0967,23.3699
2016-03-10,17.7303,24.5701,,25.9335,,14.5961,,,,,,14.9731,17.2647,26.9632,33.3623,22.9039
2016-03-09,17.7345,24.5900,,25.9589,,14.6128,,,,,,14.9724,17.2774,26.9574,33.5542,22.9376
2016-03-08,17.7186,24.5141,,25.8655,,14.5523,,,,,,14.9717,17.3157,26.8174,33.3871,22.8321
2016-03-07,17.7571,24.7023,,26.0992,,14.7042,,,,,,14.9710,17.2608,27.1166,34.1277,23.0425
2016-03-04,17.7537,24.6922,,26.0861,,14.6953,,,,,,14.9688,17.2630,27.0905,33.8737,23.1280
2016-03-03,17.7343,24.6018,,25.9748,,14.6235,,,,,,14.9681,17.2935,27.0009,33.6958,22.8848
2016-03-02,17.7079,24.4909,,25.8386,,14.5365,,,,,,14.9674,17.2659,26.9040,33.3470,22.6372
2016-03-01,17.6890,24.4095,,25.7385,,14.4723,,,,,,14.9667,17.2611,26.7895,33.0137,22.5466
2016-02-29,17.6135,24.0683,,25.3217,,14.2059,,,,,,14.9659,17.3246,26.1642,32.3234,22.1002
2016-02-26,17.6274,24.1408,,25.4104,,14.2627,,,,,,14.9636,17.2994,26.3757,32.4338,22.0988
2016-02-25,17.6329,24.1553,,25.4259,,14.2706,,,,,,14.9629,17.3519,26.4224,32.2277,22.1536
2016-02-24,17.5867,23.9631,,25.1926,,14.1233,,,,,,14.9621,17.3122,26.1198,31.8719,21.8461
2016-02-23,17.5799,23.9350,,25.1579,,14.1010,,,,,,14.9614,17.3125,26.0026,31.6396,21.9771
2016-02-22,17.6225,24.1268,,25.3917,,14.2498,,,,,,14.9607,17.2929,26.3282,31.9506,22.2883
2016-02-19,17.5744,23.9233,,25.1442,,14.0926,,,,,,14.9583,17.2960,25.9538,31.5006,22.0600
2016-02-18,17.5799,23.9506,,25.1774,,14.1137,,,,,,14.9576,17.2900,25.9509,31.4281,22.2260
2016-02-17,17.5856,23.9886,,25.2247,,14.1450,,,,,,14.9569,17.2343,26.0707,31.5643,22.1939
2016-02-16,17.5243,23.7211,,24.8989,,13.9378,,,,,,14.9561,17.2606,25.6448,30.9643,21.7959
2016-02-12,17.4557,23.4336,,24.5497,,13.7162,,,,,,14.9530,17.2698,25.2199,30.2349,21.3697
2016-02-11,17.3967,23.1675,,24.2255,,13.5093,,,,,,14.9523,17.3481,24.7348,29.6392,21.0530
2016-02-10,17.4416,23.3672,,24.4685,,13.6638,,,,,,14.9515,17.3274,25.0378,30.0193,21.4002
2016-02-09,17.4404,23.3675,,24.4690,,13.6643,,,,,,14.9508,17.3064,25.0341,29.9402,21.4463
2016-02-08,17.4538,23.4282,,24.5438,,13.7123,,,,,,14.9500,17.3142,25.0457,30.1145,21.6558
2016-02-05,17.5097,23.6973,,24.8754,,13.9260,,,,,,14.9477,17.2410,25.4024,30.8387,22.1670
2016-02-04,17.5712,23.9734,,25.2143,,14.1430,,,,,,14.9470,17.2333,25.8789,31.7752,22.4166
2016-02-03,17.5589,23.9234,,25.1528,,14.1037,,,,,,14.9463,17.2204,25.8348,31.5609,22.3293
2016-02-02,17.5422,23.8496,,25.0629,,14.0463,,,,,,14.9455,17.2361,25.6976,31.4258,22.2309
2016-02-01,17.6070,24.1539,,25.4367,,14.2868,,,,,,14.9448,17.1594,26.1850,32.1792,22.7017
2016-01-29,17.6116,24.1674,,25.4524,,14.2957,,,,,,14.9439,17.2071,26.1963,32.1616,22.7409
2016-01-28,17.5199,23.7863,,24.9889,,14.0020,,,,,,14.9411,17.1509,25.5626,31.2149,22.2699
2016-01-27,17.5157,23.7755,,24.9775,,13.9960,,,,,,14.9402,17.1379,25.4201,31.2914,22.4208
2016-01-26,17.5412,23.8894,,25.1169,,14.0848,,,,,,14.9392,17.1418,25.6976,31.7201,22.3768
2016-01-25,17.4849,23.6484,,24.8226,,13.8975,,,,,,14.9383,17.1216,25.3390,31.0796,22.0172
2016-01-22,17.5310,23.8614,,25.0835,,14.0643,,,,,,14.9355,17.1069,25.7413,31.7509,22.1752
2016-01-21,17.4542,23.5298,,24.6798,,13.8077,,,,,,14.9346,17.1159,25.2294,30.9826,21.6702
2016-01-20,17.4349,23.4451,,24.5774,,13.7427,,,,,,14.9337,17.1417,25.0985,30.9839,21.4586
2016-01-19,17.4892,23.6834,,24.8662,,13.9255,,,,,,14.9328,17.1330,25.3910,31.0528,22.1261
2016-01-15,17.4795,23.6578,,24.8380,,13.9093,,,,,,14.9291,17.1256,25.3777,31.4042,21.9039
2016-01-14,17.5607,24.0234,,25.2841,,14.1937,,,,,,14.9282,17.0809,25.9365,31.9870,22.6033
2016-01-13,17.5173,23.8293,,25.0474,,14.0426,,,,,,14.9272,17.1164,25.5099,31.5979,22.4580
2016-01-12,17.5913,24.1615,,25.4544,,14.3028,,,,,,14.9263,17.1068,26.1594,32.6053,22.6922
2016-01-11,17.5673,24.0716,,25.3467,,14.2362,,,,,,14.9254,17.0491,25.9571,32.5205,22.6278
2016-01-08,17.5638,24.0638,,25.3388,,14.2317,,,,,,14.9226,17.0663,25.9348,32.7101,22.5568
2016-01-07,17.6067,24.2631,,25.5842,,14.3895,,,,,,14.9217,17.0484,26.2188,33.1770,22.9324
2016-01-06,17.6823,24.6099,,26.0109,,14.6634,,,,,,14.9208,17.0348,26.8551,34.1067,23.3206
2016-01-05,17.7215,24.8022,,26.2487,,14.8175,,,,,,14.9199,16.9744,27.2020,34.6470,23.5576
2016-01-04,17.7197,24.7972,,26.2429,,14.8140,,,,,,14.9189,16.9765,27.1472,34.6186,23.6310
2015-12-31,17.7733,25.0635,,26.5715,,15.0263,,,,,,14.9154,16.9549,27.5622,35.2356,24.0952
2015-12-30,17.8066,25.2267,,26.7707,,15.1556,,,,,,14.9146,16.9249,27.8239,35.5126,24.4184
2015-12-29,17.8270,25.3226,,26.8905,,15.2319,,,,,,14.9137,16.9150,28.0236,35.8047,24.4757
2015-12-28,17.7950,25.1691,,26.7015,,15.1101,,,,,,14.9128,16.9799,27.7230,35.4625,24.2816
2015-12-24,17.7991,25.2052,,26.7481,,15.1407,,,,,,14.9093,16.9596,27.7831,35.6084,24.3272
2015-12-23,17.8015,25.2208,,26.7663,,15.1527,,,,,,14.9084,16.9421,27.8272,35.5749,24.3623
2015-12-22,17.7493,24.9775,,26.4695,,14.9611,,,,,,14.9076,16.9607,27.4848,35.0903,23.8679
2015-12-21,17.7238,24.8620,,26.3271,,14.8703,,,,,,14.9067,16.9971,27.2413,34.8034,23.7743
2015-12-18,17.7042,24.7900,,26.2382,,14.8154,,,,,,14.9041,16.9983,27.0266,34.6047,23.8359
2015-12-17,17.7523,25.0078,,26.5052,,14.9855,,,,,,14.9032,16.9751,27.5157,35.0221,24.0177
2015-12-16,17.7924,25.1933,,26.7344,,15.1314,,,,,,14.9023,16.9320,27.9327,35.4711,24.1385
2015-12-15,17.7354,24.9313,,26.4149,,14.9258,,,,,,14.9015,16.9483,27.5310,34.9541,23.6595
2015-12-14,17.7020,24.7801,,26.2270,,14.8061,,,,,,14.9006,16.9775,27.2403,34.5033,23.5322
2015-12-11,17.7020,24.7865,,26.2386,,14.8141,,,,,,14.8979,17.0578,27.1097,34.7214,23.6444
2015-12-10,17.7653,25.0913,,26.6140,,15.0559,,,,,,14.8971,16.9908,27.6422,35.4226,24.0947
2015-12-09,17.7636,25.0851,,26.6039,,15.0503,,,,,,14.8962,17.0194,27.5768,35.3009,24.2056
2015-12-08,17.7814,25.1687,,26.7111,,15.1179,,,,,,14.8953,16.9979,27.7901,35.6688,24.1537
2015-12-07,17.8110,25.3081,,26.8798,,15.2274,,,,,,14.8945,17.0210,27.9701,35.8494,24.5005
2015-12-04,17.8328,25.4292,,27.0340,,15.3271,,,,,,14.8918,16.9757,28.1638,36.3422,24.6329
2015-12-03,17.7783,25.2089,,26.7648,,15.1581,,,,,,14.8910,16.9251,27.5978,35.9447,24.5893
2015-12-02,17.8283,25.4131,,27.0185,,15.3176,,,,,,14.8901,17.0502,27.9991,36.5488,24.6950
2015-12-01,17.8599,25.5537,,27.1931,,15.4284,,,,,,14.8892,17.0617,28.3031,36.9242,24.7760
2015-11-30,17.8224,25.3993,,27.0053,,15.3092,,,,,,14.8883,17.0057,28.0019,36.6689,24.5938
2015-11-27,17.8340,25.4630,,27.0848,,15.3605,,,,,,14.8857,16.9947,28.1307,36.8239,24.6648
2015-11-25,17.8256,25.4286,,27.0425,,15.3332,,,,,,14.8840,16.9893,28.1079,36.7146,24.5782
2015-11-24,17.8185,25.3947,,26.9989,,15.3048,,,,,,14.8831,16.9823,28.1080,36.5184,24.4933
2015-11-23,17.8168,25.3932,,26.9932,,15.3026,,,,,,14.8822,16.9784,28.0729,36.3216,24.6298
2015-11-20,17.8203,25.4212,,27.0248,,15.3242,,,,,,14.8796,16.9706,28.1065,36.2096,24.7805
2015-11-19,17.8109,25.3818,,26.9747,,15.2929,,,,,,14.8788,16.9850,27.9955,36.0458,24.8182
2015-11-18,17.8057,25.3603,,26.9521,,15.2772,,,,,,14.8779,16.9631,28.0252,36.1529,24.6264
2015-11-17,17.7565,25.1452,,26.6859,,15.1082,,,,,,14.8770,16.9654,27.5776,35.5832,24.4762
2015-11-16,17.7517,25.1237,,26.6627,,15.0922,,,,,,14.8762,16.9500,27.6079,35.6648,24.2921
2015-11-13,17.7079,24.9440,,26.4437,,14.9536,,,,,,14.8735,16.9446,27.1978,35.3347,24.1703
2015-11-12,17.7409,25.1013,,26.6357,,15.0774,,,,,,14.8727,16.9148,27.5056,35.5872,24.4020
2015-11-10,17.7892,25.3211,,26.9152,,15.2540,,,,,,14.8709,16.9214,27.9813,36.4986,24.3963
2015-11-09,17.7854,25.3134,,26.9044,,15.2484,,,,,,14.8701,16.9029,27.9314,36.4049,24.4852
2015-11-06,17.8135,25.4481,,27.0725,,15.3558,,,,,,14.8674,16.9101,28.2025,36.7837,24.5943
2015-11-05,17.8237,25.4884,,27.1178,,15.3853,,,,,,14.8666,16.9820,28.2091,36.6897,24.7988
2015-11-04,17.8271,25.5059,,27.1394,,15.3993,,,,,,14.8657,16.9901,28.2352,36.7229,24.8324
2015-11-03,17.8400,25.5667,,27.2123,,15.4466,,,,,,14.8648,17.0029,28.3255,36.7581,24.9851
2015-11-02,17.8342,25.5410,,27.1799,,15.4261,,,,,,14.8640,17.0283,28.2476,36.6665,25.0058
2015-10-30,17.7923,25.3495,,26.9404,,15.2728,,,,,,14.8623,17.0468,27.9162,36.0387,24.8073
2015-10-29,17.8004,25.3916,,26.9922,,15.3058,,,,,,14.8607,17.0266,28.0509,36.0861,24.8048
2015-10-28,17.8172,25.4692,,27.0887,,15.3684,,,,,,14.8599,17.0924,28.0604,36.3551,25.0459
2015-10-27,17.7763,25.2711,,26.8377,,15.2072,,,,,,14.8591,17.1457,27.7293,35.5620,24.8689
2015-10-26,17.7916,25.3561,,26.9447,,15.2774,,,,,,14.8583,17.1230,27.7999,35.8659,25.0794
2015-10-23,17.7924,25.3722,,26.9666,,15.2917,,,,,,14.8558,17.0974,27.8530,35.9641,25.0530
2015-10-22,17.7569,25.2080,,26.7664,,15.1629,,,,,,14.8550,17.1338,27.5491,35.6756,24.8025
2015-10-21,17.7150,25.0386,,26.5601,,15.0334,,,,,,14.8542,17.1164,27.0975,35.4009,24.7822
2015-10-20,17.7275,25.1032,,26.6470,,15.0881,,,,,,14.8534,17.0790,27.2527,35.8882,24.6757
2015-10-19,17.7341,25.1305,,26.6802,,15.1090,,,,,,14.8526,17.1117,27.2907,35.9351,24.7226
2015-10-16,17.7351,25.1469,,26.6991,,15.1224,,,,,,14.8502,17.1119,27.2828,35.8938,24.8453
2015-10-15,17.7244,25.1071,,26.6521,,15.0931,,,,,,14.8494,17.1092,27.1588,35.8931,24.8446
2015-10-14,17.6689,24.8472,,26.3323,,14.8871,,,,,,14.8486,17.1419,26.7596,35.2651,24.4026
2015-10-13,17.6827,24.9271,,26.4324,,14.9526,,,,,,14.8478,17.0798,26.8848,35.5154,24.5385
2015-10-09,17.7048,25.0521,,26.5903,,15.0554,,,,,,14.8445,17.0511,27.0320,35.9772,24.7723
2015-10-08,17.6957,25.0122,,26.5422,,15.0240,,,,,,14.8437,17.0363,27.0115,35.9016,24.6406
2015-10-07,17.6639,24.8629,,26.3598,,14.9063,,,,,,14.8429,17.0725,26.7751,35.6035,24.3671
2015-10-06,17.6338,24.7268,,26.1898,,14.7979,,,,,,14.8421,17.0790,26.5513,35.1320,24.2294
2015-10-05,17.6395,24.7571,,26.2306,,14.8233,,,,,,14.8413,17.0531,26.6467,35.3565,24.1475
2015-10-02,17.5707,24.4472,,25.8518,,14.5805,,,,,,14.8388,17.0924,26.1669,34.6504,23.6367
2015-10-01,17.5164,24.2159,,25.5690,,14.4009,,,,,,14.8380,17.0467,25.7953,34.0993,23.3202
2015-09-30,17.5057,24.1703,,25.5165,,14.3668,,,,,,14.8372,17.0438,25.7422,34.1255,23.1697
2015-09-29,17.4372,23.8691,,25.1524,,14.1346,,,,,,14.8363,17.0379,25.2590,33.5696,22.6799
2015-09-28,17.4421,23.9072,,25.1999,,14.1669,,,,,,14.8354,17.0202,25.2262,33.7150,22.8734
2015-09-25,17.5248,24.2971,,25.6807,,14.4741,,,,,,14.8328,16.9751,25.8827,34.7928,23.3555
2015-09-24,17.5201,24.2674,,25.6519,,14.4526,,,,,,14.8320,17.0106,25.8944,35.0820,23.0537
2015-09-23,17.5360,24.3489,,25.7512,,14.5174,,,,,,14.8311,16.9985,25.9822,35.2543,23.2588
2015-09-22,17.5441,24.3876,,25.7992,,14.5480,,,,,,14.8302,17.0115,26.0342,35.3742,23.3176
2015-09-21,17.5944,24.6413,,26.1092,,14.7496,,,,,,14.8294,16.9462,26.3590,35.9229,23.8849
2015-09-18,17.5851,24.5982,,26.0587,,14.7166,,,,,,14.8267,17.0154,26.2383,35.9448,23.8258
2015-09-17,17.6456,24.8989,,26.4244,,14.9544,,,,,,14.8259,16.9476,26.6684,36.4766,24.4815
2015-09-16,17.6368,24.8685,,26.3882,,14.9310,,,,,,14.8250,16.8645,26.7333,36.3894,24.2971
2015-09-15,17.6049,24.7243,,26.2122,,14.8181,,,,,,14.8241,16.8736,26.5013,36.0688,24.0713
2015-09-14,17.5691,24.5518,,26.0006,,14.6821,,,,,,14.8233,16.9575,26.1648,35.6826,23.8641
2015-09-11,17.5855,24.6393,,26.1069,,14.7513,,,,,,14.8207,16.9562,26.2703,35.8224,24.0883
2015-09-10,17.5684,24.5726,,26.0254,,14.7003,,,,,,14.8198,16.9261,26.1447,35.6582,24.0377
2015-09-09,17.5576,24.5263,,25.9685,,14.6645,,,,,,14.8189,16.9563,26.0057,35.5562,24.0584
2015-09-08,17.5901,24.6693,,26.1456,,14.7756,,,,,,14.8181,16.9300,26.3690,35.9595,24.0362
2015-09-04,17.5053,24.2899,,25.6835,,14.4797,,,,,,14.8146,16.9747,25.7214,35.1654,23.4766
2015-09-03,17.5568,24.5330,,25.9772,,14.6691,,,,,,14.8137,16.9422,26.1187,35.5198,23.9387
2015-09-02,17.5485,24.5026,,25.9404,,14.6459,,,,,,14.8129,16.9138,26.0874,35.4409,23.8830
2015-09-01,17.4919,24.2486,,25.6299,,14.4476,,,,,,14.8120,16.9322,25.6151,34.8964,23.5732
2015-08-31,17.5954,24.7302,,26.2172,,14.8255,,,,,,14.8111,16.9164,26.3935,35.8453,24.3943
2015-08-28,17.6200,24.8476,,26.3605,,14.9172,,,,,,14.8086,16.9258,26.6144,36.0589,24.5502
2015-08-27,17.6146,24.8199,,26.3229,,14.8932,,,,,,14.8077,16.9400,26.5951,35.8008,24.5467
2015-08-26,17.5322,24.4638,,25.8882,,14.6176,,,,,,14.8069,16.9208,25.9608,34.9714,24.1455
2015-08-25,17.4312,24.0349,,25.3660,,14.2887,,,,,,14.8061,16.9476,24.9844,34.1023,23.9315
2015-08-24,17.4539,24.0989,,25.4468,,14.3339,,,,,,14.8052,17.0513,25.3224,34.3573,23.5474
2015-08-21,17.5843,24.7150,,26.2043,,14.8211,,,,,,14.8027,17.0259,26.3641,35.7779,24.4640
2015-08-20,17.6786,25.1495,,26.7340,,15.1614,,,,,,14.8018,17.0060,27.2253,36.4910,25.0431
2015-08-19,17.7475,25.4786,,27.1435,,15.4248,,,,,,14.8010,16.9795,27.8126,37.4395,25.4250
2015-08-18,17.7776,25.6380,,27.3403,,15.5536,,,,,,14.8002,16.9268,28.0428,37.8092,25.7590
2015-08-17,17.7898,25.6936,,27.4103,,15.5983,,,,,,14.7993,16.9604,28.1113,38.0240,25.8338
2015-08-14,17.7685,25.6120,,27.3072,,15.5339,,,,,,14.7968,16.9237,27.9605,37.6608,25.8332
2015-08-13,17.7592,25.5740,,27.2581,,15.5034,,,,,,14.7959,16.9306,27.8513,37.4572,25.8993
2015-08-12,17.7621,25.5789,,27.2648,,15.5063,,,,,,14.7951,16.9762,27.8829,37.5101,25.8293
2015-08-11,17.7703,25.6306,,27.3267,,15.5488,,,,,,14.7943,16.9791,27.8497,37.5514,26.1466
2015-08-10,17.7984,25.7807,,27.5120,,15.6698,,,,,,14.7934,16.9028,28.1131,37.8835,26.4029
2015-08-07,17.7573,25.5916,,27.2781,,15.5193,,,,,,14.7909,16.9467,27.7569,37.3864,26.1897
2015-08-06,17.7654,25.6416,,27.3410,,15.5608,,,,,,14.7900,16.9078,27.8359,37.5410,26.2803
2015-08-05,17.7864,25.7468,,27.4750,,15.6466,,,,,,14.7892,16.8821,28.0453,37.9792,26.3166
2015-08-04,17.7782,25.7042,,27.4217,,15.6120,,,,,,14.7884,16.9248,27.9474,37.8489,26.2905
2015-08-03,17.7862,25.7327,,27.4560,,15.6330,,,,,,14.7875,16.9756,28.0099,37.8841,26.3004
2015-07-31,17.7905,25.7713,,27.5062,,15.6661,,,,,,14.7848,16.9344,28.0874,38.0506,26.3334
2015-07-30,17.7800,25.7223,,27.4469,,15.6265,,,,,,14.7839,16.8867,28.1510,37.9359,26.0420
2015-07-29,17.7781,25.7186,,27.4408,,15.6232,,,,,,14.7830,16.8762,28.1478,37.8311,26.0810
2015-07-28,17.7521,25.5976,,27.2922,,15.5273,,,,,,14.7820,16.8936,27.9399,37.5655,25.8931
2015-07-27,17.7202,25.4551,,27.1151,,15.4148,,,,,,14.7811,16.9201,27.5979,37.1661,25.8682
2015-07-24,17.7392,25.5665,,27.2555,,15.5067,,,,,,14.7784,16.8788,27.7581,37.5357,26.0648
2015-07-23,17.7746,25.7357,,27.4648,,15.6416,,,,,,14.7774,16.8796,28.0581,37.9583,26.2899
2015-07-22,17.7852,25.7906,,27.5361,,15.6867,,,,,,14.7765,16.8487,28.2162,38.2259,26.2217
2015-07-21,17.7982,25.8631,,27.6216,,15.7442,,,,,,14.7756,16.8339,28.2807,38.1880,26.5307
2015-07-20,17.8072,25.9118,,27.6843,,15.7843,,,,,,14.7747,16.8078,28.4005,38.4009,26.5164
2015-07-17,17.8040,25.9037,,27.6771,,15.7793,,,,,,14.7719,16.8294,28.3778,38.5043,26.4624
2015-07-16,17.8046,25.9175,,27.6969,,15.7929,,,,,,14.7710,16.8193,28.3463,38.6714,26.5246
2015-07-15,17.7765,25.7894,,27.5408,,15.6922,,,,,,14.7701,16.8206,28.1205,38.4601,26.3079
2015-07-14,17.7775,25.8078,,27.5674,,15.7098,,,,,,14.7692,16.7815,28.1405,38.6826,26.2991
2015-07-13,17.7551,25.7080,,27.4453,,15.6310,,,,,,14.7683,16.7563,28.0154,38.4561,26.0880
2015-07-10,17.7182,25.5505,,27.2518,,15.5077,,,,,,14.7655,16.7580,27.7060,38.0786,25.9373
2015-07-09,17.6723,25.3181,,26.9675,,15.3220,,,,,,14.7646,16.8443,27.3681,37.6149,25.4360
2015-07-08,17.6520,25.1979,,26.8228,,15.2242,,,,,,14.7637,16.9201,27.3064,37.4955,24.9233
2015-07-07,17.7086,25.4713,,27.1598,,15.4420,,,,,,14.7627,16.8960,27.7605,38.1387,25.3566
2015-07-06,17.6946,25.4289,,27.1075,,15.4110,,,,,,14.7609,16.8620,27.5924,38.0195,25.4847
2015-07-02,17.7133,25.5548,,27.2594,,15.5139,,,,,,14.7581,16.7740,27.6980,38.1032,25.9962
2015-07-01,17.7126,25.5622,,27.2710,,15.5218,,,,,,14.7572,16.7440,27.7067,38.2224,25.9875
2015-06-30,17.6926,25.4596,,27.1463,,15.4402,,,,,,14.7564,16.8104,27.5090,38.0981,25.7970
2015-06-29,17.6890,25.4523,,27.1341,,15.4344,,,,,,14.7556,16.8028,27.4343,37.9026,25.9757
2015-06-26,17.7574,25.8098,,27.5777,,15.7236,,,,,,14.7531,16.7036,28.0162,38.8058,26.5839
2015-06-25,17.7669,25.8489,,27.6245,,15.7536,,,,,,14.7523,16.7681,28.0220,38.8572,26.7338
2015-06-24,17.7759,25.8902,,27.6753,,15.7860,,,,,,14.7515,16.7838,28.1043,38.9370,26.7781
2015-06-23,17.7969,25.9991,,27.8130,,15.8750,,,,,,14.7507,16.7507,28.3116,39.3314,26.8639
2015-06-22,17.7971,25.9968,,27.8085,,15.8719,,,,,,14.7499,16.7850,28.2910,39.2517,26.9055
2015-06-19,17.7649,25.8279,,27.6042,,15.7360,,,,,,14.7475,16.8556,28.1194,39.0560,26.3452
2015-06-18,17.7716,25.8689,,27.6550,,15.7690,,,,,,14.7467,16.7940,28.2696,39.1077,26.3229
2015-06-17,17.7419,25.7296,,27.4817,,15.6578,,,,,,14.7458,16.8205,27.9885,38.7019,26.2135
2015-06-16,17.7342,25.6995,,27.4458,,15.6349,,,,,,14.7450,16.8090,27.9329,38.6812,26.1623
2015-06-15,17.7157,25.6238,,27.3521,,15.5759,,,,,,14.7442,16.7824,27.7741,38.4659,26.1322
2015-06-12,17.7354,25.7344,,27.4875,,15.6653,,,,,,14.7418,16.7696,27.9025,38.6413,26.4484
2015-06-11,17.7543,25.8206,,27.5931,,15.7327,,,,,,14.7410,16.7764,28.0973,38.7938,26.5164
2015-06-10,17.7409,25.7759,,27.5385,,15.6992,,,,,,14.7402,16.7001,28.0405,38.6612,26.4691
2015-06-09,17.6952,25.5490,,27.2607,,15.5179,,,,,,14.7393,16.7501,27.7050,38.2227,25.9880
2015-06-08,17.6994,25.5679,,27.2844,,15.5332,,,,,,14.7385,16.7854,27.6923,38.3037,26.0606
2015-06-05,17.7138,25.6469,,27.3845,,15.5975,,,,,,14.7361,16.7622,27.8681,38.5809,26.0851
2015-06-04,17.7352,25.7454,,27.4967,,15.6723,,,,,,14.7353,16.8359,27.9073,38.3708,26.6115
2015-06-03,17.7609,25.8800,,27.6644,,15.7813,,,,,,14.7345,16.7856,28.1494,38.7310,26.7984
2015-06-02,17.7499,25.8103,,27.5765,,15.7225,,,,,,14.7337,16.8563,28.0841,38.4882,26.6068
2015-06-01,17.7482,25.7871,,27.5480,,15.7018,,,,,,14.7328,16.9108,28.1110,38.4437,26.4314
2015-05-29,17.7505,25.7891,,27.5483,,15.7016,,,,,,14.7320,16.9915,28.0503,38.3701,26.5402
2015-05-28,17.7694,25.8941,,27.6777,,15.7864,,,,,,14.7296,16.9638,28.2281,38.5669,26.7418
2015-05-27,17.7723,25.9117,,27.6999,,15.8009,,,,,,14.7288,16.9580,28.2587,38.6194,26.7670
2015-05-26,17.7424,25.7764,,27.5323,,15.6935,,,,,,14.7280,16.9545,27.9976,38.2642,26.6358
2015-05-22,17.7751,25.9618,,27.7614,,15.8443,,,,,,14.7247,16.8854,28.2878,38.6324,27.0344
2015-05-21,17.7881,26.0216,,27.8335,,15.8911,,,,,,14.7239,16.9235,28.3506,38.6979,27.2081
2015-05-20,17.7739,25.9651,,27.7662,,15.8479,,,,,,14.7231,16.8788,28.2805,38.6579,27.0612
2015-05-19,17.7730,25.9623,,27.7625,,15.8454,,,,,,14.7223,16.8740,28.3038,38.6238,27.0257
2015-05-18,17.7808,26.0005,,27.8091,,15.8759,,,,,,14.7215,16.9043,28.3162,38.6952,27.1695
2015-05-15,17.7723,25.9556,,27.7495,,15.8373,,,,,,14.7191,16.9661,28.2285,38.3718,27.1950
2015-05-14,17.7610,25.9184,,27.7054,,15.8098,,,,,,14.7183,16.8925,28.2034,38.3259,27.0934
2015-05-13,17.7267,25.7706,,27.5233,,15.6942,,,,,,14.7175,16.8620,27.8995,37.9693,26.9853
2015-05-12,17.7196,25.7310,,27.4767,,15.6623,,,,,,14.7167,16.8756,27.9018,37.9787,26.7564
2015-05-11,17.7266,25.7675,,27.5217,,15.6914,,,,,,14.7159,16.8668,27.9824,38.0454,26.7948
2015-05-08,17.7414,25.8216,,27.5863,,15.7307,,,,,,14.7135,16.9603,28.1198,38.0729,26.8024
2015-05-07,17.6902,25.5906,,27.3067,,15.5503,,,,,,14.7127,16.9248,27.7462,37.7665,26.3428
2015-05-06,17.6835,25.5790,,27.2897,,15.5427,,,,,,14.7119,16.8826,27.6348,37.5807,26.5756
2015-05-05,17.6884,25.5860,,27.2975,,15.5452,,,,,,14.7111,16.9272,27.7482,37.5437,26.4185
2015-05-04,17.7281,25.7687,,27.5247,,15.6904,,,,,,14.7103,16.9570,28.0778,38.0745,26.6003
2015-05-01,17.7181,25.7288,,27.4753,,15.6589,,,,,,14.7078,16.9726,27.9953,37.9493,26.5799
2015-04-30,17.6970,25.6301,,27.3519,,15.5806,,,,,,14.7071,17.0363,27.6928,37.6782,26.6525
2015-04-29,17.7326,25.8024,,27.5680,,15.7197,,,,,,14.7063,17.0397,27.9746,38.2543,26.8547
2015-04-28,17.7512,25.8873,,27.6733,,15.7872,,,,,,14.7056,17.0860,28.0782,38.5018,27.0104
2015-04-27,17.7475,25.8672,,27.6478,,15.7708,,,,,,14.7048,17.1290,27.9978,38.4427,27.0451
2015-04-24,17.7516,25.8891,,27.6814,,15.7902,,,,,,14.7025,17.1309,28.1140,38.7991,26.8168
2015-04-23,17.7387,25.8338,,27.6182,,15.7487,,,,,,14.7018,17.1083,28.0506,38.9060,26.5926
2015-04-22,17.7258,25.7775,,27.5482,,15.7038,,,,,,14.7010,17.0879,27.9818,38.7193,26.4988
2015-04-21,17.7158,25.7304,,27.4902,,15.6666,,,,,,14.7003,17.1287,27.8393,38.6340,26.5055
2015-04-20,17.7121,25.7068,,27.4622,,15.6469,,,,,,14.6995,17.1349,27.8797,38.6120,26.3185
2015-04-17,17.6871,25.5963,,27.3250,,15.5594,,,,,,14.6973,17.1688,27.6242,38.3095,26.2768
2015-04-16,17.7240,25.7767,,27.5497,,15.7043,,,,,,14.6965,17.1523,27.9403,38.8282,26.4991
2015-04-15,17.7260,25.7921,,27.5689,,15.7172,,,,,,14.6958,17.1400,27.9611,38.8629,26.5396
2015-04-14,17.7081,25.7111,,27.4685,,15.6528,,,,,,14.6950,17.1375,27.8180,38.6268,26.4521
2015-04-13,17.6956,25.6557,,27.4031,,15.6100,,,,,,14.6943,17.1159,27.7724,38.6273,26.2433
2015-04-10,17.7059,25.7155,,27.4764,,15.6579,,,,,,14.6920,17.0924,27.8976,38.6997,26.3388
2015-04-09,17.6893,25.6431,,27.3879,,15.6013,,,,,,14.6912,17.0896,27.7533,38.5605,26.2582
2015-04-08,17.6815,25.6045,,27.3422,,15.5715,,,,,,14.6905,17.1370,27.6300,38.5857,26.2292
2015-04-07,17.6714,25.5615,,27.2866,,15.5366,,,,,,14.6897,17.1320,27.5455,38.3447,26.2497
2015-04-06,17.6745,25.5806,,27.3135,,15.5534,,,,,,14.6890,17.1177,27.6017,38.5446,26.1799
2015-04-02,17.6443,25.4492,,27.1542,,15.4504,,,,,,14.6859,17.1082,27.4203,38.3150,25.8973
2015-04-01,17.6267,25.3582,,27.0433,,15.3773,,,,,,14.6852,17.1365,27.3231,38.1553,25.6350
2015-03-31,17.6309,25.3877,,27.0809,,15.4018,,,,,,14.6845,17.0842,27.4284,38.2516,25.5993
2015-03-30,17.6595,25.5300,,27.2533,,15.5141,,,,,,14.6837,17.0574,27.6684,38.4062,25.8994
2015-03-27,17.6245,25.3797,,27.0664,,15.3960,,,,,,14.6814,17.0634,27.3317,37.9277,25.8811
2015-03-26,17.6121,25.3351,,27.0095,,15.3612,,,,,,14.6807,17.0089,27.2620,37.6764,25.8985
2015-03-25,17.6282,25.4046,,27.0926,,15.4146,,,,,,14.6799,17.0733,27.3262,37.7298,26.1116
2015-03-24,17.6752,25.6209,,27.3633,,15.5870,,,,,,14.6792,17.1041,27.7293,38.4695,26.2562
2015-03-23,17.6866,25.6785,,27.4346,,15.6327,,,,,,14.6784,17.0706,27.8977,38.5807,26.2510
2015-03-20,17.6823,25.6633,,27.4191,,15.6215,,,,,,14.6762,17.0579,27.9465,38.6747,26.0621
2015-03-19,17.6386,25.4598,,27.1721,,15.4611,,,,,,14.6754,17.0211,27.6969,38.3592,25.5533
2015-03-18,17.6623,25.5737,,27.3071,,15.5496,,,,,,14.6747,17.0399,27.8322,38.3558,25.9207
2015-03-17,17.6025,25.3056,,26.9834,,15.3405,,,,,,14.6739,16.9508,27.4971,37.9878,25.2683
2015-03-16,17.6068,25.3276,,27.0084,,15.3568,,,,,,14.6732,16.9284,27.5879,37.8947,25.2853
2015-03-13,17.5633,25.1392,,26.7795,,15.2105,,,,,,14.6709,16.9212,27.2191,37.5766,25.0525
2015-03-12,17.5816,25.2220,,26.8807,,15.2750,,,,,,14.6701,16.9336,27.3851,37.7424,25.1357
2015-03-11,17.5392,25.0314,,26.6460,,15.1253,,,,,,14.6694,16.9221,27.0376,37.2464,24.9351
2015-03-10,17.5381,25.0263,,26.6365,,15.1193,,,,,,14.6686,16.9089,27.0852,37.0395,24.9268
2015-03-09,17.5919,25.2882,,26.9567,,15.3265,,,,,,14.6679,16.8657,27.5505,37.5072,25.3542
2015-03-06,17.5823,25.2655,,26.9283,,15.3108,,,,,,14.6656,16.8320,27.4398,37.3845,25.4923
2015-03-05,17.6324,25.4803,,27.1916,,15.4777,,,,,,14.6649,16.9313,27.8307,37.8693,25.7263
2015-03-04,17.6244,25.4457,,27.1488,,15.4502,,,,,,14.6641,16.9177,27.7961,37.7641,25.6542
2015-03-03,17.6381,25.5146,,27.2339,,15.5053,,,,,,14.6634,16.9127,27.9128,37.9200,25.7628
2015-03-02,17.6544,25.5890,,27.3248,,15.5635,,,,,,14.6626,16.9381,28.0395,38.0537,25.8795
2015-02-27,17.6437,25.5352,,27.2552,,15.5193,,,,,,14.6613,17.0036,27.8673,37.7817,25.9717
2015-02-26,17.6469,25.5578,,27.2859,,15.5386,,,,,,14.6600,16.9769,27.9497,37.9526,25.8957
2015-02-25,17.6529,25.5813,,27.3140,,15.5562,,,,,,14.6594,17.0117,27.9862,37.9693,25.9384
2015-02-24,17.6500,25.5685,,27.2976,,15.5455,,,,,,14.6588,16.9997,28.0032,37.8851,25.8868
2015-02-23,17.6365,25.5206,,27.2413,,15.5103,,,,,,14.6581,16.9409,27.9250,37.8747,25.7955
2015-02-20,17.6340,25.5290,,27.2528,,15.5194,,,,,,14.6562,16.8848,27.9333,37.9031,25.8447
2015-02-19,17.6113,25.4210,,27.1206,,15.4337,,,,,,14.6555,16.8973,27.7598,37.6895,25.6503
2015-02-18,17.6095,25.4046,,27.1010,,15.4196,,,,,,14.6549,16.9227,27.7847,37.6842,25.5164
2015-02-17,17.5974,25.3552,,27.0409,,15.3809,,,,,,14.6543,16.8610,27.7920,37.5496,25.3334
2015-02-13,17.5949,25.3361,,27.0172,,15.3643,,,,,,14.6516,16.9458,27.7434,37.5082,25.3000
2015-02-12,17.5752,25.2369,,26.8951,,15.2845,,,,,,14.6510,16.9681,27.6285,37.2625,25.0703
2015-02-11,17.5352,25.0506,,26.6671,,15.1375,,,,,,14.6504,16.9565,27.3581,36.8576,24.7245
2015-02-10,17.5388,25.0746,,26.6955,,15.1570,,,,,,14.6497,16.9543,27.3493,36.8521,24.8692
2015-02-09,17.5122,24.9544,,26.5476,,15.0630,,,,,,14.6491,16.9843,27.0591,36.5810,24.8245
2015-02-06,17.5257,25.0250,,26.6359,,15.1197,,,,,,14.6471,16.9864,27.1735,36.8033,24.9130
2015-02-05,17.5483,25.1202,,26.7496,,15.1926,,,,,,14.6465,17.0740,27.2589,36.9042,25.1895
2015-02-04,17.5130,24.9564,,26.5467,,15.0627,,,,,,14.6459,17.0826,26.9754,36.4274,25.0066
2015-02-03,17.5246,25.0096,,26.6121,,15.1042,,,,,,14.6452,17.0902,27.0804,36.5580,25.0511
2015-02-02,17.4736,24.7579,,26.3025,,14.9039,,,,,,14.6446,17.1642,26.6945,35.9384,24.6227
2015-01-30,17.4363,24.5996,,26.1097,,14.7818,,,,,,14.6429,17.1589,26.3520,35.6254,24.5077
2015-01-29,17.4712,24.7751,,26.3285,,14.9220,,,,,,14.6412,17.0998,26.6987,36.1736,24.6362
2015-01-28,17.4428,24.6452,,26.1686,,14.8199,,,,,,14.6403,17.1214,26.4441,35.8522,24.5123
2015-01-27,17.4850,24.8609,,26.4351,,14.9926,,,,,,14.6395,17.0499,26.8042,36.3917,24.8437
2015-01-26,17.5077,24.9518,,26.5475,,15.0612,,,,,,14.6386,17.0437,27.1670,36.6099,24.6364
2015-01-23,17.4880,24.8588,,26.4308,,14.9856,,,,,,14.6361,17.0529,27.0968,36.2170,24.4429
2015-01-22,17.4972,24.9107,,26.4943,,15.0268,,,,,,14.6352,16.9957,27.2464,36.2781,24.4679
2015-01-21,17.4549,24.7231,,26.2601,,14.8790,,,,,,14.6344,17.0108,26.8365,35.6330,24.4446
2015-01-20,17.4387,24.6457,,26.1667,,14.8183,,,,,,14.6335,17.0393,26.7066,35.5331,24.2908
2015-01-16,17.4283,24.6126,,26.1304,,14.7950,,,,,,14.6301,17.0265,26.6644,35.6341,24.1593
2015-01-15,17.3880,24.4239,,25.8972,,14.6458,,,,,,14.6292,17.0704,26.3111,35.1039,23.9768
2015-01-14,17.4025,24.4924,,25.9884,,14.7018,,,,,,14.6284,17.0285,26.5560,35.6060,23.7388
2015-01-13,17.4186,24.5753,,26.0899,,14.7674,,,,,,14.6275,16.9970,26.7101,35.7574,23.8649
2015-01-12,17.4207,24.5862,,26.1030,,14.7755,,,,,,14.6267,16.9844,26.7763,35.7452,23.8282
2015-01-09,17.4329,24.6520,,26.1856,,14.8278,,,,,,14.6241,16.9424,26.9944,35.9343,23.7625
2015-01-08,17.4545,24.7568,,26.3155,,14.9108,,,,,,14.6232,16.9082,27.2233,36.2177,23.8260
2015-01-07,17.3970,24.4916,,25.9912,,14.7031,,,,,,14.6224,16.9457,26.7443,35.6351,23.4841
2015-01-06,17.3633,24.3470,,25.8126,,14.5906,,,,,,14.6215,16.9396,26.4285,35.2122,23.4383
2015-01-05,17.3891,24.4818,,25.9813,,14.6995,,,,,,14.6207,16.8860,26.6655,35.6585,23.5838
2015-01-02,17.4527,24.8022,,26.3724,,14.9535,,,,,,14.6181,16.8315,27.1599,36.2327,24.2173
2014-12-31,17.4508,24.8062,,26.3790,,14.9586,,,,,,14.6165,16.8017,27.1655,36.2964,24.2183
2014-12-30,17.4817,24.9568,,26.5632,,15.0773,,,,,,14.6157,16.7780,27.4484,36.5719,24.4325
2014-12-29,17.5001,25.0519,,26.6793,,15.1531,,,,,,14.6149,16.7635,27.5798,36.7379,24.6472
2014-12-26,17.4900,25.0184,,26.6384,,15.1277,,,,,,14.6125,16.7285,27.5512,36.6123,24.5964
2014-12-24,17.4781,24.9723,,26.5807,,15.0917,,,,,,14.6109,16.7158,27.4604,36.4168,24.5994
2014-12-23,17.4730,24.9482,,26.5507,,15.0721,,,,,,14.6101,16.7109,27.4631,36.3221,24.5162
2014-12-22,17.4741,24.9459,,26.5461,,15.0687,,,,,,14.6093,16.7755,27.4135,36.2566,24.5870
2014-12-19,17.4568,24.8769,,26.4625,,15.0155,,,,,,14.6069,16.7603,27.3058,36.1134,24.4808
2014-12-18,17.4435,24.8266,,26.4004,,14.9773,,,,,,14.6061,16.7382,27.1816,35.9458,24.5082
2014-12-17,17.3620,24.4543,,25.9496,,14.6883,,,,,,14.6053,16.7590,26.5396,35.3337,23.9120
2014-12-16,17.3072,24.2059,,25.6390,,14.4923,,,,,,14.6045,16.7989,26.0086,34.4244,23.8897
2014-12-15,17.3200,24.2596,,25.7058,,14.5331,,,,,,14.6037,16.7803,26.2313,34.5706,23.7476
2014-12-12,17.3494,24.4076,,25.8869,,14.6505,,,,,,14.6013,16.8034,26.3973,34.8823,24.1017
2014-12-11,17.4020,24.6645,,26.2002,,14.8530,,,,,,14.6005,16.7556,26.8315,35.3405,24.5430
2014-12-10,17.3945,24.6371,,26.1646,,14.8318,,,,,,14.5997,16.7670,26.7035,35.1780,24.6789
2014-12-09,17.4433,24.8717,,26.4565,,15.0185,,,,,,14.5989,16.7364,27.1451,35.8956,24.8739
2014-12-08,17.4442,24.8820,,26.4638,,15.0251,,,,,,14.5981,16.7189,27.1514,35.6032,25.0589
2014-12-05,17.4637,24.9909,,26.6010,,15.1138,,,,,,14.5957,16.6819,27.3459,35.9886,25.1594
2014-12-04,17.4589,24.9615,,26.5631,,15.0888,,,,,,14.5949,16.7225,27.3001,35.8367,25.1328
2014-12-03,17.4611,24.9800,,26.5871,,15.1047,,,,,,14.5941,16.6992,27.3312,35.9300,25.1486
2014-12-02,17.4490,24.9271,,26.5192,,15.0622,,,,,,14.5933,16.6995,27.2216,35.6347,25.1883
2014-12-01,17.4335,24.8554,,26.4296,,15.0047,,,,,,14.5908,16.7591,27.0472,35.3948,25.1881
2014-11-28,17.4579,24.9738,,26.5802,,15.1007,,,,,,14.5899,16.7673,27.2321,35.9401,25.2606
2014-11-26,17.4688,25.0431,,26.6689,,15.1588,,,,,,14.5882,16.7403,27.3001,36.2647,25.3840
2014-11-25,17.4565,24.9913,,26.6062,,15.1188,,,,,,14.5874,16.7260,27.2175,36.1809,25.2938
2014-11-24,17.4511,24.9724,,26.5846,,15.1048,,,,,,14.5865,16.6877,27.2454,36.1799,25.1677
2014-11-21,17.4366,24.9148,,26.5117,,15.0589,,,,,,14.5840,16.6739,27.1672,35.8793,25.1421
2014-11-20,17.4135,24.8134,,26.3896,,14.9804,,,,,,14.5831,16.6494,27.0219,35.7519,24.9195
2014-11-19,17.4061,24.7857,,26.3523,,14.9579,,,,,,14.5823,16.6319,26.9676,35.4849,24.9943
2014-11-18,17.4155,24.8318,,26.4108,,14.9953,,,,,,14.5814,16.6536,27.0063,35.7028,25.0668
2014-11-17,17.3900,24.7124,,26.2658,,14.9012,,,,,,14.5806,16.6488,26.8630,35.4897,24.7773
2014-11-14,17.3929,24.7397,,26.3014,,14.9250,,,,,,14.5780,16.6587,26.8418,35.6505,24.8860
2014-11-13,17.3899,24.7326,,26.2934,,14.9203,,,,,,14.5771,16.6405,26.8318,35.6438,24.8786
2014-11-12,17.3880,24.7308,,26.2948,,14.9211,,,,,,14.5763,16.6322,26.8156,35.8300,24.8184
2014-11-10,17.3838,24.7172,,26.2765,,14.9099,,,,,,14.5746,16.6253,26.8076,35.6756,24.8371
2014-11-07,17.3693,24.6498,,26.1947,,14.8564,,,,,,14.5720,16.6578,26.7224,35.5558,24.6711
2014-11-06,17.3666,24.6509,,26.1960,,14.8588,,,,,,14.5712,16.6151,26.7082,35.5202,24.7372
2014-11-05,17.3583,24.6155,,26.1500,,14.8304,,,,,,14.5703,16.6331,26.5994,35.2929,24.8304
2014-11-04,17.3417,24.5455,,26.0664,,14.7772,,,,,,14.5695,16.6363,26.4393,35.2557,24.7474
2014-11-03,17.3558,24.6194,,26.1580,,14.8368,,,,,,14.5686,16.6342,26.5139,35.4685,24.9203
2014-10-31,17.3616,24.6602,,26.2068,,14.8697,,,,,,14.5658,16.6443,26.5168,35.4684,25.1335
2014-10-30,17.3131,24.4286,,25.9242,,14.6869,,,,,,14.5648,16.6627,26.2093,34.9817,24.6477
2014-10-29,17.2926,24.3425,,25.8193,,14.6205,,,,,,14.5639,16.6483,26.0447,34.7954,24.5646
2014-10-28,17.2998,24.3746,,25.8596,,14.6458,,,,,,14.5629,16.6782,26.0786,34.9306,24.6042
2014-10-27,17.2578,24.1786,,25.6150,,14.4898,,,,,,14.5620,16.6953,25.7708,34.2206,24.4127
2014-10-24,17.2573,24.1883,,25.6288,,14.4988,,,,,,14.5591,16.6787,25.8092,34.3007,24.3758
2014-10-23,17.2382,24.1100,,25.5338,,14.4391,,,,,,14.5582,16.6769,25.6281,34.1461,24.3470
2014-10-22,17.2005,23.9345,,25.3170,,14.3007,,,,,,14.5572,16.7131,25.3167,33.6333,24.1746
2014-10-21,17.2266,24.0553,,25.4674,,14.3960,,,,,,14.5563,16.7284,25.4998,34.0664,24.2925
2014-10-20,17.1622,23.7666,,25.1143,,14.1715,,,,,,14.5553,16.7386,25.0095,33.3465,23.9493
2014-10-17,17.1285,23.6294,,24.9468,,14.0660,,,,,,14.5525,16.7196,24.7823,32.9743,23.8077
2014-10-16,17.0886,23.4535,,24.7373,,13.9320,,,,,,14.5515,16.7364,24.4666,32.8207,23.4959
2014-10-15,17.0906,23.4528,,24.7289,,13.9270,,,,,,14.5506,16.7924,24.4618,32.4430,23.6592
2014-10-14,17.1092,23.5516,,24.8436,,14.0027,,,,,,14.5497,16.7149,24.6605,32.3077,23.9383
2014-10-10,17.1301,23.6546,,24.9690,,14.0815,,,,,,14.5458,16.6506,25.0324,32.4181,23.8319
2014-10-09,17.1739,23.8698,,25.2345,,14.2528,,,,,,14.5449,16.6352,25.3207,33.0095,24.2177
2014-10-08,17.2486,24.2185,,25.6609,,14.5260,,,,,,14.5440,16.6361,25.8531,33.8122,24.7817
2014-10-07,17.1925,23.9740,,25.3634,,14.3369,,,,,,14.5430,16.6121,25.4008,33.3197,24.4967
2014-10-06,17.2376,24.1936,,25.6337,,14.5105,,,,,,14.5421,16.5627,25.7904,33.8640,24.7696
2014-10-03,17.2320,24.1789,,25.6207,,14.5013,,,,,,14.5392,16.5357,25.8302,34.0399,24.5586
2014-10-02,17.2067,24.0768,,25.4944,,14.4230,,,,,,14.5383,16.5364,25.5446,33.7335,24.6563
2014-10-01,17.2190,24.1410,,25.5670,,14.4723,,,,,,14.5373,16.5562,25.5425,33.5665,25.0816
2014-09-30,17.2557,24.3282,,25.7986,,14.6217,,,,,,14.5365,16.4855,25.8829,34.0690,25.2928
2014-09-29,17.2672,24.3880,,25.8760,,14.6709,,,,,,14.5357,16.4889,25.9535,34.4327,25.3208
2014-09-26,17.2733,24.4307,,25.9285,,14.7056,,,,,,14.5331,16.4680,26.0177,34.4888,25.4289
2014-09-25,17.2513,24.3293,,25.8030,,14.6257,,,,,,14.5323,16.4976,25.7919,34.2038,25.3979
2014-09-24,17.2984,24.5583,,26.0841,,14.8065,,,,,,14.5314,16.4484,26.2155,34.7086,25.6815
2014-09-23,17.2788,24.4693,,25.9740,,14.7366,,,,,,14.5306,16.4737,26.0109,34.4586,25.6672
2014-09-22,17.2978,24.5688,,26.0974,,14.8166,,,,,,14.5297,16.4514,26.1594,34.7369,25.8296
2014-09-19,17.3245,24.7121,,26.2779,,14.9330,,,,,,14.5272,16.4305,26.3707,35.2808,26.0002
2014-09-18,17.3272,24.7398,,26.3157,,14.9582,,,,,,14.5263,16.3959,26.3830,35.5312,26.0293
2014-09-17,17.3116,24.6686,,26.2294,,14.9027,,,,,,14.5255,16.4071,26.2507,35.4208,25.9232
2014-09-16,17.3109,24.6693,,26.2294,,14.9033,,,,,,14.5247,16.4182,26.2161,35.3727,26.0089
2014-09-15,17.2896,24.5772,,26.1171,,14.8321,,,,,,14.5238,16.4159,26.0208,35.1840,25.9444
2014-09-12,17.2941,24.6173,,26.1713,,14.8676,,,,,,14.5213,16.4002,26.0390,35.5176,25.9894
2014-09-11,17.3106,24.7001,,26.2785,,14.9370,,,,,,14.5203,16.4575,26.1964,35.8506,26.0392
2014-09-10,17.3044,24.6735,,26.2441,,14.9153,,,,,,14.5195,16.4525,26.1661,35.6776,26.0331
2014-09-09,17.2967,24.6370,,26.1983,,14.8861,,,,,,14.5186,16.4810,26.0685,35.5422,26.0600
2014-09-08,17.3211,24.7515,,26.3401,,14.9767,,,,,,14.5178,16.5064,26.2394,35.8814,26.2170
2014-09-05,17.3286,24.7953,,26.3926,,15.0111,,,,,,14.5152,16.5071,26.3157,35.8774,26.3313
2014-09-04,17.3192,24.7589,,26.3473,,14.9834,,,,,,14.5144,16.5145,26.1833,35.7536,26.4262
2014-09-03,17.3316,24.8046,,26.4003,,15.0148,,,,,,14.5128,16.5414,26.2208,35.8919,26.4824
2014-09-02,17.3275,24.7842,,26.3786,,14.9995,,,,,,14.5128,16.5312,26.2361,36.0285,26.2822
2014-08-29,17.3287,24.7831,,26.3748,,14.9962,,,,,,14.5109,16.5824,26.2491,35.8987,26.2962
2014-08-28,17.3151,24.7302,,26.3091,,14.9548,,,,,,14.5081,16.5811,26.1602,35.6909,26.2710
2014-08-27,17.3236,24.7828,,26.3739,,14.9980,,,,,,14.5071,16.5593,26.2007,35.8006,26.4497
2014-08-26,17.3194,24.7718,,26.3618,,14.9906,,,,,,14.5062,16.5330,26.1941,35.8193,26.4062
2014-08-25,17.3103,24.7286,,26.3077,,14.9556,,,,,,14.5053,16.5307,26.1660,35.6464,26.3035
2014-08-22,17.2894,24.6424,,26.2038,,14.8890,,,,,,14.5024,16.5194,26.0411,35.5016,26.1332
2014-08-21,17.2969,24.6834,,26.2525,,14.9212,,,,,,14.5015,16.5148,26.0894,35.4950,26.2804
2014-08-20,17.2837,24.6289,,26.1876,,14.8797,,,,,,14.5005,16.4943,26.0119,35.4474,26.1532
2014-08-19,17.2802,24.6174,,26.1738,,14.8714,,,,,,14.4996,16.5080,25.9458,35.4387,26.2095
2014-08-18,17.2641,24.5446,,26.0852,,14.8146,,,,,,14.4986,16.5211,25.8115,35.2986,26.1150
2014-08-15,17.2335,24.4036,,25.9108,,14.7025,,,,,,14.4958,16.5541,25.5916,34.8663,25.9344
2014-08-14,17.2323,24.4108,,25.9199,,14.7097,,,,,,14.4949,16.5187,25.5901,34.8653,25.9953
2014-08-13,17.2157,24.3427,,25.8376,,14.6576,,,,,,14.4939,16.4943,25.4781,34.7370,25.8979
2014-08-12,17.1900,24.2328,,25.7029,,14.5722,,,,,,14.4930,16.4667,25.3018,34.4433,25.7670
2014-08-11,17.1968,24.2672,,25.7470,,14.6001,,,,,,14.4920,16.4785,25.3416,34.6323,25.7903
2014-08-08,17.1794,24.1919,,25.6543,,14.5406,,,,,,14.4892,16.4792,25.2669,34.3866,25.6369
2014-08-07,17.1513,24.0739,,25.5090,,14.4496,,,,,,14.4882,16.4813,24.9785,34.0538,25.6746
2014-08-06,17.1651,24.1477,,25.5997,,14.5085,,,,,,14.4873,16.4454,25.1119,34.2087,25.7826
2014-08-05,17.1692,24.1744,,25.6311,,14.5300,,,,,,14.4864,16.4464,25.1037,34.1844,25.9612
2014-08-04,17.1937,24.2860,,25.7663,,14.6160,,,,,,14.4854,16.4428,25.3467,34.3510,26.0576
2014-08-01,17.1747,24.2169,,25.6811,,14.5636,,,,,,14.4826,16.4309,25.1657,34.1128,26.1376
2014-07-31,17.1852,24.2796,,25.7574,,14.6143,,,,,,14.4817,16.3986,25.2379,34.1944,26.3343
2014-07-30,17.2434,24.5504,,26.0916,,14.8275,,,,,,14.4808,16.3930,25.7513,34.9150,26.5611
2014-07-29,17.2500,24.5731,,26.1162,,14.8431,,,,,,14.4799,16.4588,25.7453,34.8220,26.7189
2014-07-28,17.2572,24.6098,,26.1612,,14.8718,,,,,,14.4790,16.4351,25.8610,34.8699,26.7017
2014-07-25,17.2566,24.6164,,26.1714,,14.8784,,,,,,14.4763,16.4475,25.8534,34.9738,26.7041
2014-07-24,17.2715,24.6985,,26.2739,,14.9451,,,,,,14.4754,16.4152,25.9788,35.2242,26.8306
2014-07-23,17.2702,24.6874,,26.2606,,14.9355,,,,,,14.4746,16.4508,25.9659,35.2368,26.7713
2014-07-22,17.2634,24.6587,,26.2257,,14.9132,,,,,,14.4737,16.4501,25.9198,35.1760,26.7275
2014-07-21,17.2411,24.5576,,26.1019,,14.8336,,,,,,14.4728,16.4356,25.7904,34.9349,26.5238
2014-07-18,17.2471,24.5977,,26.1524,,14.8665,,,,,,14.4701,16.4290,25.8496,35.0584,26.5897
2014-07-17,17.2202,24.4786,,26.0029,,14.7723,,,,,,14.4692,16.4363,25.5870,34.5918,26.6319
2014-07-16,17.2539,24.6471,,26.2114,,14.9067,,,,,,14.4683,16.3927,25.8906,35.0399,26.8233
2014-07-15,17.2377,24.5755,,26.1271,,14.8519,,,,,,14.4674,16.3896,25.7795,35.0572,26.6203
2014-07-14,17.2483,24.6321,,26.1984,,14.8981,,,,,,14.4665,16.3944,25.8289,35.2926,26.7329
2014-07-11,17.2274,24.5364,,26.0825,,14.8227,,,,,,14.4638,16.4161,25.7044,35.1290,26.5021
2014-07-10,17.2228,24.5216,,26.0658,,14.8123,,,,,,14.4629,16.4093,25.6639,35.1616,26.4832
2014-07-09,17.2413,24.6206,,26.1875,,14.8920,,,,,,14.4621,16.3936,25.7706,35.3857,26.7448
2014-07-08,17.2289,24.5728,,26.1292,,14.8558,,,,,,14.4612,16.3788,25.6500,35.2762,26.7615
2014-07-07,17.2525,24.6988,,26.2860,,14.9579,,,,,,14.4603,16.3464,25.8240,35.6489,26.9906
2014-07-03,17.2687,24.8018,,26.4177,,15.0441,,,,,,14.4567,16.3204,25.9246,36.1190,27.1823
2014-07-02,17.2525,24.7263,,26.3245,,14.9842,,,,,,14.4558,16.3390,25.7833,35.9184,27.1086
2014-07-01,17.2536,24.7269,,26.3277,,14.9850,,,,,,14.4549,16.3851,25.7647,36.0806,27.0497
2014-06-30,17.2306,24.6103,,26.1834,,14.8913,,,,,,14.4540,16.4291,25.5887,35.7614,26.8586
2014-06-27,17.2225,24.5827,,26.1491,,14.8696,,,,,,14.4513,16.4042,25.5970,35.6129,26.7783
2014-06-26,17.2140,24.5428,,26.0987,,14.8373,,,,,,14.4504,16.4093,25.5468,35.4259,26.7381
2014-06-25,17.2141,24.5518,,26.1106,,14.8455,,,,,,14.4496,16.3814,25.5724,35.4603,26.7390
2014-06-24,17.2034,24.5154,,26.0638,,14.8180,,,,,,14.4487,16.3597,25.4476,35.2185,26.8985
2014-06-23,17.2205,24.6039,,26.1750,,14.8893,,,,,,14.4478,16.3354,25.6096,35.5474,26.9477
2014-06-20,17.2203,24.6150,,26.1895,,14.8993,,,,,,14.4451,16.3316,25.6128,35.5849,26.9958
2014-06-19,17.2178,24.6110,,26.1832,,14.8966,,,,,,14.4442,16.3268,25.5685,35.4731,27.1168
2014-06-18,17.2075,24.5636,,26.1265,,14.8594,,,,,,14.4433,16.3211,25.5324,35.4304,26.9416
2014-06-17,17.1782,24.4360,,25.9724,,14.7609,,,,,,14.4424,16.2920,25.3365,35.2369,26.6981
2014-06-16,17.1723,24.4004,,25.9255,,14.7304,,,,,,14.4416,16.3343,25.2809,34.9790,26.7129
2014-06-13,17.1683,24.3955,,25.9194,,14.7276,,,,,,14.4389,16.3237,25.2597,34.9165,26.7689
2014-06-12,17.1624,24.3708,,25.8882,,14.7082,,,,,,14.4380,16.3388,25.1803,34.8060,26.8290
2014-06-11,17.1754,24.4390,,25.9736,,14.7628,,,,,,14.4371,16.2982,25.3529,35.0297,26.8007
2014-06-10,17.1843,24.4829,,26.0280,,14.7975,,,,,,14.4362,16.2974,25.4399,35.1455,26.8318
2014-06-09,17.1868,24.4957,,26.0444,,14.8078,,,,,,14.4353,16.3141,25.4458,35.2189,26.8521
2014-06-06,17.1801,24.4704,,26.0122,,14.7874,,,,,,14.4326,16.3229,25.4208,35.0596,26.8382
2014-06-05,17.1612,24.3808,,25.9019,,14.7163,,,,,,14.4318,16.3303,25.3001,34.8179,26.6774
2014-06-04,17.1367,24.2727,,25.7669,,14.6310,,,,,,14.4309,16.3095,25.1344,34.3804,26.6090
2014-06-03,17.1293,24.2401,,25.7256,,14.6048,,,,,,14.4300,16.3135,25.0828,34.2215,26.6019
2014-06-02,17.1336,24.2556,,25.7440,,14.6160,,,,,,14.4291,16.3532,25.0907,34.2413,26.6499
2014-05-30,17.1317,24.2421,,25.7277,,14.6044,,,,,,14.4272,16.4061,25.0698,34.2390,26.5959
2014-05-29,17.1277,24.2332,,25.7194,,14.5993,,,,,,14.4253,16.4105,25.0236,34.3428,26.5846
2014-05-28,17.1117,24.1606,,25.6308,,14.5426,,,,,,14.4244,16.4244,24.8871,34.1889,26.5049
2014-05-27,17.1107,24.1734,,25.6488,,14.5555,,,,,,14.4235,16.3630,24.9106,34.2934,26.5099
2014-05-23,17.0830,24.0600,,25.5100,,14.4673,,,,,,14.4197,16.3413,24.7619,33.9583,26.3378
2014-05-22,17.0663,23.9885,,25.4210,,14.4112,,,,,,14.4188,16.3249,24.6569,33.6834,26.2810
2014-05-21,17.0536,23.9261,,25.3433,,14.3610,,,,,,14.4178,16.3366,24.5953,33.4536,26.1585
2014-05-20,17.0329,23.8355,,25.2328,,14.2910,,,,,,14.4169,16.3542,24.3937,33.2529,26.1253
2014-05-19,17.0517,23.9316,,25.3538,,14.3683,,,,,,14.4160,16.3293,24.5524,33.6475,26.1806
2014-05-16,17.0391,23.8825,,25.2914,,14.3296,,,,,,14.4131,16.3381,24.4565,33.3675,26.2326
2014-05-15,17.0309,23.8476,,25.2476,,14.3022,,,,,,14.4122,16.3533,24.3650,33.2211,26.2798
2014-05-14,17.0554,23.9668,,25.3933,,14.3956,,,,,,14.4113,16.3305,24.5906,33.4625,26.4180
2014-05-13,17.0628,24.0159,,25.4581,,14.4373,,,,,,14.4103,16.2715,24.7020,33.7970,26.3452
2014-05-12,17.0585,24.0073,,25.4521,,14.4335,,,,,,14.4094,16.2428,24.6853,34.0033,26.2383
2014-05-09,17.0252,23.8578,,25.2654,,14.3149,,,,,,14.4066,16.2621,24.4477,33.4037,26.1487
2014-05-08,17.0253,23.8602,,25.2654,,14.3159,,,,,,14.4057,16.2844,24.4064,33.2431,26.3156
2014-05-07,17.0243,23.8600,,25.2703,,14.3179,,,,,,14.4047,16.2733,24.4337,33.5156,26.1300
2014-05-06,17.0151,23.8336,,25.2387,,14.2999,,,,,,14.4038,16.2626,24.2871,33.4757,26.2881
2014-05-05,17.0349,23.9274,,25.3569,,14.3741,,,,,,14.4029,16.2445,24.5060,33.8760,26.2104
2014-05-02,17.0297,23.9134,,25.3409,,14.3643,,,,,,14.4000,16.2564,24.4585,33.8759,26.2247
2014-05-01,17.0305,23.9196,,25.3472,,14.3686,,,,,,14.3991,16.2477,24.4917,33.8001,26.2408
2014-04-30,17.0233,23.8939,,25.3163,,14.3491,,,,,,14.3982,16.2104,24.4935,33.7274,26.1468
2014-04-29,17.0076,23.8311,,25.2393,,14.3008,,,,,,14.3972,16.1701,24.4192,33.5292,26.0528
2014-04-28,16.9893,23.7447,,25.1339,,14.2327,,,,,,14.3963,16.1858,24.3031,33.3334,25.8796
2014-04-25,16.9837,23.7360,,25.1273,,14.2292,,,,,,14.3934,16.1888,24.2232,33.5103,25.9018
2014-04-24,17.0094,23.8640,,25.2884,,14.3320,,,,,,14.3925,16.1725,24.4206,34.0573,25.9880
2014-04-23,17.0052,23.8515,,25.2749,,14.3237,,,,,,14.3916,16.1682,24.3784,34.1199,25.9714
2014-04-22,17.0091,23.8817,,25.3145,,14.3496,,,,,,14.3906,16.1322,24.4290,34.3055,25.9718
2014-04-21,16.9874,23.7791,,25.1874,,14.2678,,,,,,14.3897,16.1269,24.3290,33.9438,25.7677
2014-04-17,16.9750,23.7376,,25.1366,,14.2365,,,,,,14.3859,16.1278,24.2371,33.7924,25.7933
2014-04-16,16.9681,23.6951,,25.0836,,14.2010,,,,,,14.3849,16.1783,24.2026,33.6592,25.6676
2014-04-15,16.9297,23.5178,,24.8674,,14.0625,,,,,,14.3840,16.1851,23.9515,33.2411,25.3585
2014-04-14,16.9165,23.4707,,24.8094,,14.0276,,,,,,14.3831,16.1784,23.7902,33.0772,25.4922
2014-04-11,16.8975,23.3989,,24.7230,,13.9737,,,,,,14.3802,16.1930,23.5963,32.9534,25.5227
2014-04-10,16.9242,23.5268,,24.8824,,14.0750,,,,,,14.3793,16.1860,23.8196,33.4175,25.5961
2014-04-09,16.9899,23.8444,,25.2735,,14.3259,,,,,,14.3783,16.1341,24.3273,34.2861,26.0134
2014-04-08,16.9511,23.6691,,25.0588,,14.1889,,,,,,14.3774,16.1292,24.0626,33.8281,25.7627
2014-04-07,16.9374,23.6126,,24.9881,,14.1447,,,,,,14.3764,16.1157,23.9646,33.5732,25.7643
2014-04-04,16.9653,23.7573,,25.1701,,14.2610,,,,,,14.3736,16.0862,24.2250,34.1476,25.8286
2014-04-03,16.9981,23.9233,,25.3789,,14.3945,,,,,,14.3727,16.0321,24.5316,34.8268,25.8819
2014-04-02,17.0032,23.9582,,25.4254,,14.4246,,,,,,14.3717,16.0165,24.5587,35.1108,25.9000
2014-04-01,16.9954,23.9195,,25.3778,,14.3936,,,,,,14.3708,16.0471,24.4845,35.0103,25.8611
2014-03-31,16.9713,23.8055,,25.2359,,14.3031,,,,,,14.3699,16.0656,24.3115,34.5813,25.7566
2014-03-28,16.9398,23.6649,,25.0615,,14.1922,,,,,,14.3672,16.0684,24.1194,34.0495,25.6022
2014-03-27,16.9244,23.5912,,24.9724,,14.1344,,,,,,14.3663,16.0926,24.0069,33.9377,25.4510
2014-03-26,16.9249,23.5987,,24.9825,,14.1408,,,,,,14.3654,16.0722,24.0482,33.9893,25.4010
2014-03-25,16.9367,23.6590,,25.0626,,14.1902,,,,,,14.3646,16.0392,24.2174,34.5032,25.1907
2014-03-24,16.9194,23.5835,,24.9736,,14.1327,,,,,,14.3637,16.0340,24.1085,34.5135,24.9784
2014-03-21,16.9349,23.6703,,25.0834,,14.2031,,,,,,14.3610,16.0230,24.2260,34.9160,25.0623
2014-03-20,16.9380,23.6897,,25.1085,,14.2186,,,,,,14.3601,15.9956,24.2975,35.0428,24.9963
2014-03-19,16.9286,23.6574,,25.0694,,14.1954,,,,,,14.3593,16.0009,24.1510,34.9679,25.1258
2014-03-18,16.9560,23.7774,,25.2156,,14.2887,,,,,,14.3584,16.0731,24.2999,35.2087,25.3494
2014-03-17,16.9277,23.6505,,25.0591,,14.1891,,,,,,14.3575,16.0560,24.1250,34.8004,25.1845
2014-03-14,16.8998,23.5289,,24.9127,,14.0958,,,,,,14.3548,16.0915,23.8951,34.5906,25.0273
2014-03-13,16.9051,23.5522,,24.9386,,14.1125,,,,,,14.3539,16.0942,23.9623,34.4756,25.0853
2014-03-12,16.9428,23.7425,,25.1713,,14.2627,,,,,,14.3530,16.0436,24.2427,34.9124,25.4441
2014-03-11,16.9454,23.7685,,25.2007,,14.2838,,,,,,14.3522,16.0106,24.2289,34.8044,25.6916
2014-03-10,16.9579,23.8305,,25.2789,,14.3332,,,,,,14.3513,16.0004,24.3517,35.0963,25.6749
2014-03-07,16.9625,23.8689,,25.3273,,14.3655,,,,,,14.3486,15.9926,24.3614,35.2319,25.8190
2014-03-06,16.9690,23.9010,,25.3662,,14.3912,,,,,,14.3477,16.0318,24.3463,35.2642,25.9876
2014-03-05,16.9594,23.8522,,25.3088,,14.3531,,,,,,14.3468,16.0589,24.3002,35.2755,25.7807
2014-03-04,16.9577,23.8474,,25.3042,,14.3499,,,,,,14.3460,16.0599,24.2968,35.3347,25.7334
2014-03-03,16.9088,23.6110,,25.0131,,14.1633,,,,,,14.3451,16.1157,23.9308,34.6226,25.4137
2014-02-28,16.9387,23.7712,,25.2067,,14.2900,,,,,,14.3424,16.0898,24.1075,34.8211,25.9031
2014-02-27,16.9279,23.7249,,25.1532,,14.2552,,,,,,14.3415,16.0898,24.0404,34.8961,25.7374
2014-02-26,16.9130,23.6670,,25.0820,,14.2109,,,,,,14.3406,16.0630,23.9184,34.7102,25.7575
2014-02-25,16.9138,23.6787,,25.0937,,14.2199,,,,,,14.3398,16.0449,23.9135,34.5596,25.9211
2014-02-24,16.9097,23.6667,,25.0796,,14.2107,,,,,,14.3389,15.9982,23.9449,34.5587,25.8267
2014-02-21,16.8883,23.5772,,24.9704,,14.1415,,,,,,14.3362,16.0037,23.7974,34.3074,25.7318
2014-02-20,16.8821,23.5464,,24.9333,,14.1164,,,,,,14.3353,15.9852,23.8397,34.2623,25.5131
2014-02-19,16.8655,23.4717,,24.8396,,14.0576,,,,,,14.3344,16.0025,23.6926,33.9179,25.5346
2014-02-18,16.8871,23.5719,,24.9626,,14.1359,,,,,,14.3336,16.0187,23.8467,34.1866,25.6609
2014-02-14,16.8639,23.4702,,24.8381,,14.0552,,,,,,14.3300,15.9904,23.8153,33.8737,25.3325
2014-02-13,16.8497,23.4086,,24.7645,,14.0083,,,,,,14.3291,16.0011,23.6991,33.8048,25.2391
2014-02-12,16.8294,23.3263,,24.6618,,13.9443,,,,,,14.3282,15.9607,23.5601,33.4499,25.2489
2014-02-11,16.8242,23.2950,,24.6226,,13.9184,,,,,,14.3273,15.9919,23.5545,33.3021,25.1394
2014-02-10,16.7882,23.1303,,24.4236,,13.7911,,,,,,14.3265,16.0162,23.2955,32.9952,24.8552
2014-02-07,16.7826,23.1162,,24.4063,,13.7809,,,,,,14.3238,16.0138,23.2586,32.9132,24.8955
2014-02-06,16.7318,22.8928,,24.1372,,13.6093,,,,,,14.3229,15.9817,22.9530,32.5233,24.4617
2014-02-05,16.6892,22.7018,,23.9067,,13.4624,,,,,,14.3220,15.9940,22.6594,32.1675,24.1380
2014-02-04,16.6953,22.7281,,23.9405,,13.4832,,,,,,14.3212,16.0225,22.6981,32.3232,24.1165
2014-02-03,16.6737,22.6290,,23.8190,,13.4061,,,,,,14.3203,16.0522,22.5250,32.0202,24.0284
2014-01-31,16.7453,22.9810,,24.2512,,13.6826,,,,,,14.3173,15.9903,23.0515,33.0278,24.5333
2014-01-30,16.7635,23.0686,,24.3575,,13.7505,,,,,,14.3163,15.9726,23.2008,33.2034,24.6610
2014-01-29,16.7351,22.9459,,24.2053,,13.6554,,,,,,14.3154,15.9864,22.9418,32.7233,24.7026
2014-01-28,16.7621,23.0785,,24.3681,,13.7592,,,,,,14.3144,15.9393,23.1758,33.1052,24.8367
2014-01-27,16.7412,22.9898,,24.2580,,13.6900,,,,,,14.3134,15.9208,23.0340,32.7548,24.8007
2014-01-24,16.7572,23.0735,,24.3637,,13.7573,,,,,,14.3104,15.9425,23.1457,33.1269,24.8666
2014-01-23,16.8330,23.4389,,24.8101,,14.0446,,,,,,14.3094,15.9247,23.6395,33.9755,25.5775
2014-01-22,16.8535,23.5436,,24.9383,,14.1267,,,,,,14.3085,15.8681,23.8509,34.2403,25.6717
2014-01-21,16.8483,23.5138,,24.9004,,14.1020,,,,,,14.3075,15.8978,23.8342,34.0616,25.6059
2014-01-17,16.8367,23.4767,,24.8549,,14.0740,,,,,,14.3035,15.8894,23.7678,33.9022,25.6173
2014-01-16,16.8434,23.5091,,24.8954,,14.0992,,,,,,14.3025,15.8814,23.8597,34.0225,25.5727
2014-01-15,16.8428,23.5138,,24.9009,,14.1030,,,,,,14.3016,15.8461,23.8915,34.0065,25.5720
2014-01-14,16.8251,23.4346,,24.8047,,14.0415,,,,,,14.3006,15.8556,23.7682,33.8289,25.4475
2014-01-13,16.7957,23.2978,,24.6357,,13.9344,,,,,,14.2996,15.8944,23.5137,33.3666,25.3692
2014-01-10,16.8273,23.4560,,24.8307,,14.0586,,,,,,14.2966,15.8630,23.8105,33.8255,25.4923
2014-01-09,16.8057,23.3675,,24.7230,,13.9896,,,,,,14.2957,15.7803,23.7555,33.6281,25.2555
2014-01-08,16.8073,23.3856,,24.7445,,14.0047,,,,,,14.2947,15.7614,23.7473,33.6148,25.3944
2014-01-07,16.8048,23.3663,,24.7210,,13.9886,,,,,,14.2937,15.8054,23.7450,33.5607,25.2897
2014-01-06,16.7850,23.2832,,24.6182,,13.9241,,,,,,14.2927,15.7849,23.6011,33.2606,25.2630
2014-01-03,16.7908,23.3282,,24.6753,,13.9613,,,,,,14.2897,15.7565,23.6602,33.4538,25.3334
2014-01-02,16.7876,23.3129,,24.6556,,13.9484,,,,,,14.2888,15.7596,23.6673,33.3470,25.2860
2013-12-31,16.8166,23.4591,,24.8341,,14.0634,,,,,,14.2870,15.7416,23.8752,33.6706,25.5644
2013-12-30,16.8059,23.4110,,24.7753,,14.0261,,,,,,14.2861,15.7607,23.7795,33.5305,25.5366
2013-12-27,16.7994,23.3938,,24.7552,,14.0136,,,,,,14.2834,15.7287,23.7822,33.5097,25.4739
2013-12-26,16.7889,23.3407,,24.6928,,13.9717,,,,,,14.2826,15.7306,23.7856,33.5351,25.1603
2013-12-24,16.7739,23.2798,,24.6206,,13.9258,,,,,,14.2808,15.7335,23.6733,33.4878,25.0603
2013-12-23,16.7680,23.2498,,24.5832,,13.9021,,,,,,14.2799,15.7745,23.6016,33.3429,25.0762
2013-12-20,16.7450,23.1479,,24.4593,,13.8227,,,,,,14.2772,15.7907,23.4731,33.0816,24.8798
2013-12-19,16.7213,23.0415,,24.3268,,13.7387,,,,,,14.2764,15.7614,23.3601,32.6338,24.7476
2013-12-18,16.7190,23.0286,,24.3147,,13.7294,,,,,,14.2755,15.7817,23.3705,32.8264,24.5506
2013-12-17,16.6724,22.8219,,24.0651,,13.5711,,,,,,14.2746,15.8049,22.9868,32.4351,24.3183
2013-12-16,16.6796,22.8619,,24.1125,,13.6020,,,,,,14.2737,15.7750,23.0580,32.4369,24.4241
2013-12-13,16.6547,22.7562,,23.9843,,13.5206,,,,,,14.2710,15.7742,22.9128,32.1662,24.2578
2013-12-12,16.6532,22.7534,,23.9793,,13.5180,,,,,,14.2702,15.7632,22.9146,32.0436,24.3102
2013-12-11,16.6701,22.8325,,24.0720,,13.5785,,,,,,14.2693,15.7848,22.9951,31.9820,24.6148
2013-12-10,16.7056,22.9918,,24.2683,,13.7023,,,,,,14.2684,15.8187,23.2560,32.4990,24.7252
2013-12-09,16.7117,23.0303,,24.3160,,13.7331,,,,,,14.2675,15.7753,23.3298,32.6323,24.7629
2013-12-06,16.6995,22.9869,,24.2651,,13.7008,,,,,,14.2649,15.7504,23.2864,32.6068,24.6405
2013-12-05,16.6679,22.8516,,24.1024,,13.5979,,,,,,14.2640,15.7479,23.0254,32.3951,24.4965
2013-12-04,16.6787,22.8993,,24.1586,,13.6337,,,,,,14.2631,15.7564,23.1249,32.3842,24.5732
2013-12-03,16.6920,22.9612,,24.2323,,13.6817,,,,,,14.2622,15.8041,23.1488,32.3988,24.8372
2013-12-02,16.7046,23.0272,,24.3128,,13.7340,,,,,,14.2613,15.7918,23.2217,32.5363,25.0086
2013-11-29,16.7194,23.0995,,24.4014,,13.7909,,,,,,14.2597,15.8301,23.2839,32.7103,25.1848
2013-11-27,16.7136,23.0773,,24.3758,,13.7737,,,,,,14.2571,15.8287,23.3012,32.7195,25.0291
2013-11-26,16.7057,23.0397,,24.3295,,13.7442,,,,,,14.2563,15.8528,23.2382,32.5837,24.9941
2013-11-25,16.7021,23.0293,,24.3147,,13.7357,,,,,,14.2555,15.8260,23.2322,32.4130,25.0534
2013-11-22,16.7003,23.0288,,24.3155,,13.7359,,,,,,14.2530,15.8188,23.2607,32.4699,24.9771
2013-11-21,16.6826,22.9549,,24.2263,,13.6795,,,,,,14.2522,15.7993,23.1429,32.3226,24.8808
2013-11-20,16.6603,22.8601,,24.1074,,13.6058,,,,,,14.2514,15.7906,22.9549,31.8648,24.9552
2013-11-19,16.6728,22.9117,,24.1697,,13.6449,,,,,,14.2505,15.8341,23.0374,31.9384,25.0208
2013-11-18,16.6856,22.9744,,24.2472,,13.6947,,,,,,14.2497,15.8592,23.0801,32.1442,25.1713
2013-11-15,16.6871,22.9929,,24.2745,,13.7109,,,,,,14.2472,15.8251,23.1644,32.4607,24.9807
2013-11-14,16.6697,22.9159,,24.1816,,13.6515,,,,,,14.2464,15.8184,23.0670,32.3187,24.8163
2013-11-13,16.6528,22.8511,,24.1043,,13.6031,,,,,,14.2456,15.7798,22.9517,32.2437,24.7425
2013-11-12,16.6267,22.7435,,23.9721,,13.5206,,,,,,14.2447,15.7457,22.7608,31.8906,24.7138
2013-11-08,16.6261,22.7467,,23.9755,,13.5226,,,,,,14.2414,15.7580,22.7964,31.8233,24.6960
2013-11-07,16.5973,22.6094,,23.8064,,13.4158,,,,,,14.2406,15.8488,22.4944,31.3446,24.6995
2013-11-06,16.6383,22.8043,,24.0454,,13.5680,,,,,,14.2398,15.8270,22.7894,31.9170,24.9446
2013-11-05,16.6227,22.7421,,23.9740,,13.5222,,,,,,14.2389,15.8123,22.6801,32.0278,24.7635
2013-11-04,16.6342,22.7906,,24.0334,,13.5595,,,,,,14.2381,15.8554,22.7415,32.1490,24.8282
2013-11-01,16.6164,22.7180,,23.9440,,13.5031,,,,,,14.2356,15.8386,22.6602,31.8829,24.7306
2013-10-31,16.6222,22.7501,,23.9829,,13.5294,,,,,,14.2347,15.8861,22.5946,31.9145,24.9984
2013-10-30,16.6369,22.8226,,24.0701,,13.5858,,,,,,14.2338,15.8873,22.6801,31.9991,25.1991
2013-10-29,16.6490,22.8784,,24.1412,,13.6299,,,,,,14.2330,15.8955,22.7891,32.3275,25.1281
2013-10-28,16.6364,22.8299,,24.0829,,13.5938,,,,,,14.2321,15.8938,22.6612,32.2376,25.1557
2013-10-25,16.6305,22.8137,,24.0653,,13.5827,,,,,,14.2294,15.8941,22.6307,32.2971,25.0997
2013-10-24,16.6242,22.7986,,24.0476,,13.5732,,,,,,14.2285,15.8804,22.5319,32.2747,25.2342
2013-10-23,16.6112,22.7358,,23.9707,,13.5237,,,,,,14.2277,15.9021,22.4582,32.0780,25.1117
2013-10-22,16.6269,22.8142,,24.0660,,13.5850,,,,,,14.2268,15.8875,22.5645,32.2562,25.2659
2013-10-21,16.6012,22.7103,,23.9417,,13.5061,,,,,,14.2259,15.8239,22.4355,32.1291,25.0418
2013-10-18,16.5982,22.7035,,23.9349,,13.5016,,,,,,14.2232,15.8342,22.4330,32.1634,24.9901
2013-10-17,16.5731,22.5909,,23.7979,,13.4144,,,,,,14.2223,15.8332,22.2867,31.8727,24.7962
2013-10-16,16.5424,22.4632,,23.6430,,13.3165,,,,,,14.2215,15.7691,22.1361,31.5707,24.5739
2013-10-15,16.4999,22.2871,,23.4298,,13.1828,,,,,,14.2206,15.7256,21.8319,31.1611,24.4267
2013-10-11,16.5021,22.3021,,23.4500,,13.1946,,,,,,14.2170,15.7449,21.8977,31.2732,24.3178
2013-10-10,16.4804,22.2098,,23.3369,,13.1236,,,,,,14.2161,15.7346,21.7607,30.9514,24.2489
2013-10-09,16.4102,21.9000,,22.9624,,12.8867,,,,,,14.2153,15.7420,21.2925,30.2329,23.8152
2013-10-08,16.4102,21.9051,,22.9708,,12.8919,,,,,,14.2144,15.7489,21.2783,30.3752,23.7969
2013-10-07,16.4495,22.0861,,23.1928,,13.0325,,,,,,14.2135,15.7515,21.5369,30.9489,24.0086
2013-10-04,16.4741,22.2077,,23.3415,,13.1270,,,,,,14.2109,15.7402,21.7219,31.2862,24.1636
2013-10-03,16.4588,22.1431,,23.2622,,13.0778,,,,,,14.2100,15.7630,21.5688,31.0472,24.2139
2013-10-02,16.4800,22.2395,,23.3804,,13.1520,,,,,,14.2091,15.7482,21.7639,31.3502,24.2254
2013-10-01,16.4825,22.2590,,23.4047,,13.1680,,,,,,14.2083,15.7310,21.7746,31.4273,24.2874
2013-09-30,16.4564,22.1408,,23.2595,,13.0762,,,,,,14.2073,15.7462,21.6001,31.0038,24.1817
2013-09-27,16.4746,22.2320,,23.3682,,13.1462,,,,,,14.2045,15.7483,21.7302,31.0512,24.4161
2013-09-26,16.4809,22.2619,,23.4050,,13.1690,,,,,,14.2036,15.7331,21.8178,31.1544,24.3676
2013-09-25,16.4702,22.2132,,23.3453,,13.1312,,,,,,14.2027,15.7554,21.7377,30.9792,24.3312
2013-09-24,16.4723,22.2260,,23.3601,,13.1407,,,,,,14.2018,15.7294,21.7970,30.9533,24.3179
2013-09-23,16.4726,22.2345,,23.3688,,13.1468,,,,,,14.2009,15.6834,21.8511,30.8700,24.3333
2013-09-20,16.4818,22.2871,,23.4331,,13.1878,,,,,,14.1981,15.6652,21.9546,30.9864,24.3821
2013-09-19,16.5010,22.3765,,23.5411,,13.2564,,,,,,14.1972,15.6548,22.1142,31.1603,24.4883
2013-09-18,16.5087,22.4123,,23.5839,,13.2839,,,,,,14.1962,15.6722,22.1513,31.1846,24.5932
2013-09-17,16.4472,22.1494,,23.2700,,13.0836,,,,,,14.1953,15.5565,21.8847,30.8762,23.8858
2013-09-16,16.4370,22.1128,,23.2235,,13.0559,,,,,,14.1944,15.5392,21.7922,30.6220,24.0077
2013-09-13,16.4099,22.0031,,23.0936,,12.9732,,,,,,14.1916,15.5101,21.6688,30.5156,23.7196
2013-09-12,16.4034,21.9808,,23.0661,,12.9566,,,,,,14.1907,15.5038,21.6100,30.4170,23.7673
2013-09-11,16.4098,22.0127,,23.1060,,12.9815,,,,,,14.1898,15.4942,21.6769,30.5591,23.7490
2013-09-10,16.3950,21.9551,,23.0378,,12.9385,,,,,,14.1888,15.4614,21.6079,30.5168,23.6103
2013-09-09,16.3682,21.8285,,22.8854,,12.8408,,,,,,14.1879,15.5030,21.4499,30.2416,23.3388
2013-09-06,16.3289,21.6694,,22.6926,,12.7200,,,,,,14.1851,15.4556,21.2365,29.7914,23.1468
2013-09-05,16.3195,21.6323,,22.6484,,12.6918,,,,,,14.1842,15.4188,21.2326,29.7445,22.9999
2013-09-04,16.3196,21.6236,,22.6371,,12.6839,,,,,,14.1833,15.4923,21.2065,29.6538,23.0060
2013-09-03,16.2955,21.5158,,22.5072,,12.6018,,,,,,14.1824,15.5281,21.0306,29.3910,22.8745
2013-08-30,16.2743,21.4137,,22.3863,,12.5230,,,,,,14.1799,15.5919,20.9421,29.2781,22.5132
2013-08-29,16.2914,21.5044,,22.4985,,12.5949,,,,,,14.1782,15.5850,21.0070,29.6353,22.7077
2013-08-28,16.2826,21.4721,,22.4576,,12.5701,,,,,,14.1774,15.5562,20.9627,29.4239,22.7453
2013-08-27,16.2796,21.4568,,22.4387,,12.5584,,,,,,14.1766,15.6013,20.9012,29.3335,22.8012
2013-08-26,16.3317,21.7059,,22.7409,,12.7510,,,,,,14.1757,15.5456,21.2383,29.9761,23.2234
2013-08-23,16.3368,21.7373,,22.7778,,12.7747,,,,,,14.1732,15.5191,21.3242,29.9541,23.2613
2013-08-22,16.3181,21.6678,,22.6953,,12.7233,,,,,,14.1724,15.4564,21.2370,29.8713,23.1337
2013-08-21,16.2906,21.5419,,22.5422,,12.6263,,,,,,14.1716,15.4857,21.0550,29.5001,22.9705
2013-08-20,16.3126,21.6391,,22.6590,,12.7002,,,,,,14.1708,15.5148,21.1767,29.6720,23.1630
2013-08-19,16.3006,21.5967,,22.6036,,12.6676,,,,,,14.1699,15.4689,21.0952,29.2916,23.3179
2013-08-16,16.3192,21.6812,,22.7074,,12.7325,,,,,,14.1674,15.5125,21.2186,29.5558,23.3842
2013-08-15,16.3257,21.6993,,22.7300,,12.7449,,,,,,14.1666,15.5669,21.2877,29.6474,23.2686
2013-08-14,16.3727,21.9061,,22.9809,,12.9031,,,,,,14.1658,15.6077,21.5928,30.1561,23.5328
2013-08-13,16.3781,21.9267,,23.0072,,12.9181,,,,,,14.1650,15.6044,21.7008,30.3036,23.3659
2013-08-12,16.3755,21.9092,,22.9878,,12.9050,,,,,,14.1642,15.6773,21.6359,30.3563,23.3245
2013-08-09,16.3781,21.9263,,23.0074,,12.9178,,,,,,14.1617,15.6916,21.6598,30.2904,23.4017
2013-08-08,16.3817,21.9405,,23.0242,,12.9278,,,,,,14.1608,15.6875,21.7335,30.2936,23.3406
2013-08-07,16.3637,21.8629,,22.9305,,12.8683,,,,,,14.1600,15.6704,21.6446,30.1213,23.1861
2013-08-06,16.3774,21.9357,,23.0193,,12.9256,,,,,,14.1592,15.6463,21.7203,30.3155,23.3580
2013-08-05,16.3893,21.9881,,23.0858,,12.9662,,,,,,14.1584,15.6498,21.8444,30.6349,23.2458
2013-08-02,16.3933,22.0109,,23.1126,,12.9835,,,,,,14.1559,15.6698,21.8745,30.6018,23.3213
2013-08-01,16.3735,21.9353,,23.0239,,12.9270,,,,,,14.1550,15.5794,21.8381,30.6012,23.0397
2013-07-31,16.3373,21.7614,,22.8125,,12.7924,,,,,,14.1542,15.6666,21.5656,30.1094,22.8109
2013-07-30,16.3371,21.7651,,22.8158,,12.7952,,,,,,14.1534,15.6565,21.5656,30.0286,22.8794
2013-07-29,16.3323,21.7415,,22.7866,,12.7764,,,,,,14.1526,15.6665,21.5566,29.9150,22.8216
2013-07-26,16.3469,21.8161,,22.8772,,12.8344,,,,,,14.1501,15.6802,21.6359,30.0691,22.9950
2013-07-25,16.3461,21.8258,,22.8902,,12.8438,,,,,,14.1493,15.6446,21.6178,30.1635,23.0586
2013-07-24,16.3424,21.8118,,22.8707,,12.8326,,,,,,14.1484,15.6571,21.5626,29.9398,23.1951
2013-07-23,16.3530,21.8522,,22.9215,,12.8631,,,,,,14.1476,15.7064,21.6446,30.1554,23.1205
2013-07-22,16.3569,21.8674,,22.9400,,12.8743,,,,,,14.1468,15.7228,21.6845,30.1888,23.1020
2013-07-19,16.3420,21.8078,,22.8690,,12.8289,,,,,,14.1443,15.7088,21.6404,30.0930,22.9247
2013-07-18,16.3343,21.7837,,22.8407,,12.8117,,,,,,14.1435,15.6695,21.6043,30.0754,22.8978
2013-07-17,16.3173,21.7056,,22.7458,,12.7514,,,,,,14.1427,15.6940,21.4941,29.8543,22.7829
2013-07-16,16.3062,21.6646,,22.6959,,12.7207,,,,,,14.1419,15.6629,21.4323,29.7211,22.7664
2013-07-15,16.3107,21.6871,,22.7250,,12.7382,,,,,,14.1410,15.6418,21.5119,29.8945,22.6649
2013-07-12,16.2997,21.6518,,22.6823,,12.7120,,,,,,14.1385,15.5998,21.4817,29.7722,22.6241
2013-07-11,16.2978,21.6490,,22.6775,,12.7103,,,,,,14.1377,15.6170,21.4160,29.6569,22.7821
2013-07-10,16.2395,21.4024,,22.3830,,12.5239,,,,,,14.1369,15.5342,21.1272,29.2705,22.2541
2013-07-09,16.2339,21.3703,,22.3448,,12.4984,,,,,,14.1361,15.5707,21.1216,29.2279,22.0947
2013-07-08,16.2070,21.2577,,22.2093,,12.4133,,,,,,14.1353,15.5465,20.9698,28.9634,21.9299
2013-07-05,16.1833,21.1743,,22.1111,,12.3524,,,,,,14.1328,15.4800,20.8540,28.8782,21.7919
2013-07-03,16.1643,21.0744,,21.9895,,12.2748,,,,,,14.1311,15.6386,20.6431,28.5196,21.7506
2013-07-02,16.1698,21.1023,,22.0220,,12.2964,,,,,,14.1303,15.6645,20.6259,28.4938,21.9317
2013-07-01,16.1680,21.0983,,22.0179,,12.2937,,,,,,14.1295,15.6513,20.6325,28.5244,21.8917
2013-06-28,16.1420,20.9806,,21.8750,,12.2032,,,,,,14.1288,15.6462,20.5193,28.1703,21.6654
2013-06-27,16.1521,21.0343,,21.9389,,12.2442,,,,,,14.1268,15.6224,20.6074,28.2223,21.7748
2013-06-26,16.1162,20.8800,,21.7525,,12.1267,,,,,,14.1261,15.5639,20.4786,27.8055,21.4513
2013-06-25,16.0886,20.7748,,21.6273,,12.0497,,,,,,14.1254,15.5228,20.2802,27.6079,21.3982
2013-06-24,16.0554,20.6256,,21.4483,,11.9363,,,,,,14.1248,15.5491,20.0872,27.2766,21.1290
2013-06-21,16.0986,20.8162,,21.6762,,12.0800,,,,,,14.1227,15.5882,20.3341,27.6100,21.4822
2013-06-20,16.1030,20.8335,,21.6971,,12.0934,,,,,,14.1220,15.6588,20.2802,27.6255,21.6296
2013-06-19,16.1908,21.2123,,22.1524,,12.3802,,,,,,14.1214,15.7568,20.7971,28.3747,22.2423
2013-06-18,16.2450,21.4410,,22.4261,,12.5524,,,,,,14.1207,15.8518,21.0888,28.7529,22.6663
2013-06-17,16.2208,21.3376,,22.3013,,12.4742,,,,,,14.1200,15.8531,20.9255,28.4839,22.5632
2013-06-14,16.1943,21.2231,,22.1653,,12.3877,,,,,,14.1180,15.8756,20.7677,28.3273,22.3198
2013-06-13,16.2092,21.2968,,22.2536,,12.4440,,,,,,14.1173,15.8311,20.8909,28.4576,22.4394
2013-06-12,16.1588,21.0830,,21.9963,,12.2826,,,,,,14.1166,15.7905,20.5833,27.9698,22.1573
2013-06-11,16.1853,21.1981,,22.1351,,12.3697,,,,,,14.1160,15.8174,20.7525,28.2279,22.3056
2013-06-10,16.2153,21.3330,,22.2980,,12.4723,,,,,,14.1153,15.8127,20.9650,28.5600,22.4579
2013-06-07,16.2110,21.3125,,22.2733,,12.4559,,,,,,14.1133,15.8381,20.9705,28.4907,22.3621
2013-06-06,16.1771,21.1622,,22.0938,,12.3426,,,,,,14.1126,15.8909,20.7049,28.2157,22.1785
2013-06-05,16.1523,21.0598,,21.9693,,12.2654,,,,,,14.1119,15.8748,20.5277,27.8825,22.1523
2013-06-04,16.1984,21.2687,,22.2199,,12.4244,,,,,,14.1112,15.8691,20.8094,28.2730,22.5410
2013-06-03,16.2063,21.2952,,22.2537,,12.4433,,,,,,14.1106,15.8946,20.9233,28.4748,22.3463
2013-05-31,16.1905,21.2359,,22.1845,,12.4002,,,,,,14.1090,15.8887,20.7981,28.4532,22.2837
2013-05-30,16.2408,21.4576,,22.4488,,12.5678,,,,,,14.1084,15.9141,21.0999,28.7475,22.7389
2013-05-29,16.2311,21.4174,,22.3990,,12.5372,,,,,,14.1079,15.9166,21.0192,28.5511,22.7787
2013-05-28,16.2508,21.5059,,22.5066,,12.6046,,,,,,14.1074,15.9155,21.1645,28.8109,22.8437
2013-05-24,16.2376,21.4434,,22.4300,,12.5563,,,,,,14.1052,15.9967,21.0315,28.5434,22.8580
2013-05-23,16.2391,21.4530,,22.4422,,12.5640,,,,,,14.1047,15.9944,21.0425,28.6007,22.8609
2013-05-22,16.2651,21.5834,,22.5959,,12.6650,,,,,,14.1042,15.9930,21.1013,28.5993,23.4728
2013-05-21,16.2917,21.6966,,22.7358,,12.7516,,,,,,14.1037,16.0413,21.2744,29.0632,23.4820
2013-05-20,16.2858,21.6758,,22.7110,,12.7364,,,,,,14.1031,16.0250,21.2374,29.0245,23.4715
2013-05-17,16.2775,21.6362,,22.6643,,12.7053,,,,,,14.1015,16.0308,21.2517,28.9974,23.2382
2013-05-16,16.2548,21.5328,,22.5390,,12.6266,,,,,,14.1010,16.0879,21.0349,28.7132,23.2116
2013-05-15,16.2666,21.5945,,22.6135,,12.6743,,,,,,14.1005,16.0377,21.1396,28.8524,23.3032
2013-05-14,16.2513,21.5316,,22.5385,,12.6274,,,,,,14.1000,16.0346,21.0257,28.7513,23.2384
2013-05-13,16.2251,21.4189,,22.4018,,12.5421,,,,,,14.0994,16.0530,20.8101,28.4225,23.2096
2013-05-10,16.2221,21.4083,,22.3903,,12.5343,,,,,,14.0978,16.0631,20.8071,28.4592,23.1338
2013-05-09,16.2168,21.3811,,22.3556,,12.5130,,,,,,14.0973,16.1177,20.7175,28.2520,23.2430
2013-05-08,16.2305,21.4447,,22.4320,,12.5617,,,,,,14.0968,16.1273,20.7844,28.3675,23.3955
2013-05-07,16.2080,21.3449,,22.3133,,12.4858,,,,,,14.0962,16.1117,20.6897,28.2455,23.1069
2013-05-06,16.1933,21.2821,,22.2369,,12.4382,,,,,,14.0957,16.1186,20.5810,28.0432,23.0835
2013-05-03,16.1880,21.2617,,22.2109,,12.4223,,,,,,14.0941,16.1347,20.5415,27.8812,23.1320
2013-05-02,16.1529,21.0964,,22.0126,,12.2959,,,,,,14.0936,16.1998,20.3252,27.5403,22.7995
2013-05-01,16.1337,21.0216,,21.9204,,12.2401,,,,,,14.0931,16.1976,20.1342,27.2041,22.9565
2013-04-30,16.1603,21.1444,,22.0716,,12.3347,,,,,,14.0925,16.1764,20.3223,27.7013,23.0002
2013-04-29,16.1464,21.0803,,21.9940,,12.2852,,,,,,14.0919,16.1801,20.2717,27.5229,22.8434
2013-04-26,16.1210,20.9748,,21.8681,,12.2059,,,,,,14.0902,16.1787,20.1266,27.3252,22.6635
2013-04-25,16.1233,20.9910,,21.8889,,12.2190,,,,,,14.0896,16.1493,20.1631,27.4425,22.6338
2013-04-24,16.1060,20.9128,,21.7949,,12.1592,,,,,,14.0891,16.1555,20.0814,27.2627,22.4629
2013-04-23,16.0946,20.8579,,21.7290,,12.1165,,,,,,14.0885,16.1521,20.0786,27.1539,22.2314
2013-04-22,16.0555,20.6867,,21.5240,,11.9871,,,,,,14.0879,16.1513,19.8714,26.7936,21.9072
2013-04-19,16.0413,20.6346,,21.4625,,11.9491,,,,,,14.0862,16.1433,19.7788,26.7127,21.8598
2013-04-18,16.0163,20.5283,,21.3338,,11.8690,,,,,,14.0856,16.1524,19.6045,26.3789,21.8047
2013-04-17,16.0339,20.6064,,21.4274,,11.9278,,,,,,14.0851,16.1421,19.7364,26.5409,21.8895
2013-04-16,16.0829,20.8244,,21.6882,,12.0924,,,,,,14.0845,16.1339,20.0232,26.9669,22.2827
2013-04-15,16.0375,20.6250,,21.4485,,11.9414,,,,,,14.0839,16.1444,19.7404,26.5164,21.9881
2013-04-12,16.1107,20.9576,,21.8517,,12.1952,,,,,,14.0822,16.1299,20.2047,27.4460,22.4036
2013-04-11,16.1189,21.0032,,21.9067,,12.2308,,,,,,14.0816,16.0901,20.2619,27.5433,22.5122
2013-04-10,16.0984,20.9126,,21.7993,,12.1621,,,,,,14.0811,16.0790,20.1884,27.4364,22.2299
2013-04-09,16.0561,20.7226,,21.5718,,12.0180,,,,,,14.0805,16.1109,19.9440,27.0433,21.8745
2013-04-08,16.0454,20.6787,,21.5210,,11.9858,,,,,,14.0800,16.1178,19.8737,27.0561,21.7658
2013-04-05,16.0243,20.5902,,21.4145,,11.9190,,,,,,14.0782,16.1367,19.7424,26.8152,21.6664
2013-04-04,16.0381,20.6590,,21.4956,,11.9714,,,,,,14.0777,16.0963,19.8276,26.8611,21.8712
2013-04-03,16.0195,20.5844,,21.4061,,11.9155,,,,,,14.0771,16.0542,19.7464,26.7018,21.7366
2013-04-02,16.0494,20.7214,,21.5723,,12.0199,,,,,,14.0765,16.0213,19.9532,27.1190,21.8702
2013-04-01,16.0365,20.6710,,21.5155,,11.9838,,,,,,14.0760,16.0289,19.8503,27.2333,21.7364
2013-03-28,16.0525,20.7487,,21.6106,,12.0439,,,,,,14.0754,16.0131,19.9383,27.5233,21.8388
2013-03-27,16.0382,20.6935,,21.5450,,12.0028,,,,,,14.0731,16.0182,19.8578,27.4084,21.7616
2013-03-26,16.0394,20.7048,,21.5576,,12.0117,,,,,,14.0725,15.9940,19.8683,27.3587,21.8437
2013-03-25,16.0212,20.6340,,21.4732,,11.9599,,,,,,14.0720,15.9906,19.7084,27.2033,21.8636
2013-03-22,16.0302,20.6794,,21.5272,,11.9942,,,,,,14.0702,15.9865,19.7744,27.2524,21.9583
2013-03-21,16.0139,20.6176,,21.4544,,11.9494,,,,,,14.0697,15.9793,19.6335,27.1718,21.9512
2013-03-20,16.0343,20.7048,,21.5592,,12.0145,,,,,,14.0691,15.9761,19.7968,27.3924,21.9842
2013-03-19,16.0146,20.6172,,21.4533,,11.9481,,,,,,14.0685,15.9969,19.6652,27.1300,21.8995
2013-03-18,16.0215,20.6549,,21.4992,,11.9775,,,,,,14.0680,15.9691,19.7127,27.2414,21.9684
2013-03-15,16.0428,20.7610,,21.6254,,12.0587,,,,,,14.0662,15.9484,19.8215,27.3587,22.2832
2013-03-14,16.0384,20.7412,,21.6028,,12.0434,,,,,,14.0656,15.9298,19.8537,27.4063,22.0977
2013-03-13,16.0160,20.6413,,21.4830,,11.9676,,,,,,14.0651,15.9349,19.7430,27.1863,21.8907
2013-03-12,16.0146,20.6406,,21.4809,,11.9674,,,,,,14.0645,15.9313,19.7104,27.0827,22.0109
2013-03-11,16.0181,20.6592,,21.5033,,11.9815,,,,,,14.0639,15.9092,19.7569,27.1288,22.0086
2013-03-08,16.0047,20.6075,,21.4431,,11.9435,,,,,,14.0622,15.9038,19.6910,27.1047,21.8784
2013-03-07,15.9932,20.5545,,21.3782,,11.9029,,,,,,14.0616,15.9374,19.6018,26.8859,21.8684
2013-03-06,15.9873,20.5242,,21.3414,,11.8793,,,,,,14.0611,15.9717,19.5643,26.7786,21.8179
2013-03-05,15.9830,20.5028,,21.3156,,11.8627,,,,,,14.0605,15.9966,19.5376,26.7079,21.7807
2013-03-04,15.9525,20.3715,,21.1584,,11.7642,,,,,,14.0599,16.0049,19.3521,26.3986,21.6046
2013-03-01,15.9363,20.3063,,21.0814,,11.7157,,,,,,14.0582,16.0146,19.2629,26.3066,21.4765
2013-02-28,15.9366,20.3179,,21.0951,,11.7259,,,,,,14.0576,16.0023,19.2179,26.2899,21.6474
2013-02-27,15.9326,20.3006,,21.0745,,11.7126,,,,,,14.0570,15.9892,19.2338,26.2658,21.5432
2013-02-26,15.8925,20.1312,,20.8730,,11.5864,,,,,,14.0563,15.9987,18.9873,25.9276,21.3031
2013-02-25,15.8793,20.0827,,20.8149,,11.5513,,,,,,14.0557,15.9906,18.8693,25.7887,21.3578
2013-02-22,15.9262,20.2914,,21.0652,,11.7077,,,,,,14.0538,15.9467,19.2212,26.3045,21.5293
2013-02-21,15.8985,20.1762,,20.9272,,11.6217,,,,,,14.0532,15.9394,19.0512,26.0228,21.4036
2013-02-20,15.9233,20.2945,,21.0693,,11.7122,,,,,,14.0526,15.9205,19.1673,26.2874,21.6849
2013-02-19,15.9611,20.4604,,21.2698,,11.8374,,,,,,14.0519,15.9170,19.4073,26.7773,21.8433
2013-02-15,15.9312,20.3359,,21.1223,,11.7442,,,,,,14.0494,15.9233,19.2630,26.5813,21.5627
2013-02-14,15.9378,20.3683,,21.1608,,11.7689,,,,,,14.0488,15.9287,19.2814,26.6136,21.6831
2013-02-13,15.9363,20.3698,,21.1618,,11.7708,,,,,,14.0482,15.9016,19.2659,26.5485,21.7756
2013-02-12,15.9334,20.3570,,21.1461,,11.7609,,,,,,14.0475,15.9161,19.2455,26.4785,21.7779
2013-02-11,15.9207,20.2947,,21.0720,,11.7128,,,,,,14.0469,15.9378,19.2138,26.3874,21.5399
2013-02-08,15.9251,20.3249,,21.1083,,11.7367,,,,,,14.0450,15.9290,19.2243,26.4262,21.6708
2013-02-07,15.9054,20.2393,,21.0060,,11.6723,,,,,,14.0444,15.9364,19.1164,26.2391,21.5207
2013-02-06,15.9150,20.2873,,21.0632,,11.7092,,,,,,14.0438,15.9326,19.1431,26.3095,21.6944
2013-02-05,15.9102,20.2718,,21.0437,,11.6976,,,,,,14.0431,15.9074,19.1302,26.2038,21.7097
2013-02-04,15.8864,20.1733,,20.9262,,11.6248,,,,,,14.0425,15.9317,18.9311,25.9795,21.6865
2013-02-01,15.9218,20.3363,,21.1205,,11.7475,,,,,,14.0406,15.9070,19.1512,26.2690,21.9902
2013-01-31,15.8940,20.2193,,20.9811,,11.6605,,,,,,14.0400,15.9210,18.9604,26.0302,21.8629
2013-01-30,15.8979,20.2361,,20.9990,,11.6721,,,,,,14.0395,15.9093,19.0078,25.9173,21.9296
2013-01-29,15.9062,20.2709,,21.0423,,11.6982,,,,,,14.0389,15.9181,19.0778,26.1111,21.8658
2013-01-28,15.8914,20.2107,,20.9727,,11.6542,,,,,,14.0383,15.9255,18.9798,26.1257,21.7237
2013-01-25,15.8954,20.2307,,20.9963,,11.6691,,,,,,14.0366,15.9347,19.0140,26.1239,21.7631
2013-01-24,15.8770,20.1412,,20.8892,,11.6006,,,,,,14.0360,15.9955,18.9114,25.9167,21.5638
2013-01-23,15.8707,20.1103,,20.8516,,11.5763,,,,,,14.0354,16.0025,18.9105,25.8177,21.4478
2013-01-22,15.8693,20.1093,,20.8511,,11.5764,,,,,,14.0349,16.0026,18.8817,25.8452,21.4870
2013-01-18,15.8526,20.0463,,20.7756,,11.5298,,,,,,14.0325,15.9926,18.7972,25.6581,21.4293
2013-01-17,15.8483,20.0378,,20.7653,,11.5249,,,,,,14.0320,15.9756,18.7334,25.5976,21.5588
2013-01-16,15.8268,19.9404,,20.6492,,11.4512,,,,,,14.0314,16.0047,18.6279,25.3982,21.3367
2013-01-15,15.8316,19.9677,,20.6823,,11.4727,,,,,,14.0308,16.0043,18.6220,25.4709,21.4596
2013-01-14,15.8242,19.9364,,20.6441,,11.4489,,,,,,14.0302,15.9950,18.6009,25.3421,21.4097
2013-01-11,15.8250,19.9464,,20.6559,,11.4567,,,,,,14.0285,15.9849,18.6184,25.3318,21.4434
2013-01-10,15.8238,19.9456,,20.6549,,11.4564,,,,,,14.0279,15.9709,18.6172,25.3220,21.4558
2013-01-09,15.7968,19.8285,,20.5182,,11.3695,,,,,,14.0273,15.9931,18.4768,25.2630,21.1261
2013-01-08,15.7846,19.7776,,20.4570,,11.3313,,,,,,14.0268,15.9834,18.4276,25.1110,21.0409
2013-01-07,15.7932,19.8167,,20.5030,,11.3604,,,,,,14.0262,15.9763,18.4811,25.1491,21.1290
2013-01-04,15.8015,19.8638,,20.5591,,11.3965,,,,,,14.0245,15.9430,18.5385,25.2199,21.2503
2013-01-03,15.7822,19.7794,,20.4582,,11.3330,,,,,,14.0239,15.9476,18.4491,25.0165,21.0849
2013-01-02,15.7966,19.8378,,20.5254,,11.3756,,,,,,14.0233,15.9919,18.4877,24.9774,21.3242
2012-12-31,15.7204,19.5233,,20.1528,,11.1441,,,,,,14.0222,16.0109,18.0260,24.3373,20.9314
2012-12-28,15.6745,19.3378,,19.9324,,11.0078,,,,,,14.0207,16.0274,17.7247,23.8938,20.7947
2012-12-27,15.6997,19.4384,,20.0509,,11.0808,,,,,,14.0201,16.0259,17.9218,24.0583,20.8418
2012-12-26,15.6983,19.4368,,20.0493,,11.0799,,,,,,14.0196,15.9969,17.9402,24.0705,20.8048
2012-12-24,15.7073,19.4770,,20.0984,,11.1098,,,,,,14.0185,15.9874,18.0264,24.2461,20.7525
2012-12-21,15.7135,19.5065,,20.1337,,11.1318,,,,,,14.0170,15.9971,18.0683,24.3050,20.7908
2012-12-20,15.7420,19.6321,,20.2819,,11.2251,,,,,,14.0164,15.9726,18.2383,24.4863,21.0360
2012-12-19,15.7258,19.5643,,20.2016,,11.1750,,,,,,14.0159,15.9865,18.1350,24.3579,20.9455
2012-12-18,15.7296,19.5749,,20.2135,,11.1809,,,,,,14.0154,15.9440,18.2729,24.3669,20.7401
2012-12-17,15.6965,19.4337,,20.0453,,11.0762,,,,,,14.0149,15.9783,18.0653,24.0224,20.5827
2012-12-14,15.6673,19.3174,,19.9077,,10.9912,,,,,,14.0133,16.0081,17.8531,23.7644,20.5234
2012-12-13,15.6734,19.3424,,19.9371,,11.0091,,,,,,14.0127,15.9952,17.9265,23.8064,20.4927
2012-12-12,15.6876,19.3983,,20.0037,,11.0496,,,,,,14.0122,16.0065,18.0360,23.9490,20.4847
2012-12-11,15.6863,19.3922,,19.9979,,11.0453,,,,,,14.0117,16.0300,18.0243,24.0246,20.4210
2012-12-10,15.6678,19.3117,,19.9025,,10.9855,,,,,,14.0112,16.0659,17.9069,23.8578,20.3038
2012-12-07,15.6611,19.2915,,19.8780,,10.9709,,,,,,14.0096,16.0305,17.9000,23.7610,20.2866
2012-12-06,15.6562,19.2721,,19.8552,,10.9569,,,,,,14.0090,16.0529,17.8467,23.7200,20.3035
2012-12-05,15.6470,19.2342,,19.8106,,10.9291,,,,,,14.0085,16.0695,17.7834,23.6536,20.2591
2012-12-04,15.6412,19.2167,,19.7904,,10.9171,,,,,,14.0080,16.0441,17.7497,23.6432,20.2540
2012-12-03,15.6413,19.2183,,19.7921,,10.9181,,,,,,14.0075,16.0271,17.7797,23.6352,20.2165
2012-11-30,15.6467,19.2392,,19.8172,,10.9326,,,,,,14.0059,16.0324,17.8633,23.6997,20.1228
2012-11-29,15.6446,19.2324,,19.8092,,10.9276,,,,,,14.0054,16.0260,17.8607,23.6817,20.1066
2012-11-28,15.6211,19.1295,,19.6869,,10.8506,,,,,,14.0049,16.0272,17.7817,23.4638,19.8419
2012-11-27,15.6035,19.0651,,19.6107,,10.8047,,,,,,14.0043,16.0182,17.6382,23.3067,19.8833
2012-11-26,15.6119,19.0983,,19.6494,,10.8282,,,,,,14.0038,16.0071,17.7290,23.3464,19.8614
2012-11-23,15.6137,19.1117,,19.6650,,10.8382,,,,,,14.0022,15.9863,17.7646,23.3348,19.8813
2012-11-21,15.5672,18.9211,,19.4415,,10.6987,,,,,,14.0012,15.9864,17.5339,23.0761,19.4864
2012-11-20,15.5592,18.8866,,19.4001,,10.6728,,,,,,14.0007,16.0004,17.4933,22.9600,19.4454
2012-11-19,15.5574,18.8773,,19.3886,,10.6656,,,,,,14.0001,16.0217,17.4800,22.9048,19.4447
2012-11-16,15.4967,18.6348,,19.1039,,10.4893,,,,,,13.9986,16.0348,17.1389,22.4756,19.0980
2012-11-15,15.4837,18.5848,,19.0436,,10.4529,,,,,,13.9980,16.0303,17.0548,22.2726,19.1237
2012-11-14,15.4858,18.5937,,19.0551,,10.4595,,,,,,13.9975,16.0343,17.0807,22.3633,19.0656
2012-11-13,15.5293,18.7752,,19.2705,,10.5930,,,,,,13.9970,16.0390,17.3142,22.7758,19.3189
2012-11-09,15.5384,18.8206,,19.3253,,10.6271,,,,,,13.9949,16.0324,17.3756,22.9168,19.3618
2012-11-08,15.5365,18.8163,,19.3201,,10.6243,,,,,,13.9944,16.0370,17.3457,22.8874,19.4136
2012-11-07,15.5682,18.9502,,19.4792,,10.7230,,,,,,13.9938,16.0170,17.5595,23.1928,19.5376
2012-11-06,15.6256,19.1899,,19.7633,,10.8988,,,,,,13.9933,15.9664,17.9701,23.7240,19.7159
2012-11-05,15.6053,19.1031,,19.6604,,10.8346,,,,,,13.9928,16.0066,17.8295,23.5259,19.6288
2012-11-02,15.6010,19.0968,,19.6518,,10.8310,,,,,,13.9912,15.9821,17.7886,23.3998,19.7625
2012-11-01,15.6253,19.1959,,19.7708,,10.9037,,,,,,13.9907,15.9864,17.9574,23.7161,19.7701
2012-10-31,15.5932,19.0613,,19.6101,,10.8043,,,,,,13.9902,16.0063,17.7620,23.3432,19.6500
2012-10-26,15.5847,19.0363,,19.5796,,10.7861,,,,,,13.9876,15.9668,17.7573,23.1999,19.6338
2012-10-25,15.5874,19.0574,,19.6054,,10.8030,,,,,,13.9870,15.9293,17.7703,23.2835,19.6923
2012-10-24,15.5800,19.0238,,19.5659,,10.7780,,,,,,13.9865,15.9625,17.7172,23.2283,19.6353
2012-10-23,15.5849,19.0430,,19.5888,,10.7917,,,,,,13.9860,15.9643,17.7716,23.2856,19.5962
2012-10-22,15.6287,19.2257,,19.8026,,10.9255,,,,,,13.9855,15.9561,18.0322,23.4591,19.9541
2012-10-19,15.6240,19.2078,,19.7826,,10.9123,,,,,,13.9839,15.9716,18.0235,23.5010,19.8465
2012-10-18,15.6730,19.4192,,20.0329,,11.0689,,,,,,13.9834,15.9384,18.3272,23.8746,20.1775
2012-10-17,15.6764,19.4323,,20.0489,,11.0782,,,,,,13.9828,15.9425,18.3715,23.9373,20.1235
2012-10-16,15.6568,19.3412,,19.9409,,11.0094,,,,,,13.9823,15.9794,18.2939,23.7709,19.8725
2012-10-15,15.6253,19.2087,,19.7847,,10.9119,,,,,,13.9818,16.0024,18.1081,23.5431,19.6595
2012-10-12,15.5999,19.1089,,19.6675,,10.8391,,,,,,13.9802,16.0018,17.9628,23.3818,19.5144
2012-10-11,15.6081,19.1475,,19.7145,,10.8683,,,,,,13.9797,15.9894,18.0163,23.5449,19.5280
2012-10-10,15.5992,19.1098,,19.6692,,10.8398,,,,,,13.9792,15.9716,18.0097,23.4378,19.4139
2012-10-09,15.6159,19.1826,,19.7548,,10.8935,,,,,,13.9786,15.9557,18.1206,23.5281,19.5397
2012-10-05,15.6608,19.3834,,19.9931,,11.0432,,,,,,13.9765,15.9414,18.3644,23.8895,19.9278
2012-10-04,15.6542,19.3485,,19.9528,,11.0163,,,,,,13.9760,15.9706,18.3643,23.9073,19.7225
2012-10-03,15.6322,19.2549,,19.8422,,10.9471,,,,,,13.9755,15.9935,18.2334,23.7343,19.5731
2012-10-02,15.6280,19.2452,,19.8312,,10.9413,,,,,,13.9750,15.9939,18.1638,23.7172,19.6679
2012-10-01,15.6242,19.2315,,19.8145,,10.9313,,,,,,13.9744,15.9872,18.1465,23.6569,19.6678
2012-09-28,15.6108,19.1767,,19.7509,,10.8910,,,,,,13.9740,15.9750,18.0979,23.6520,19.4853
2012-09-27,15.6327,19.2785,,19.8706,,10.9671,,,,,,13.9725,15.9723,18.1794,23.7418,19.8108
2012-09-26,15.6003,19.1401,,19.7068,,10.8647,,,,,,13.9721,15.9878,18.0045,23.4803,19.5678
2012-09-25,15.6195,19.2286,,19.8116,,10.9311,,,,,,13.9716,15.9610,18.1050,23.6191,19.7732
2012-09-24,15.6486,19.3559,,19.9639,,11.0257,,,,,,13.9711,15.9418,18.2948,23.9751,19.8825
2012-09-21,15.6579,19.4071,,20.0253,,11.0651,,,,,,13.9697,15.9168,18.3356,24.0927,20.0214
2012-09-20,15.6508,19.3758,,19.9883,,11.0414,,,,,,13.9692,15.9049,18.3372,24.0438,19.8879
2012-09-19,15.6622,19.4351,,20.0595,,11.0873,,,,,,13.9687,15.8972,18.3444,24.1905,20.1082
2012-09-18,15.6527,19.3968,,20.0146,,11.0590,,,,,,13.9683,15.8769,18.3226,24.1537,19.9814
2012-09-17,15.6610,19.4389,,20.0649,,11.0913,,,,,,13.9678,15.8668,18.3456,24.2429,20.1151
2012-09-14,15.6717,19.4958,,20.1344,,11.1351,,,,,,13.9663,15.8449,18.4025,24.4605,20.1960
2012-09-13,15.6526,19.4034,,20.0235,,11.0646,,,,,,13.9659,15.8881,18.3296,24.1950,19.9812
2012-09-12,15.6027,19.2027,,19.7878,,10.9184,,,,,,13.9654,15.8679,18.0339,23.9197,19.6765
2012-09-11,15.5924,19.1535,,19.7294,,10.8810,,,,,,13.9649,15.8994,17.9911,23.8181,19.5451
2012-09-10,15.5765,19.0846,,19.6488,,10.8299,,,,,,13.9645,15.9003,17.9347,23.7610,19.3293
2012-09-07,15.5951,19.1650,,19.7433,,10.8888,,,,,,13.9630,15.9101,18.0449,23.8604,19.4740
2012-09-06,15.5727,19.0701,,19.6316,,10.8186,,,,,,13.9626,15.8979,17.9711,23.7215,19.2140
2012-09-05,15.5093,18.8028,,19.3170,,10.6223,,,,,,13.9621,15.9429,17.6093,23.2640,18.7718
2012-09-04,15.5120,18.8144,,19.3307,,10.6308,,,,,,13.9616,15.9486,17.6238,23.2776,18.7937
2012-08-31,15.5139,18.8252,,19.3406,,10.6379,,,,,,13.9597,15.9507,17.6437,23.0732,18.9254
2012-08-30,15.4952,18.7544,,19.2575,,10.5869,,,,,,13.9592,15.9117,17.5546,22.9583,18.8180
2012-08-29,15.5189,18.8583,,19.3801,,10.6637,,,,,,13.9587,15.8898,17.6902,23.1488,18.9967
2012-08-28,15.5182,18.8562,,19.3771,,10.6621,,,,,,13.9583,15.9025,17.6714,23.0933,19.0476
2012-08-27,15.5197,18.8638,,19.3848,,10.6675,,,,,,13.9578,15.8930,17.6845,23.0048,19.1167
2012-08-24,15.5167,18.8578,,19.3781,,10.6635,,,,,,13.9564,15.8713,17.6932,23.0152,19.0760
2012-08-23,15.5037,18.8089,,19.3210,,10.6287,,,,,,13.9559,15.8825,17.5773,22.9330,19.0893
2012-08-22,15.5249,18.9009,,19.4294,,10.6963,,,,,,13.9554,15.8549,17.7201,23.0902,19.2153
2012-08-21,15.5244,18.9119,,19.4430,,10.7063,,,,,,13.9549,15.7967,17.7151,23.1335,19.2883
2012-08-20,15.5216,18.8941,,19.4220,,10.6918,,,,,,13.9545,15.7876,17.7767,23.1378,19.0812
2012-08-17,15.5213,18.9003,,19.4304,,10.6972,,,,,,13.9530,15.7795,17.7769,23.2051,19.0818
2012-08-16,15.5124,18.8650,,19.3880,,10.6712,,,,,,13.9526,15.7642,17.7438,23.0745,19.0456
2012-08-15,15.4881,18.7612,,19.2652,,10.5945,,,,,,13.9521,15.7851,17.6175,22.8615,18.8647
2012-08-14,15.4872,18.7505,,19.2507,,10.5853,,,,,,13.9516,15.8360,17.5913,22.6953,18.9281
2012-08-13,15.4886,18.7519,,19.2531,,10.5858,,,,,,13.9511,15.8790,17.5906,22.7460,18.8878
2012-08-10,15.4913,18.7678,,19.2723,,10.5979,,,,,,13.9497,15.8798,17.6091,22.7872,18.9127
2012-08-09,15.4872,18.7584,,19.2616,,10.5921,,,,,,13.9492,15.8610,17.5702,22.7746,18.9568
2012-08-08,15.4828,18.7398,,19.2391,,10.5782,,,,,,13.9488,15.8630,17.5552,22.7019,18.9306
2012-08-07,15.4810,18.7333,,19.2319,,10.5736,,,,,,13.9483,15.8725,17.5388,22.7114,18.9197
2012-08-06,15.4639,18.6555,,19.1394,,10.5154,,,,,,13.9478,15.9153,17.4493,22.5091,18.7869
2012-08-03,15.4494,18.5998,,19.0735,,10.4747,,,,,,13.9464,15.8957,17.4085,22.3701,18.6725
2012-08-02,15.3854,18.3279,,18.7539,,10.2751,,,,,,13.9459,15.9500,17.0813,21.8975,18.1576
2012-08-01,15.4048,18.4120,,18.8521,,10.3366,,,,,,13.9454,15.9153,17.2089,21.9991,18.3014
2012-07-31,15.4174,18.4663,,18.9188,,10.3772,,,,,,13.9449,15.9389,17.2561,22.2774,18.3219
2012-07-30,15.4311,18.5267,,18.9902,,10.4217,,,,,,13.9444,15.9280,17.3306,22.4081,18.4199
2012-07-27,15.4286,18.5280,,18.9934,,10.4242,,,,,,13.9428,15.8844,17.3384,22.4967,18.3864
2012-07-26,15.3717,18.2911,,18.7150,,10.2516,,,,,,13.9423,15.9523,17.0129,22.0167,18.0545
2012-07-25,15.3099,18.0389,,18.4219,,10.0687,,,,,,13.9418,15.9576,16.7359,21.7659,17.4612
2012-07-24,15.3103,18.0418,,18.4246,,10.0707,,,,,,13.9413,15.9549,16.7393,21.7145,17.4990
2012-07-23,15.3352,18.1469,,18.5495,,10.1477,,,,,,13.9408,15.9380,16.8918,21.9999,17.5905
2012-07-20,15.3750,18.3251,,18.7598,,10.2800,,,,,,13.9392,15.9318,17.0433,22.3060,18.0416
2012-07-19,15.4108,18.4812,,18.9434,,10.3951,,,,,,13.9387,15.9009,17.2160,22.5674,18.3724
2012-07-18,15.3962,18.4197,,18.8725,,10.3500,,,,,,13.9382,15.9091,17.1676,22.5689,18.1510
2012-07-17,15.3781,18.3556,,18.7973,,10.3048,,,,,,13.9377,15.8792,17.0512,22.4335,18.1399
2012-07-16,15.3575,18.2732,,18.7012,,10.2452,,,,,,13.9372,15.8938,16.9257,22.3198,18.0203
2012-07-13,15.3626,18.3039,,18.7383,,10.2686,,,,,,13.9356,15.8637,16.9650,22.4299,18.0560
2012-07-12,15.3121,18.1013,,18.5014,,10.1221,,,,,,13.9351,15.8688,16.6893,22.1113,17.7373
2012-07-11,15.3325,18.1904,,18.6049,,10.1874,,,,,,13.9345,15.8570,16.7729,22.1739,17.9978
2012-07-10,15.3331,18.1973,,18.6142,,10.1932,,,,,,13.9340,15.8493,16.7710,22.2539,17.9978
2012-07-09,15.3503,18.2684,,18.6993,,10.2450,,,,,,13.9335,15.8283,16.9082,22.5114,17.9652
2012-07-06,15.3579,18.3113,,18.7503,,10.2778,,,,,,13.9319,15.8046,16.9357,22.5887,18.1021
2012-07-05,15.3860,18.4347,,18.8964,,10.3690,,,,,,13.9314,15.7740,17.0907,22.8621,18.2988
2012-07-03,15.4015,18.5047,,18.9774,,10.4204,,,,,,13.9304,15.7519,17.1709,22.8782,18.5034
2012-07-02,15.3776,18.4012,,18.8544,,10.3437,,,,,,13.9299,15.7755,17.0606,22.6011,18.3315
2012-06-29,15.3601,18.3367,,18.7779,,10.2972,,,,,,13.9288,15.7214,17.0178,22.4173,18.2198
2012-06-28,15.2752,17.9862,,18.3673,,10.0421,,,,,,13.9278,15.7577,16.6035,21.8035,17.5832
2012-06-27,15.2772,17.9968,,18.3793,,10.0497,,,,,,13.9273,15.7369,16.6377,21.8042,17.5806
2012-06-26,15.2462,17.8736,,18.2350,,9.9608,,,,,,13.9267,15.7310,16.4859,21.5691,17.3907
2012-06-25,15.2371,17.8388,,18.1938,,9.9360,,,,,,13.9262,15.7448,16.4073,21.4394,17.4322
2012-06-22,15.2799,18.0202,,18.4069,,10.0678,,,,,,13.9246,15.7038,16.6699,21.8126,17.6518
2012-06-21,15.2624,17.9479,,18.3214,,10.0151,,,,,,13.9241,15.7315,16.5513,21.6112,17.6135
2012-06-20,15.3319,18.2380,,18.6626,,10.2267,,,,,,13.9236,15.7068,16.9254,22.1732,18.0606
2012-06-19,15.3292,18.2237,,18.6464,,10.2155,,,,,,13.9231,15.7118,16.9531,22.2069,17.9171
2012-06-18,15.2937,18.0748,,18.4710,,10.1065,,,,,,13.9226,15.7280,16.7881,21.8873,17.6566
2012-06-15,15.2882,18.0573,,18.4496,,10.0940,,,,,,13.9210,15.7222,16.7635,21.7709,17.6849
2012-06-14,15.2500,17.9068,,18.2740,,9.9856,,,,,,13.9205,15.7004,16.5921,21.5453,17.3992
2012-06-13,15.2225,17.8009,,18.1502,,9.9099,,,,,,13.9200,15.7064,16.4142,21.3365,17.3231
2012-06-12,15.2426,17.8893,,18.2552,,9.9749,,,,,,13.9194,15.6749,16.5242,21.5987,17.4237
2012-06-11,15.2060,17.7376,,18.0776,,9.8646,,,,,,13.9189,15.7083,16.3335,21.3356,17.1615
2012-06-08,15.2432,17.8991,,18.2694,,9.9829,,,,,,13.9173,15.6758,16.5415,21.8071,17.3275
2012-06-07,15.2270,17.8411,,18.2008,,9.9422,,,,,,13.9168,15.6732,16.4080,21.6032,17.4063
2012-06-06,15.2260,17.8406,,18.2021,,9.9425,,,,,,13.9163,15.6688,16.4090,21.7345,17.3347
2012-06-05,15.1495,17.5316,,17.8420,,9.7198,,,,,,13.9158,15.7065,16.0351,21.2278,16.7899
2012-06-04,15.1300,17.4501,,17.7452,,9.6603,,,,,,13.9153,15.7250,15.9430,20.9525,16.7071
2012-06-01,15.1296,17.4491,,17.7452,,9.6595,,,,,,13.9137,15.7600,15.9409,21.0298,16.6512
2012-05-31,15.2019,17.7474,,18.0960,,9.8758,,,,,,13.9131,15.7142,16.3428,21.7121,17.0157
2012-05-30,15.2029,17.7539,,18.1041,,9.8806,,,,,,13.9125,15.6951,16.3769,21.7577,16.9697
2012-05-29,15.2536,17.9749,,18.3639,,10.0430,,,,,,13.9118,15.6364,16.6100,22.1908,17.4147
2012-05-25,15.2162,17.8329,,18.1977,,9.9409,,,,,,13.9093,15.6273,16.4257,21.8972,17.2277
2012-05-24,15.2215,17.8561,,18.2243,,9.9576,,,,,,13.9087,15.6208,16.4616,21.9053,17.2735
2012-05-23,15.2190,17.8455,,18.2118,,9.9498,,,,,,13.9081,15.6434,16.4349,21.8590,17.2874
2012-05-22,15.2215,17.8679,,18.2366,,9.9677,,,,,,13.9075,15.6059,16.4065,21.7350,17.5402
2012-05-21,15.2228,17.8709,,18.2407,,9.9696,,,,,,13.9069,15.6442,16.3982,21.7745,17.5323
2012-05-18,15.1714,17.6664,,17.9998,,9.8215,,,,,,13.9050,15.6547,16.1390,21.2652,17.2876
2012-05-17,15.1939,17.7586,,18.1090,,9.8885,,,,,,13.9044,15.6642,16.2590,21.5106,17.3819
2012-05-16,15.2422,17.9637,,18.3524,,10.0389,,,,,,13.9038,15.6425,16.5057,22.0801,17.6386
2012-05-15,15.2560,18.0232,,18.4231,,10.0827,,,,,,13.9032,15.6439,16.5730,22.2392,17.7224
2012-05-14,15.2811,18.1325,,18.5505,,10.1631,,,,,,13.9026,15.6447,16.6654,22.3264,18.0523
2012-05-11,15.3182,18.2967,,18.7442,,10.2841,,,,,,13.9007,15.6241,16.8510,22.6298,18.3748
2012-05-10,15.3236,18.3203,,18.7715,,10.3012,,,,,,13.9001,15.6069,16.9066,22.6397,18.3912
2012-05-09,15.3131,18.2769,,18.7206,,10.2693,,,,,,13.8995,15.6161,16.8587,22.5695,18.2975
2012-05-08,15.3337,18.3609,,18.8189,,10.3302,,,,,,13.8989,15.6290,16.9676,22.6714,18.4540
2012-05-07,15.3502,18.4360,,18.9066,,10.3859,,,,,,13.8983,15.6116,17.0382,22.7324,18.6781
2012-05-04,15.3468,18.4269,,18.8958,,10.3793,,,,,,13.8964,15.6108,17.0316,22.6853,18.6733
2012-05-03,15.3974,18.6440,,19.1517,,10.5393,,,,,,13.8958,15.5875,17.3107,23.0644,19.0540
2012-05-02,15.4176,18.7316,,19.2574,,10.6042,,,,,,13.8952,15.5802,17.4411,23.4140,19.0632
2012-05-01,15.4231,18.7590,,19.2888,,10.6245,,,,,,13.8946,15.5539,17.4828,23.3706,19.1629
2012-04-30,15.4140,18.7268,,19.2514,,10.6020,,,,,,13.8939,15.5729,17.3844,23.3250,19.2061
2012-04-27,15.4246,18.7809,,19.3169,,10.6428,,,,,,13.8917,15.5607,17.4517,23.5202,19.2562
2012-04-26,15.4112,18.7256,,19.2511,,10.6019,,,,,,13.8910,15.5484,17.4094,23.3721,19.1423
2012-04-25,15.3927,18.6556,,19.1683,,10.5515,,,,,,13.8903,15.5359,17.2930,23.1847,19.1222
2012-04-24,15.3495,18.4784,,18.9589,,10.4220,,,,,,13.8896,15.5438,17.0568,22.7808,18.8954
2012-04-23,15.3343,18.4128,,18.8821,,10.3734,,,,,,13.8889,15.5582,16.9940,22.6956,18.7196
2012-04-20,15.3673,18.5654,,19.0628,,10.4872,,,,,,13.8867,15.5392,17.1377,22.9823,19.0811
2012-04-19,15.3590,18.5282,,19.0188,,10.4592,,,,,,13.8860,15.5507,17.1171,22.9120,18.9626
2012-04-18,15.3727,18.5868,,19.0873,,10.5018,,,,,,13.8853,15.5372,17.2182,22.9822,19.0366
2012-04-17,15.3816,18.6266,,19.1348,,10.5312,,,,,,13.8846,15.5215,17.2881,23.1030,19.0463
2012-04-16,15.3347,18.4335,,18.9079,,10.3902,,,,,,13.8839,15.5403,17.0245,22.7621,18.7493
2012-04-13,15.3335,18.4373,,18.9126,,10.3936,,,,,,13.8817,15.5249,17.0332,22.7549,18.7675
2012-04-12,15.3694,18.5913,,19.0940,,10.5066,,,,,,13.8810,15.4914,17.2483,23.0488,18.9933
2012-04-11,15.3253,18.4111,,18.8816,,10.3752,,,,,,13.8803,15.4950,17.0134,22.6600,18.7449
2012-04-10,15.2972,18.2916,,18.7398,,10.2866,,,,,,13.8789,15.5182,16.8856,22.3632,18.5328
2012-04-09,15.3551,18.5436,,19.0384,,10.4731,,,,,,13.8782,15.4962,17.1779,22.9061,18.9774
2012-04-05,15.3779,18.6543,,19.1708,,10.5559,,,,,,13.8760,15.4141,17.3747,23.2440,19.0249
2012-04-04,15.3784,18.6651,,19.1842,,10.5651,,,,,,13.8753,15.3832,17.3797,23.2955,19.0609
2012-04-03,15.4201,18.8540,,19.4083,,10.7065,,,,,,13.8746,15.3634,17.5585,23.6497,19.5165
2012-04-02,15.4413,18.9407,,19.5097,,10.7699,,,,,,13.8739,15.4151,17.6244,23.7036,19.7854
2012-03-30,15.4127,18.8250,,19.3733,,10.6852,,,,,,13.8727,15.4004,17.4921,23.4924,19.5714
2012-03-29,15.4049,18.7834,,19.3253,,10.6532,,,,,,13.8714,15.4893,17.4276,23.4928,19.4354
2012-03-28,15.4109,18.8251,,19.3745,,10.6863,,,,,,13.8708,15.4159,17.4552,23.5197,19.6268
2012-03-27,15.4276,18.8990,,19.4620,,10.7412,,,,,,13.8702,15.4184,17.5375,23.6541,19.7764
2012-03-26,15.4353,18.9400,,19.5113,,10.7725,,,,,,13.8696,15.3847,17.5857,23.7910,19.8367
2012-03-23,15.3894,18.7539,,19.2919,,10.6364,,,,,,13.8677,15.3812,17.3434,23.4149,19.5626
2012-03-22,15.3769,18.7043,,19.2323,,10.6000,,,,,,13.8671,15.3615,17.2897,23.2339,19.5230
2012-03-21,15.3969,18.7910,,19.3356,,10.6639,,,,,,13.8665,15.3557,17.4140,23.4722,19.5996
2012-03-20,15.4007,18.8165,,19.3651,,10.6838,,,,,,13.8659,15.3065,17.4459,23.4541,19.7092
2012-03-19,15.4177,18.8968,,19.4611,,10.7445,,,,,,13.8653,15.3046,17.4980,23.6446,19.9249
2012-03-16,15.4061,18.8470,,19.4021,,10.7073,,,,,,13.8634,15.3467,17.4287,23.5140,19.8555
2012-03-15,15.3963,18.8050,,19.3536,,10.6761,,,,,,13.8628,15.3458,17.4090,23.5315,19.6650
2012-03-14,15.3742,18.7144,,19.2462,,10.6095,,,,,,13.8622,15.3337,17.3055,23.3276,19.5177
2012-03-13,15.3897,18.7737,,19.3173,,10.6525,,,,,,13.8616,15.4217,17.3257,23.5004,19.6458
2012-03-12,15.3361,18.5476,,19.0507,,10.4866,,,,,,13.8610,15.4619,17.0115,23.0381,19.3345
2012-03-09,15.3375,18.5643,,19.0717,,10.5002,,,,,,13.8591,15.4533,17.0076,23.1308,19.3855
2012-03-08,15.3279,18.5247,,19.0234,,10.4710,,,,,,13.8585,15.4617,16.9459,22.8956,19.4337
2012-03-07,15.2872,18.3502,,18.8183,,10.3424,,,,,,13.8579,15.4765,16.7795,22.6135,19.0108
2012-03-06,15.2694,18.2758,,18.7297,,10.2877,,,,,,13.8572,15.4999,16.6594,22.3749,18.9886
2012-03-05,15.3242,18.5165,,19.0141,,10.4660,,,,,,13.8566,15.4746,16.9188,22.8287,19.4902
2012-03-02,15.3354,18.5664,,19.0729,,10.5025,,,,,,13.8548,15.4897,16.9835,22.8927,19.5819
2012-03-01,15.3483,18.6319,,19.1520,,10.5525,,,,,,13.8542,15.4576,17.0381,23.1368,19.6956
2012-02-29,15.3294,18.5482,,19.0532,,10.4903,,,,,,13.8536,15.4950,16.9327,22.9645,19.5465
2012-02-28,15.3476,18.6296,,19.1503,,10.5508,,,,,,13.8530,15.4967,17.0104,23.1821,19.6953
2012-02-27,15.3385,18.5964,,19.1127,,10.5275,,,,,,13.8525,15.4948,16.9508,23.2256,19.6186
2012-02-24,15.3356,18.5988,,19.1162,,10.5311,,,,,,13.8508,15.4592,16.9246,23.2269,19.7068
2012-02-23,15.3244,18.5526,,19.0628,,10.4972,,,,,,13.8502,15.4532,16.8943,23.2387,19.5203
2012-02-22,15.3071,18.4810,,18.9770,,10.4444,,,,,,13.8497,15.4421,16.8191,22.9830,19.4477
2012-02-21,15.3187,18.5378,,19.0444,,10.4872,,,,,,13.8491,15.4130,16.8746,23.1163,19.5753
2012-02-17,15.3109,18.5095,,19.0134,,10.4666,,,,,,13.8468,15.4271,16.8621,23.2391,19.3778
2012-02-16,15.3056,18.4919,,18.9939,,10.4546,,,,,,13.8463,15.4294,16.8220,23.2778,19.3454
2012-02-15,15.2758,18.3621,,18.8395,,10.3586,,,,,,13.8457,15.4837,16.6364,22.8863,19.2353
2012-02-14,15.2811,18.3799,,18.8609,,10.3704,,,,,,13.8452,15.4816,16.7221,22.9932,19.0939
2012-02-13,15.2875,18.4180,,18.9062,,10.4001,,,,,,13.8446,15.4448,16.7351,23.0569,19.2527
2012-02-10,15.2618,18.3129,,18.7818,,10.3228,,,,,,13.8429,15.4506,16.6186,22.8015,19.0797
2012-02-09,15.2883,18.4357,,18.9272,,10.4147,,,,,,13.8424,15.4153,16.7311,23.0538,19.3757
2012-02-08,15.2840,18.4160,,18.9045,,10.4000,,,,,,13.8418,15.4378,16.7068,23.0514,19.3119
2012-02-07,15.2758,18.3850,,18.8684,,10.3777,,,,,,13.8413,15.4327,16.6649,23.0162,19.2577
2012-02-06,15.2679,18.3487,,18.8264,,10.3506,,,,,,13.8407,15.4617,16.6306,23.0103,19.1253
2012-02-03,15.2698,18.3702,,18.8521,,10.3680,,,,,,13.8390,15.4222,16.6372,23.0350,19.2346
2012-02-02,15.2270,18.1872,,18.6360,,10.2334,,,,,,13.8385,15.4789,16.3961,22.5968,18.9889
2012-02-01,15.2201,18.1607,,18.6045,,10.2141,,,,,,13.8379,15.4667,16.3767,22.5183,18.9417
2012-01-31,15.1810,17.9901,,18.4022,,10.0878,,,,,,13.8373,15.4872,16.2289,22.0832,18.5911
2012-01-30,15.1771,17.9771,,18.3873,,10.0785,,,,,,13.8368,15.4638,16.2362,22.0883,18.5178
2012-01-27,15.1884,18.0383,,18.4602,,10.1251,,,,,,13.8351,15.4309,16.2766,22.2209,18.7008
2012-01-26,15.1917,18.0538,,18.4763,,10.1362,,,,,,13.8345,15.4137,16.3018,22.0711,18.8265
2012-01-25,15.1953,18.0708,,18.4965,,10.1483,,,,,,13.8339,15.3618,16.3950,22.1696,18.6961
2012-01-24,15.1614,17.9360,,18.3381,,10.0505,,,,,,13.8333,15.3285,16.2524,21.9080,18.4497
2012-01-23,15.1661,17.9568,,18.3608,,10.0655,,,,,,13.8328,15.3263,16.2683,21.7955,18.5923
2012-01-20,15.1568,17.9186,,18.3170,,10.0372,,,,,,13.8310,15.3376,16.2604,21.8139,18.3967
2012-01-19,15.1526,17.8981,,18.2933,,10.0216,,,,,,13.8305,15.3635,16.2491,21.8068,18.3053
2012-01-18,15.1370,17.8314,,18.2152,,9.9727,,,,,,13.8299,15.3947,16.1686,21.6794,18.1823
2012-01-17,15.1008,17.6810,,18.0384,,9.8633,,,,,,13.8293,15.4226,15.9885,21.3332,17.9576
2012-01-13,15.0793,17.5983,,17.9428,,9.8033,,,,,,13.8270,15.4146,15.9324,21.2851,17.6812
2012-01-12,15.0924,17.6593,,18.0147,,9.8484,,,,,,13.8265,15.3722,16.0112,21.4245,17.7783
2012-01-11,15.0841,17.6258,,17.9751,,9.8240,,,,,,13.8259,15.3784,15.9733,21.3313,17.7333
2012-01-10,15.0841,17.6335,,17.9832,,9.8305,,,,,,13.8253,15.3425,15.9665,21.2416,17.8556
2012-01-09,15.0485,17.4877,,17.8123,,9.7245,,,,,,13.8247,15.3415,15.8257,20.9625,17.5536
2012-01-06,15.0412,17.4652,,17.7858,,9.7089,,,,,,13.8230,15.3314,15.7897,20.8654,17.5743
2012-01-05,15.0486,17.5009,,17.8270,,9.7354,,,,,,13.8224,15.3071,15.8235,20.8754,17.6979
2012-01-04,15.0515,17.5201,,17.8477,,9.7503,,,,,,13.8219,15.3091,15.7774,20.7100,17.9909
2012-01-03,15.0564,17.5441,,17.8767,,9.7685,,,,,,13.8213,15.3203,15.7708,20.7935,18.0750
2011-12-30,15.0046,17.3371,,17.6365,,9.6193,,,,,,13.8193,15.3516,15.5299,20.5260,17.6459
2011-12-29,15.0064,17.3453,,17.6465,,9.6246,,,,,,13.8180,15.3345,15.5959,20.6054,17.5186
2011-12-28,14.9722,17.2112,,17.4899,,9.5285,,,,,,13.8173,15.3248,15.4303,20.3476,17.3217
2011-12-27,15.0082,17.3691,,17.6757,,9.6441,,,,,,13.8166,15.2597,15.6215,20.7344,17.5521
2011-12-23,15.0013,17.3497,,17.6531,,9.6306,,,,,,13.8139,15.2389,15.6200,20.6766,17.5038
2011-12-22,14.9804,17.2665,,17.5571,,9.5711,,,,,,13.8133,15.2846,15.4799,20.5728,17.4022
2011-12-21,14.9553,17.1717,,17.4468,,9.5039,,,,,,13.8126,15.2747,15.3489,20.3954,17.2929
2011-12-20,14.9530,17.1624,,17.4359,,9.4971,,,,,,13.8120,15.3031,15.3179,20.3395,17.3296
2011-12-19,14.8667,16.8174,,17.0335,,9.2500,,,,,,13.8113,15.3547,14.8718,19.6234,16.8758
2011-12-16,14.9034,16.9737,,17.2168,,9.3630,,,,,,13.8093,15.3347,15.0478,19.9814,17.1155
2011-12-15,14.8899,16.9238,,17.1577,,9.3276,,,,,,13.8086,15.3049,14.9997,19.7894,17.0882
2011-12-14,14.8779,16.8741,,17.0989,,9.2914,,,,,,13.8080,15.3178,14.9497,19.6244,17.0280
2011-12-13,14.9104,17.0106,,17.2587,,9.3902,,,,,,13.8073,15.2869,15.1196,19.9229,17.2226
2011-12-12,14.9450,17.1632,,17.4389,,9.5024,,,,,,13.8066,15.2634,15.2488,20.2969,17.5424
2011-12-09,14.9936,17.3686,,17.6784,,9.6509,,,,,,13.8046,15.2381,15.4793,20.6289,17.9474
2011-12-08,14.9398,17.1427,,17.4132,,9.4864,,,,,,13.8040,15.2880,15.2221,20.1222,17.5775
2011-12-07,15.0074,17.4239,,17.7428,,9.6903,,,,,,13.8033,15.2582,15.5505,20.7040,18.0356
2011-12-06,14.9974,17.3938,,17.7088,,9.6701,,,,,,13.8026,15.2115,15.5142,20.7291,17.9632
2011-12-05,15.0014,17.4139,,17.7329,,9.6853,,,,,,13.8020,15.2299,15.4968,20.7773,18.0681
2011-12-02,14.9669,17.2836,,17.5807,,9.5923,,,,,,13.8000,15.2148,15.3384,20.4982,17.8944
2011-12-01,14.9611,17.2674,,17.5613,,9.5814,,,,,,13.7993,15.1596,15.3415,20.4256,17.8752
2011-11-30,14.9746,17.3212,,17.6244,,9.6200,,,,,,13.7986,15.1974,15.3702,20.5333,18.0120
2011-11-29,14.8417,16.8008,,17.0194,,9.2494,,,,,,13.7980,15.2106,14.7304,19.5415,17.2501
2011-11-28,14.8290,16.7502,,16.9619,,9.2131,,,,,,13.7973,15.2247,14.6922,19.5564,17.0580
2011-11-25,14.7264,16.3559,,16.5045,,8.9334,,,,,,13.7953,15.2027,14.2721,18.8242,16.3707
2011-11-23,14.7408,16.4126,,16.5711,,8.9736,,,,,,13.7940,15.2539,14.3087,18.9481,16.4899
2011-11-22,14.8098,16.6899,,16.8941,,9.1721,,,,,,13.7933,15.2350,14.6310,19.4919,16.9331
2011-11-21,14.8211,16.7377,,16.9503,,9.2066,,,,,,13.7926,15.2300,14.6909,19.6145,16.9866
2011-11-18,14.8815,16.9864,,17.2397,,9.3856,,,,,,13.7906,15.2174,14.9693,20.0009,17.4752
2011-11-17,14.8812,16.9825,,17.2354,,9.3821,,,,,,13.7900,15.2422,14.9741,20.0130,17.4266
2011-11-16,14.9238,17.1539,,17.4357,,9.5050,,,,,,13.7893,15.2235,15.2293,20.3621,17.5959
2011-11-15,14.9692,17.3371,,17.6493,,9.6366,,,,,,13.7887,15.2065,15.4823,20.6879,17.8425
2011-11-14,14.9656,17.3261,,17.6352,,9.6293,,,,,,13.7880,15.2322,15.4057,20.4871,18.0541
2011-11-10,14.9264,17.1773,,17.4623,,9.5229,,,,,,13.7853,15.2151,15.2548,20.2443,17.7507
2011-11-09,14.9077,17.1006,,17.3731,,9.4674,,,,,,13.7847,15.2619,15.1222,20.1219,17.6733
2011-11-08,15.0264,17.5903,,17.9463,,9.8222,,,,,,13.7840,15.2285,15.6967,21.0331,18.5256
2011-11-07,14.9933,17.4557,,17.7896,,9.7251,,,,,,13.7833,15.2724,15.5052,20.8059,18.3334
2011-11-04,14.9768,17.4031,,17.7302,,9.6891,,,,,,13.7813,15.2537,15.4072,20.8357,18.2563
2011-11-03,14.9960,17.4833,,17.8227,,9.7470,,,,,,13.7807,15.2379,15.5041,20.8697,18.4636
2011-11-02,14.9362,17.2415,,17.5405,,9.5729,,,,,,13.7800,15.2696,15.2154,20.4032,18.0703
2011-11-01,14.8923,17.0675,,17.3362,,9.4478,,,,,,13.7794,15.2758,14.9738,19.9608,17.9251
2011-10-31,14.9716,17.4060,,17.7338,,9.6954,,,,,,13.7788,15.1962,15.4028,20.6384,18.4671
2011-10-28,15.0583,17.7848,,18.1773,,9.9741,,,,,,13.7769,15.1264,15.7933,21.1507,19.4228
2011-10-27,15.0595,17.8057,,18.2024,,9.9917,,,,,,13.7763,15.0600,15.7869,21.1980,19.5561
2011-10-26,14.9411,17.3147,,17.6286,,9.6354,,,,,,13.7757,15.1308,15.2625,20.3107,18.5667
2011-10-25,14.9085,17.1779,,17.4681,,9.5356,,,,,,13.7751,15.1660,15.1032,20.0128,18.3392
2011-10-24,14.9604,17.3960,,17.7241,,9.6937,,,,,,13.7745,15.0880,15.4119,20.5476,18.5524
2011-10-21,14.9110,17.1951,,17.4869,,9.5478,,,,,,13.7726,15.1018,15.2161,19.9420,18.2760
2011-10-20,14.8523,16.9631,,17.2166,,9.3817,,,,,,13.7720,15.1091,14.9347,19.5060,17.9144
2011-10-19,14.8431,16.9304,,17.1789,,9.3589,,,,,,13.7714,15.1152,14.8667,19.4405,17.9250
2011-10-18,14.8841,17.0982,,17.3751,,9.4798,,,,,,13.7708,15.1048,15.0549,19.7952,18.1982
2011-10-17,14.8278,16.8780,,17.1174,,9.3224,,,,,,13.7702,15.1038,14.7533,19.2894,17.9857
2011-10-14,14.8878,17.1313,,17.4144,,9.5058,,,,,,13.7683,15.0583,15.0443,19.8538,18.3845
2011-10-13,14.8410,16.9466,,17.1992,,9.3738,,,,,,13.7677,15.0862,14.7873,19.4865,18.1691
2011-10-12,14.8426,16.9580,,17.2120,,9.3823,,,,,,13.7671,15.0408,14.8299,19.4797,18.1657
2011-10-11,14.8053,16.8074,,17.0370,,9.2740,,,,,,13.7665,15.0662,14.6840,19.2091,17.8437
2011-10-07,14.7009,16.4060,,16.5712,,8.9889,,,,,,13.7640,15.0854,14.1921,18.4473,17.2557
2011-10-06,14.7302,16.5193,,16.7046,,9.0693,,,,,,13.7634,15.1258,14.3079,18.8172,17.3497
2011-10-05,14.6662,16.2666,,16.4118,,8.8893,,,,,,13.7628,15.1598,14.0493,18.3490,16.8677
2011-10-04,14.6162,16.0747,,16.1906,,8.7542,,,,,,13.7622,15.2192,13.7955,18.0049,16.6123
2011-10-03,14.5494,15.8088,,15.8787,,8.5643,,,,,,13.7616,15.2602,13.4902,17.1969,16.3709
2011-09-30,14.6341,16.1640,,16.2946,,8.8202,,,,,,13.7594,15.1799,13.8852,18.0889,16.8677
2011-09-29,14.7135,16.4781,,16.6583,,9.0436,,,,,,13.7587,15.1611,14.2409,18.5973,17.4393
2011-09-28,14.6773,16.3369,,16.4948,,8.9426,,,,,,13.7580,15.1347,14.1257,18.4284,17.0617
2011-09-27,14.7396,16.5864,,16.7866,,9.1206,,,,,,13.7573,15.1212,14.4202,19.0935,17.3280
2011-09-26,14.6946,16.3983,,16.5680,,8.9846,,,,,,13.7566,15.1780,14.2678,18.7457,16.8697
2011-09-23,14.6346,16.1734,,16.3097,,8.8269,,,,,,13.7545,15.2385,13.9422,18.4002,16.5938
2011-09-22,14.6151,16.0852,,16.2066,,8.7620,,,,,,13.7538,15.3158,13.8562,18.1924,16.4106
2011-09-21,14.7046,16.4504,,16.6316,,9.0243,,,,,,13.7531,15.2432,14.3119,18.8751,16.9752
2011-09-20,14.7884,16.7893,,17.0264,,9.2672,,,,,,13.7524,15.1937,14.7453,19.5334,17.4556
2011-09-19,14.7939,16.8156,,17.0598,,9.2866,,,,,,13.7517,15.2047,14.7694,19.8205,17.3639
2011-09-16,14.8300,16.9820,,17.2545,,9.4093,,,,,,13.7496,15.1352,14.9157,20.0947,17.8024
2011-09-15,14.8200,16.9519,,17.2208,,9.3896,,,,,,13.7489,15.1277,14.8307,20.0766,17.8429
2011-09-14,14.7661,16.7398,,16.9758,,9.2383,,,,,,13.7482,15.1577,14.5773,19.8127,17.4224
2011-09-13,14.7251,16.5823,,16.7926,,9.1266,,,,,,13.7475,15.1566,14.3833,19.4741,17.2243
2011-09-12,14.6953,16.4608,,16.6505,,9.0392,,,,,,13.7468,15.1894,14.2487,19.1575,17.0580
2011-09-09,14.6877,16.4419,,16.6289,,9.0273,,,,,,13.7446,15.2125,14.1497,19.0417,17.2384
2011-09-08,14.7671,16.7643,,17.0043,,9.2592,,,,,,13.7439,15.1765,14.5371,19.5898,17.7996
2011-09-07,14.8044,16.9190,,17.1848,,9.3707,,,,,,13.7432,15.1593,14.6927,19.8968,18.1001
2011-09-06,14.7159,16.5645,,16.7711,,9.1164,,,,,,13.7425,15.1892,14.2801,19.1468,17.5640
2011-09-02,14.7562,16.7453,,16.9813,,9.2493,,,,,,13.7397,15.1866,14.3862,19.2487,18.2677
2011-09-01,14.8323,17.0657,,17.3563,,9.4823,,,,,,13.7390,15.1197,14.7589,19.8776,18.8323
2011-08-31,14.8592,17.1816,,17.4933,,9.5664,,,,,,13.7381,15.0695,14.9352,20.2633,18.8568
2011-08-30,14.8341,17.0769,,17.3725,,9.4899,,,,,,13.7373,15.0871,14.8594,20.2335,18.4636
2011-08-29,14.8262,17.0587,,17.3510,,9.4789,,,,,,13.7364,15.0235,14.8220,20.1343,18.5465
2011-08-26,14.7421,16.7304,,16.9676,,9.2445,,,,,,13.7339,15.0603,14.4128,19.3173,18.1965
2011-08-25,14.6952,16.5497,,16.7558,,9.1158,,,,,,13.7330,15.0318,14.1959,18.8273,18.0298
2011-08-24,14.7430,16.7464,,16.9858,,9.2574,,,,,,13.7322,15.0070,14.4194,19.2735,18.3246
2011-08-23,14.7156,16.6382,,16.8603,,9.1805,,,,,,13.7313,15.0818,14.2311,19.0126,18.3032
2011-08-22,14.6212,16.2725,,16.4359,,8.9213,,,,,,13.7305,15.1290,13.7598,18.2408,17.8728
2011-08-19,14.6128,16.2412,,16.4004,,8.8984,,,,,,13.7279,15.1467,13.7564,18.2647,17.6862
2011-08-18,14.6580,16.4238,,16.6135,,9.0297,,,,,,13.7271,15.1564,13.9663,18.5868,18.0089
2011-08-17,14.7956,16.9829,,17.2669,,9.4327,,,,,,13.7262,15.1270,14.6160,19.6906,18.9312
2011-08-16,14.7884,16.9608,,17.2424,,9.4177,,,,,,13.7254,15.0996,14.5986,19.7618,18.8168
2011-08-15,14.8168,17.0840,,17.3874,,9.5075,,,,,,13.7245,15.0602,14.7388,20.0883,18.9883
2011-08-12,14.7465,16.8064,,17.0639,,9.3080,,,,,,13.7220,15.0930,14.4241,19.5344,18.5196
2011-08-11,14.7234,16.7260,,16.9714,,9.2521,,,,,,13.7211,15.0357,14.3480,19.4416,18.3453
2011-08-10,14.5970,16.2137,,16.3746,,8.8834,,,,,,13.7203,15.1456,13.7119,18.4733,17.5403
2011-08-09,14.7401,16.7762,,17.0239,,9.2832,,,,,,13.7194,15.1001,14.3390,19.2349,18.6996
2011-08-08,14.5840,16.1540,,16.2969,,8.8356,,,,,,13.7186,15.0254,13.6893,18.0443,17.5362
2011-08-05,14.7834,16.9718,,17.2535,,9.4259,,,,,,13.7160,14.9590,14.6650,19.7337,18.8005
2011-08-04,14.7924,17.0056,,17.2966,,9.4501,,,,,,13.7152,15.0408,14.6734,20.0784,18.7084
2011-08-03,14.9484,17.6678,,18.0751,,9.9350,,,,,,13.7143,14.9722,15.4088,21.3954,19.9659
2011-08-02,14.9342,17.6145,,18.0124,,9.8969,,,,,,13.7135,14.9632,15.3264,21.2542,19.9491
2011-08-01,15.0104,17.9471,,18.4049,,10.1426,,,,,,13.7126,14.8936,15.7285,21.9485,20.5275
2011-07-29,15.0240,18.0156,,18.4857,,10.1944,,,,,,13.7117,14.8538,15.7940,22.0547,20.7281
2011-07-28,15.0308,18.0619,,18.5401,,10.2300,,,,,,13.7087,14.7662,15.8966,22.1033,20.7832
2011-07-27,15.0341,18.0802,,18.5620,,10.2437,,,,,,13.7077,14.7431,15.9465,22.1756,20.7426
2011-07-26,15.1005,18.3639,,18.8981,,10.4528,,,,,,13.7067,14.7648,16.2763,22.8080,21.2103
2011-07-25,15.1021,18.3743,,18.9112,,10.4604,,,,,,13.7057,14.7325,16.3436,22.9505,21.0464
2011-07-22,15.1210,18.4627,,19.0171,,10.5261,,,,,,13.7027,14.7569,16.4362,23.1914,21.1832
2011-07-21,15.1096,18.4192,,18.9657,,10.4942,,,,,,13.7018,14.7235,16.4212,23.1259,21.0305
2011-07-20,15.0684,18.2460,,18.7630,,10.3670,,,,,,13.7008,14.7532,16.2002,22.8980,20.6743
2011-07-19,15.0603,18.2070,,18.7177,,10.3368,,,,,,13.6998,14.7725,16.2087,22.9324,20.4040
2011-07-18,15.0105,18.0046,,18.4788,,10.1892,,,,,,13.6988,14.7549,15.9486,22.4695,20.1436
2011-07-15,15.0426,18.1536,,18.6559,,10.3002,,,,,,13.6958,14.7649,16.0791,22.8005,20.4887
2011-07-14,15.0303,18.1095,,18.6035,,10.2690,,,,,,13.6948,14.7557,15.9902,22.6193,20.5607
2011-07-13,15.0553,18.2165,,18.7312,,10.3478,,,,,,13.6939,14.7840,16.0979,22.9297,20.7176
2011-07-12,15.0323,18.1180,,18.6149,,10.2744,,,,,,13.6929,14.7666,16.0467,22.7836,20.3748
2011-07-11,15.0470,18.1855,,18.6946,,10.3247,,,,,,13.6919,14.7611,16.1183,22.8811,20.5437
2011-07-08,15.1032,18.4454,,19.0032,,10.5192,,,,,,13.6889,14.7184,16.4148,23.4219,21.0595
2011-07-07,15.1176,18.5212,,19.0926,,10.5771,,,,,,13.6879,14.6326,16.5298,23.5565,21.2016
2011-07-06,15.0905,18.4063,,18.9567,,10.4923,,,,,,13.6869,14.6662,16.3580,23.2604,21.1018
2011-07-05,15.0895,18.4104,,18.9611,,10.4966,,,,,,13.6860,14.6474,16.3356,23.1706,21.2481
2011-07-01,15.0881,18.4233,,18.9765,,10.5078,,,,,,13.6820,14.6042,16.3567,23.1295,21.3337
2011-06-30,15.0450,18.2437,,18.7651,,10.3762,,,,,,13.6810,14.6210,16.1223,22.7687,21.0651
2011-06-29,15.0105,18.0990,,18.5956,,10.2699,,,,,,13.6801,14.6348,15.9610,22.5774,20.7255
2011-06-28,14.9785,17.9637,,18.4375,,10.1703,,,,,,13.6792,14.6520,15.8279,22.4345,20.3448
2011-06-27,14.9433,17.8134,,18.2608,,10.0598,,,,,,13.6782,14.7120,15.6221,22.0929,20.1498
2011-06-24,14.9236,17.7394,,18.1749,,10.0067,,,,,,13.6754,14.7527,15.4798,21.9424,20.1340
2011-06-23,14.9502,17.8483,,18.3022,,10.0851,,,,,,13.6745,14.7455,15.6634,22.1280,20.2180
2011-06-22,14.9599,17.8988,,18.3609,,10.1236,,,,,,13.6735,14.7052,15.7077,22.0938,20.4525
2011-06-21,14.9760,17.9676,,18.4416,,10.1737,,,,,,13.6726,14.6964,15.8093,22.2138,20.5398
2011-06-20,14.9290,17.7706,,18.2092,,10.0293,,,,,,13.6716,14.7010,15.5985,21.7532,20.1978
2011-06-17,14.9175,17.7347,,18.1672,,10.0045,,,,,,13.6688,14.7052,15.5146,21.5994,20.2891
2011-06-16,14.9048,17.6814,,18.1054,,9.9651,,,,,,13.6679,14.7199,15.4675,21.5797,20.0993
2011-06-15,14.9031,17.6838,,18.1088,,9.9684,,,,,,13.6669,14.7053,15.4377,21.5903,20.1873
2011-06-14,14.9587,17.9303,,18.3981,,10.1507,,,,,,13.6660,14.6382,15.7114,21.9503,20.7755
2011-06-13,14.9205,17.7632,,18.2009,,10.0271,,,,,,13.6651,14.6957,15.5148,21.5549,20.4980
2011-06-10,14.9180,17.7632,,18.2025,,10.0280,,,,,,13.6622,14.7055,15.4992,21.6357,20.4815
2011-06-09,14.9605,17.9457,,18.4173,,10.1619,,,,,,13.6613,14.6935,15.7187,21.9825,20.8050
2011-06-08,14.9447,17.8824,,18.3434,,10.1160,,,,,,13.6603,14.7225,15.6034,21.8624,20.7727
2011-06-07,14.9620,17.9684,,18.4461,,10.1813,,,,,,13.6594,14.6917,15.6659,22.0886,21.0000
2011-06-06,14.9582,17.9517,,18.4258,,10.1683,,,,,,13.6585,14.6869,15.6801,22.0237,20.9149
2011-06-03,14.9850,18.0720,,18.5691,,10.2567,,,,,,13.6556,14.6910,15.8501,22.3852,20.9861
2011-06-02,15.0050,18.1589,,18.6724,,10.3202,,,,,,13.6547,14.6714,16.0055,22.6893,20.9445
2011-06-01,15.0107,18.1790,,18.6960,,10.3340,,,,,,13.6538,14.7155,16.0240,22.6945,20.9895
2011-05-31,15.0718,18.4466,,19.0125,,10.5316,,,,,,13.6527,14.6649,16.3960,23.3175,21.3122
2011-05-27,15.0320,18.2931,,18.8326,,10.4198,,,,,,13.6483,14.6481,16.2240,23.0558,21.0095
2011-05-26,15.0098,18.1964,,18.7183,,10.3475,,,,,,13.6473,14.6532,16.1550,22.8922,20.7159
2011-05-25,14.9886,18.1132,,18.6196,,10.2870,,,,,,13.6462,14.6095,16.0872,22.6635,20.5683
2011-05-24,14.9760,18.0597,,18.5554,,10.2473,,,,,,13.6451,14.6127,16.0351,22.4413,20.5214
2011-05-23,14.9737,18.0529,,18.5481,,10.2422,,,,,,13.6440,14.6069,16.0483,22.4979,20.4216
2011-05-20,15.0165,18.2533,,18.7859,,10.3923,,,,,,13.6408,14.5967,16.2415,22.8727,20.9087
2011-05-19,15.0363,18.3403,,18.8883,,10.4563,,,,,,13.6397,14.5856,16.3677,23.0163,21.0372
2011-05-18,15.0278,18.3081,,18.8508,,10.4329,,,,,,13.6386,14.5835,16.3307,22.9752,20.9666
2011-05-17,14.9987,18.1798,,18.6984,,10.3373,,,,,,13.6376,14.6159,16.1852,22.6266,20.7656
2011-05-16,15.0073,18.2304,,18.7591,,10.3770,,,,,,13.6365,14.5954,16.1871,22.7246,21.0058
2011-05-13,15.0168,18.2846,,18.8250,,10.4179,,,,,,13.6332,14.5666,16.2872,22.9979,20.9399
2011-05-12,15.0419,18.4012,,18.9637,,10.5052,,,,,,13.6322,14.5434,16.4193,23.2790,21.1484
2011-05-11,15.0351,18.3765,,18.9345,,10.4877,,,,,,13.6311,14.5665,16.3373,23.1470,21.2665
2011-05-10,15.0644,18.5091,,19.0920,,10.5864,,,,,,13.6300,14.5412,16.5118,23.4688,21.4454
2011-05-09,15.0416,18.4099,,18.9741,,10.5126,,,,,,13.6290,14.5724,16.3793,23.1797,21.3440
2011-05-06,15.0251,18.3516,,18.9049,,10.4706,,,,,,13.6257,14.5584,16.3048,22.9552,21.3366
2011-05-05,15.0118,18.2993,,18.8434,,10.4325,,,,,,13.6246,14.5506,16.2414,22.8586,21.2475
2011-05-04,15.0401,18.4295,,18.9962,,10.5300,,,,,,13.6236,14.5175,16.3889,22.9398,21.6409
2011-05-03,15.0657,18.5509,,19.1407,,10.6217,,,,,,13.6225,14.5016,16.4991,23.1855,21.9545
2011-05-02,15.0801,18.6253,,19.2307,,10.6789,,,,,,13.6214,14.4830,16.5551,23.4527,22.1057
2011-04-29,15.0787,18.6267,,19.2341,,10.6802,,,,,,13.6192,14.4751,16.5841,23.6175,21.9484
2011-04-28,15.0675,18.5873,,19.1877,,10.6517,,,,,,13.6169,14.4597,16.5459,23.5252,21.8792
2011-04-27,15.0519,18.5301,,19.1207,,10.6106,,,,,,13.6158,14.4218,16.4861,23.4610,21.7507
2011-04-26,15.0277,18.4245,,18.9964,,10.5317,,,,,,13.6146,14.4436,16.3808,23.3091,21.4651
2011-04-25,15.0007,18.3204,,18.8738,,10.4565,,,,,,13.6135,14.4133,16.2351,23.0911,21.3580
2011-04-21,15.0006,18.3385,,18.8960,,10.4716,,,,,,13.6090,14.3848,16.2608,23.1123,21.4158
2011-04-20,14.9780,18.2433,,18.7837,,10.4010,,,,,,13.6079,14.3860,16.1755,22.9399,21.1752
2011-04-19,14.9261,18.0187,,18.5189,,10.2344,,,,,,13.6068,14.4061,15.9592,22.5392,20.6268
2011-04-18,14.9095,17.9559,,18.4456,,10.1893,,,,,,13.6056,14.3960,15.8678,22.4535,20.5384
2011-04-15,14.9465,18.1321,,18.6547,,10.3214,,,,,,13.6022,14.3685,16.0447,22.7904,20.9584
2011-04-14,14.9328,18.0867,,18.6006,,10.2899,,,,,,13.6011,14.3146,15.9817,22.6037,20.9972
2011-04-13,14.9339,18.0932,,18.6080,,10.2947,,,,,,13.6000,14.3255,15.9801,22.5570,21.0642
2011-04-12,14.9243,18.0554,,18.5632,,10.2667,,,,,,13.5989,14.3018,15.9754,22.4888,20.9142
2011-04-11,14.9491,18.1754,,18.7057,,10.3573,,,,,,13.5977,14.2566,16.1005,22.7519,21.1847
2011-04-08,14.9540,18.2089,,18.7468,,10.3829,,,,,,13.5944,14.2506,16.1454,22.9192,21.1794
2011-04-07,14.9539,18.2051,,18.7435,,10.3787,,,,,,13.5932,14.2547,16.2102,23.0965,20.8960
2011-04-06,14.9600,18.2382,,18.7835,,10.4040,,,,,,13.5921,14.2503,16.2342,23.2156,20.9624
2011-04-05,14.9513,18.2011,,18.7404,,10.3761,,,,,,13.5910,14.2756,16.1923,23.2133,20.8324
2011-04-04,14.9541,18.2104,,18.7507,,10.3823,,,,,,13.5899,14.3087,16.1952,23.1292,20.9137
2011-04-01,14.9484,18.1989,,18.7375,,10.3747,,,,,,13.5865,14.2922,16.1875,23.0797,20.9117
2011-03-31,14.9283,18.1143,,18.6379,,10.3122,,,,,,13.5854,14.2928,16.1072,22.9421,20.6994
2011-03-30,14.9289,18.1175,,18.6408,,10.3140,,,,,,13.5842,14.2882,16.1368,22.8694,20.6997
2011-03-29,14.9008,18.0020,,18.5043,,10.2294,,,,,,13.5831,14.2620,16.0280,22.5988,20.4783
2011-03-28,14.8859,17.9426,,18.4342,,10.1864,,,,,,13.5820,14.2869,15.9121,22.3923,20.5225
2011-03-25,14.8877,17.9584,,18.4537,,10.1981,,,,,,13.5786,14.2868,15.9561,22.4782,20.4623
2011-03-24,14.8838,17.9438,,18.4359,,10.1876,,,,,,13.5775,14.3114,15.9058,22.3134,20.5877
2011-03-23,14.8557,17.8262,,18.2980,,10.1013,,,,,,13.5764,14.3321,15.7587,22.1088,20.3747
2011-03-22,14.8506,17.8110,,18.2807,,10.0911,,,,,,13.5752,14.3352,15.7127,22.0721,20.4182
2011-03-21,14.8588,17.8462,,18.3224,,10.1163,,,,,,13.5741,14.3464,15.7668,22.1889,20.4141
2011-03-18,14.8025,17.6128,,18.0485,,9.9449,,,,,,13.5707,14.3715,15.5338,21.7569,19.8936
2011-03-17,14.7850,17.5402,,17.9631,,9.8917,,,,,,13.5696,14.3769,15.4672,21.5922,19.7416
2011-03-16,14.7389,17.3469,,17.7381,,9.7498,,,,,,13.5685,14.4030,15.2625,21.4680,19.1866
2011-03-15,14.7876,17.5560,,17.9823,,9.9029,,,,,,13.5674,14.3491,15.5653,21.7168,19.5573
2011-03-14,14.8297,17.7405,,18.1986,,10.0392,,,,,,13.5663,14.3493,15.7415,21.8951,20.0963
2011-03-11,14.8507,17.8482,,18.3259,,10.1206,,,,,,13.5629,14.3169,15.8370,22.0229,20.4390
2011-03-10,14.8381,17.8048,,18.2755,,10.0906,,,,,,13.5618,14.3191,15.7207,21.8967,20.5419
2011-03-09,14.8925,18.0467,,18.5611,,10.2699,,,,,,13.5607,14.2746,16.0228,22.3910,20.9524
2011-03-08,14.8922,18.0566,,18.5735,,10.2786,,,,,,13.5595,14.2300,16.0424,22.4684,20.9426
2011-03-07,14.8714,17.9701,,18.4713,,10.2154,,,,,,13.5584,14.2569,15.8977,22.2008,20.9377
2011-03-04,14.8966,18.0918,,18.6163,,10.3062,,,,,,13.5550,14.2553,16.0309,22.4983,21.1507
2011-03-03,14.9110,18.1621,,18.6990,,10.3589,,,,,,13.5539,14.1975,16.1499,22.6283,21.2333
2011-03-02,14.8666,17.9709,,18.4737,,10.2180,,,,,,13.5528,14.2601,15.8759,22.1754,21.0241
2011-03-01,14.8613,17.9454,,18.4432,,10.1982,,,,,,13.5517,14.2917,15.8476,22.0695,20.9925
2011-02-28,14.9028,18.1229,,18.6527,,10.3282,,,,,,13.5506,14.2843,16.1012,22.4789,21.1726
2011-02-25,14.8802,18.0414,,18.5583,,10.2697,,,,,,13.5474,14.2625,16.0113,22.4318,20.9592
2011-02-24,14.8425,17.8833,,18.3706,,10.1535,,,,,,13.5463,14.2492,15.8399,21.9642,20.7575
2011-02-23,14.8429,17.8912,,18.3795,,10.1602,,,,,,13.5453,14.2239,15.8520,21.9061,20.8306
2011-02-22,14.8579,17.9582,,18.4602,,10.2093,,,,,,13.5442,14.2321,15.9488,22.2208,20.7886
2011-02-18,14.9156,18.2322,,18.7852,,10.4145,,,,,,13.5399,14.1644,16.2828,22.8139,21.2762
2011-02-17,14.9096,18.2098,,18.7596,,10.3982,,,,,,13.5388,14.1717,16.2513,22.8194,21.2132
2011-02-16,14.8964,18.1618,,18.7028,,10.3639,,,,,,13.5378,14.1364,16.2001,22.6947,21.1577
2011-02-15,14.8732,18.0633,,18.5866,,10.2910,,,,,,13.5367,14.1412,16.0967,22.4970,20.9520
2011-02-14,14.8780,18.0874,,18.6158,,10.3089,,,,,,13.5357,14.1315,16.1468,22.6369,20.8936
2011-02-11,14.8650,18.0459,,18.5671,,10.2795,,,,,,13.5324,14.1048,16.1053,22.5195,20.8469
2011-02-10,14.8478,17.9827,,18.4921,,10.2347,,,,,,13.5314,14.0661,16.0148,22.2882,20.8683
2011-02-09,14.8525,18.0014,,18.5136,,10.2482,,,,,,13.5303,14.1078,16.0015,22.1899,21.0498
2011-02-08,14.8581,18.0364,,18.5553,,10.2755,,,,,,13.5293,14.0650,16.0443,22.2862,21.1193
2011-02-07,14.8437,17.9695,,18.4766,,10.2248,,,,,,13.5282,14.1143,15.9725,22.1691,20.9454
2011-02-04,14.8210,17.8842,,18.3765,,10.1631,,,,,,13.5250,14.1030,15.8732,21.9685,20.8259
2011-02-03,14.8170,17.8637,,18.3525,,10.1471,,,,,,13.5239,14.1578,15.8274,21.9113,20.8196
2011-02-02,14.8181,17.8716,,18.3618,,10.1535,,,,,,13.5229,14.1871,15.7880,21.8436,20.9882
2011-02-01,14.8237,17.8918,,18.3856,,10.1672,,,,,,13.5218,14.2157,15.8282,21.8999,20.9579
2011-01-31,14.7700,17.6640,,18.1183,,10.0000,,,,,,13.5208,14.2478,15.5685,21.5058,20.4912
2011-01-28,14.7468,17.5736,,18.0126,,,,,,,,13.5175,14.2706,15.4501,21.3376,20.3449
2011-01-27,14.7991,17.8017,,18.2815,,,,,,,,13.5165,14.2447,15.7305,21.8058,20.7227
2011-01-26,14.7883,17.7634,,18.2365,,,,,,,,13.5154,14.2136,15.6946,21.7161,20.6648
2011-01-25,14.7733,17.6893,,18.1478,,,,,,,,13.5144,14.2701,15.6280,21.4307,20.5466
2011-01-24,14.7698,17.6859,,18.1440,,,,,,,,13.5133,14.2230,15.6236,21.4159,20.5775
2011-01-21,14.7455,17.5931,,18.0351,,,,,,,,13.5101,14.2144,15.5328,21.2238,20.3903
2011-01-20,14.7332,17.5496,,17.9856,,,,,,,,13.5090,14.1885,15.4951,21.3022,20.1915
2011-01-19,14.7572,17.6560,,18.1124,,,,,,,,13.5079,14.2550,15.5152,21.5076,20.5910
2011-01-18,14.7820,17.7677,,18.2460,,,,,,,,13.5069,14.2353,15.6718,21.9719,20.5836
2011-01-14,14.7683,17.7171,,18.1869,,,,,,,,13.5026,14.2492,15.6498,21.9000,20.3872
2011-01-13,14.7536,17.6613,,18.1217,,,,,,,,13.5015,14.2636,15.5347,21.7455,20.4275
2011-01-12,14.7486,17.6450,,18.1027,,,,,,,,13.5005,14.2281,15.5612,21.7675,20.2821
2011-01-11,14.7102,17.4831,,17.9135,,,,,,,,13.4994,14.2313,15.4207,21.6026,19.7922
2011-01-10,14.6980,17.4326,,17.8543,,,,,,,,13.4983,14.2465,15.3635,21.5110,19.6877
2011-01-07,14.7008,17.4557,,17.8809,,,,,,,,13.4951,14.2330,15.3847,21.4196,19.8429
2011-01-06,14.7025,17.4755,,17.9046,,,,,,,,13.4940,14.1755,15.4131,21.4731,19.8921
2011-01-05,14.7070,17.5044,,17.9389,,,,,,,,13.4930,14.1409,15.4400,21.5228,19.9859
2011-01-04,14.7037,17.4852,,17.9158,,,,,,,,13.4919,14.2201,15.3611,21.3366,20.1347
2011-01-03,14.7058,17.4999,,17.9350,,,,,,,,13.4909,14.2178,15.3810,21.5623,20.0281
2010-12-31,14.6771,17.3903,,17.8066,,,,,,,,13.4882,14.2295,15.2084,21.2445,20.0089
2010-12-30,14.6719,17.3794,,17.7950,,,,,,,,13.4873,14.1818,15.2115,21.3462,19.9030
2010-12-29,14.6765,17.3983,,17.8169,,,,,,,,13.4864,14.1950,15.2340,21.3408,19.9552
2010-12-28,14.6632,17.3579,,17.7696,,,,,,,,13.4856,14.0996,15.2159,21.2690,19.8714
2010-12-27,14.6644,17.3558,,17.7676,,,,,,,,13.4847,14.1717,15.2040,21.3167,19.8144
2010-12-23,14.6594,17.3496,,17.7609,,,,,,,,13.4811,14.1478,15.1948,21.2683,19.8522
2010-12-22,14.6633,17.3634,,17.7772,,,,,,,,13.4802,14.1742,15.2186,21.3110,19.8334
2010-12-21,14.6559,17.3368,,17.7465,,,,,,,,13.4794,14.1831,15.1652,21.2715,19.8280
2010-12-20,14.6305,17.2334,,17.6251,,,,,,,,13.4785,14.1662,15.0720,21.0722,19.5977
2010-12-17,14.6215,17.2031,,17.5900,,,,,,,,13.4758,14.1748,15.0334,21.0033,19.5591
2010-12-16,14.6191,17.2136,,17.6024,,,,,,,,13.4749,14.0777,15.0208,20.9260,19.7592
2010-12-15,14.5964,17.1227,,17.4955,,,,,,,,13.4741,14.0591,14.9281,20.7176,19.6050
2010-12-14,14.6211,17.2264,,17.6172,,,,,,,,13.4732,14.0952,15.0046,20.8293,19.9283
2010-12-13,14.6222,17.2198,,17.6096,,,,,,,,13.4723,14.1857,14.9908,20.8493,19.8581
2010-12-10,14.6095,17.1754,,17.5588,,,,,,,,13.4696,14.1631,14.9877,20.9252,19.5790
2010-12-09,14.5943,17.1112,,17.4833,,,,,,,,13.4688,14.1922,14.8981,20.7281,19.5373
2010-12-08,14.5852,17.0808,,17.4480,,,,,,,,13.4679,14.1805,14.8399,20.6455,19.5633
2010-12-07,14.5778,17.0509,,17.4142,,,,,,,,13.4670,14.2190,14.7814,20.6737,19.4919
2010-12-06,14.5806,17.0457,,17.4077,,,,,,,,13.4661,14.3380,14.7736,20.6369,19.4370
2010-12-03,14.5787,17.0522,,17.4152,,,,,,,,13.4635,14.2842,14.7922,20.5737,19.5075
2010-12-02,14.5640,16.9923,,17.3447,,,,,,,,13.4626,14.2726,14.7533,20.4256,19.3647
2010-12-01,14.5223,16.8244,,17.1496,,,,,,,,13.4617,14.2880,14.5662,20.1925,19.0064
2010-11-30,14.4614,16.5678,,16.8510,,,,,,,,13.4609,14.3811,14.2560,19.7851,18.5064
2010-11-29,14.4786,16.6402,,16.9356,,,,,,,,13.4601,14.3754,14.3423,19.9135,18.6328
2010-11-26,14.4890,16.6984,,17.0042,,,,,,,,13.4578,14.3549,14.3578,19.9449,18.9231
2010-11-24,14.5097,16.7901,,17.1108,,,,,,,,13.4562,14.3302,14.4627,20.0443,19.1451
2010-11-23,14.4720,16.6261,,16.9187,,,,,,,,13.4554,14.4144,14.2492,19.6295,18.9478
2010-11-22,14.5202,16.8309,,17.1573,,,,,,,,13.4546,14.3928,14.4554,19.8564,19.4973
2010-11-19,14.5206,16.8429,,17.1707,,,,,,,,13.4523,14.3550,14.4773,19.7668,19.6018
2010-11-18,14.5131,16.8171,,17.1404,,,,,,,,13.4515,14.3427,14.4400,19.6568,19.6275
2010-11-17,14.4672,16.6327,,16.9259,,,,,,,,13.4507,14.3528,14.2214,19.3426,19.3041
2010-11-16,14.4577,16.5915,,16.8772,,,,,,,,13.4499,14.3502,14.2158,19.2604,19.1364
2010-11-15,14.5098,16.8147,,17.1382,,,,,,,,13.4492,14.3203,14.4461,19.6249,19.6441
2010-11-12,14.5143,16.8283,,17.1539,,,,,,,,13.4468,14.3911,14.4627,19.6089,19.6567
2010-11-10,14.5629,17.0233,,17.3820,,,,,,,,13.4452,14.4473,14.6970,19.9802,19.9389
2010-11-09,14.5473,16.9609,,17.3085,,,,,,,,13.4444,14.4381,14.6303,19.7860,19.8775
2010-11-08,14.5747,17.0691,,17.4355,,,,,,,,13.4437,14.4957,14.7442,20.0228,20.0377
2010-11-05,14.5795,17.0938,,17.4643,,,,,,,,13.4413,14.5055,14.7735,20.0093,20.1195
2010-11-04,14.5774,17.0871,,17.4567,,,,,,,,13.4405,14.5403,14.7150,19.9166,20.2713
2010-11-03,14.5119,16.8299,,17.1568,,,,,,,,13.4397,14.4822,14.4344,19.4943,19.7832
2010-11-02,14.4994,16.7801,,17.0991,,,,,,,,13.4390,14.4933,14.3789,19.4441,19.6584
2010-11-01,14.4700,16.6636,,16.9626,,,,,,,,13.4382,14.4650,14.2682,19.1720,19.4579
2010-10-29,14.4681,16.6603,,16.9593,,,,,,,,13.4374,14.4629,14.2545,19.2097,19.4476
2010-10-28,14.4633,16.6495,,16.9465,,,,,,,,13.4350,14.4328,14.2607,19.1252,19.4503
2010-10-27,14.4517,16.6071,,16.8977,,,,,,,,13.4343,14.4056,14.2435,19.1672,19.2309
2010-10-26,14.4671,16.6707,,16.9718,,,,,,,,13.4335,14.4348,14.2801,19.1931,19.4818
2010-10-25,14.4765,16.7097,,17.0175,,,,,,,,13.4327,14.4726,14.2799,19.1953,19.6895
2010-10-22,14.4621,16.6551,,16.9536,,,,,,,,13.4303,14.4669,14.2492,19.0850,19.5301
2010-10-21,14.4541,16.6219,,16.9143,,,,,,,,13.4296,14.4741,14.2152,18.9476,19.5144
2010-10-20,14.4547,16.6281,,16.9224,,,,,,,,13.4288,14.4959,14.1894,19.0000,19.5659
2010-10-19,14.4183,16.4819,,16.7519,,,,,,,,13.4280,14.4869,14.0396,18.7606,19.2518
2010-10-18,14.4667,16.6846,,16.9887,,,,,,,,13.4272,14.4689,14.2658,19.1336,19.6309
2010-10-15,14.4465,16.6199,,16.9142,,,,,,,,13.4249,14.4242,14.1634,19.0143,19.6196
2010-10-14,14.4490,16.6307,,16.9273,,,,,,,,13.4241,14.4646,14.1349,19.0053,19.7384
2010-10-13,14.4500,16.6257,,16.9212,,,,,,,,13.4233,14.5005,14.1863,19.0745,19.5132
2010-10-12,14.4249,16.5253,,16.8039,,,,,,,,13.4225,14.4941,14.0844,18.8618,19.3334
2010-10-08,14.4149,16.4951,,16.7692,,,,,,,,13.4194,14.5038,14.0288,18.7604,19.3672
2010-10-07,14.3991,16.4355,,16.6993,,,,,,,,13.4186,14.4943,13.9436,18.5518,19.3860
2010-10-06,14.3978,16.4309,,16.6939,,,,,,,,13.4178,14.4846,13.9664,18.5665,19.2995
2010-10-05,14.3891,16.4036,,16.6635,,,,,,,,13.4170,14.4413,13.9686,18.6876,19.0744
2010-10-04,14.3285,16.1659,,16.3874,,,,,,,,13.4163,14.4363,13.6836,18.2551,18.7056
2010-10-01,14.3491,16.2590,,16.4963,,,,,,,,13.4139,14.4118,13.7933,18.4578,18.8485
2010-09-30,14.3360,16.2100,,16.4397,,,,,,,,13.4131,14.4110,13.7324,18.3867,18.7672
2010-09-29,14.3452,16.2487,,16.4845,,,,,,,,13.4124,14.4085,13.7748,18.3973,18.8825
2010-09-28,14.3485,16.2571,,16.4935,,,,,,,,13.4116,14.4299,13.8088,18.3641,18.8607
2010-09-27,14.3321,16.1966,,16.4229,,,,,,,,13.4108,14.4045,13.7399,18.2029,18.8104
2010-09-24,14.3371,16.2256,,16.4564,,,,,,,,13.4085,14.3530,13.8180,18.2577,18.7782
2010-09-23,14.2752,15.9767,,16.1672,,,,,,,,13.4077,14.3807,13.5313,17.7583,18.3908
2010-09-22,14.3014,16.0826,,16.2900,,,,,,,,13.4069,14.3873,13.6449,17.9063,18.6151
2010-09-21,14.3112,16.1251,,16.3399,,,,,,,,13.4061,14.3757,13.7093,18.0724,18.5915
2010-09-20,14.3102,16.1301,,16.3464,,,,,,,,13.4054,14.3188,13.7443,18.1802,18.4900
2010-09-17,14.2635,15.9548,,16.1433,,,,,,,,13.4030,14.2981,13.5380,17.8081,18.2698
2010-09-16,14.2615,15.9492,,16.1366,,,,,,,,13.4022,14.2955,13.5270,17.7473,18.3108
2010-09-15,14.2668,15.9731,,16.1651,,,,,,,,13.4015,14.3163,13.5297,17.8179,18.3812
2010-09-14,14.2608,15.9497,,16.1381,,,,,,,,13.4007,14.3423,13.4816,17.7446,18.4036
2010-09-13,14.2550,15.9320,,16.1179,,,,,,,,13.3999,14.3055,13.4912,17.7749,18.2785
2010-09-10,14.2109,15.7664,,15.9258,,,,,,,,13.3976,14.2643,13.3381,17.4313,17.9797
2010-09-09,14.2022,15.7369,,15.8923,,,,,,,,13.3968,14.2769,13.2732,17.3817,17.9996
2010-09-08,14.1890,15.6800,,15.8271,,,,,,,,13.3960,14.3345,13.2095,17.3580,17.8191
2010-09-07,14.1731,15.6197,,15.7577,,,,,,,,13.3953,14.3495,13.1220,17.2356,17.7696
2010-09-03,14.2009,15.7436,,15.9020,,,,,,,,13.3921,14.3039,13.2734,17.5383,17.9153
2010-09-02,14.1620,15.5916,,15.7266,,,,,,,,13.3914,14.3285,13.0999,17.2807,17.6502
2010-09-01,14.1377,15.4998,,15.6209,,,,,,,,13.3906,14.3427,12.9813,17.0645,17.5741
2010-08-31,14.0550,15.1821,,15.2555,,,,,,,,13.3897,14.3865,12.6074,16.4952,17.0906
2010-08-30,14.0486,15.1620,,15.2323,,,,,,,,13.3888,14.3591,12.6019,16.4809,17.0166
2010-08-27,14.0807,15.2964,,15.3878,,,,,,,,13.3860,14.3081,12.7877,16.8039,17.1147
2010-08-26,14.0385,15.1277,,15.1930,,,,,,,,13.3851,14.3837,12.5757,16.4009,16.9363
2010-08-25,14.0498,15.1721,,15.2439,,,,,,,,13.3841,14.3588,12.6728,16.5291,16.8707
2010-08-24,14.0419,15.1409,,15.2073,,,,,,,,13.3832,14.3729,12.6298,16.3545,16.9203
2010-08-23,14.0810,15.2987,,15.3890,,,,,,,,13.3823,14.3342,12.8155,16.5985,17.2035
2010-08-20,14.0871,15.3315,,15.4280,,,,,,,,13.3795,14.3235,12.8673,16.7755,17.1438
2010-08-19,14.1038,15.3977,,15.5043,,,,,,,,13.3786,14.3463,12.9144,16.7893,17.3842
2010-08-18,14.1475,15.5737,,15.7078,,,,,,,,13.3777,14.3115,13.1364,17.1411,17.6093
2010-08-17,14.1430,15.5586,,15.6904,,,,,,,,13.3767,14.3128,13.1154,17.0870,17.6148
2010-08-16,14.1095,15.4278,,15.5393,,,,,,,,13.3758,14.3435,12.9538,16.8003,17.4608
2010-08-13,14.0978,15.3937,,15.4998,,,,,,,,13.3730,14.2876,12.9515,16.7229,17.3632
2010-08-12,14.1065,15.4341,,15.5471,,,,,,,,13.3721,14.2628,13.0033,16.8500,17.3890
2010-08-11,14.1180,15.4758,,15.5951,,,,,,,,13.3712,14.2861,13.0718,16.9217,17.3979
2010-08-10,14.2074,15.8432,,16.0219,,,,,,,,13.3703,14.2558,13.4444,17.5446,18.1712
2010-08-09,14.2285,15.9366,,16.1318,,,,,,,,13.3693,14.2426,13.5247,17.8299,18.3141
2010-08-06,14.2096,15.8679,,16.0521,,,,,,,,13.3666,14.2451,13.4507,17.6548,18.2289
2010-08-05,14.2121,15.8821,,16.0686,,,,,,,,13.3656,14.2112,13.4992,17.7183,18.1674
2010-08-04,14.2137,15.8951,,16.0847,,,,,,,,13.3647,14.1955,13.5157,17.8427,18.1215
2010-08-03,14.2045,15.8622,,16.0463,,,,,,,,13.3638,14.2153,13.4299,17.6529,18.2672
2010-08-02,14.2090,15.8849,,16.0731,,,,,,,,13.3629,14.1797,13.4944,17.8051,18.1526
2010-07-30,14.1434,15.6316,,15.7814,,,,,,,,13.3609,14.2053,13.2035,17.4727,17.6449
2010-07-29,14.1430,15.6435,,15.7954,,,,,,,,13.3590,14.1591,13.2027,17.4288,17.7730
2010-07-28,14.1483,15.6645,,15.8195,,,,,,,,13.3580,14.1524,13.2557,17.4770,17.7361
2010-07-27,14.1595,15.7135,,15.8769,,,,,,,,13.3571,14.1261,13.3474,17.7127,17.6444
2010-07-26,14.1654,15.7406,,15.9094,,,,,,,,13.3561,14.1386,13.3612,17.8362,17.6722
2010-07-23,14.1294,15.6084,,15.7562,,,,,,,,13.3532,14.1292,13.2133,17.4998,17.5305
2010-07-22,14.0977,15.4801,,15.6073,,,,,,,,13.3522,14.1500,13.1053,17.1905,17.2858
2010-07-21,14.0287,15.2111,,15.2965,,,,,,,,13.3512,14.1618,12.8164,16.6696,16.8371
2010-07-20,14.0641,15.3547,,15.4623,,,,,,,,13.3503,14.1324,12.9812,16.9379,17.0697
2010-07-19,14.0333,15.2427,,15.3331,,,,,,,,13.3493,14.1163,12.8341,16.6592,17.0054
2010-07-16,14.0167,15.1862,,15.2686,,,,,,,,13.3464,14.1283,12.7579,16.5730,16.9286
2010-07-15,14.0983,15.5083,,15.6408,,,,,,,,13.3454,14.1077,13.1358,17.1543,17.4351
2010-07-14,14.0919,15.4933,,15.6246,,,,,,,,13.3445,14.0708,13.1203,17.2317,17.3552
2010-07-13,14.0834,15.4669,,15.5946,,,,,,,,13.3435,14.0295,13.1220,17.2694,17.2008
2010-07-12,14.0348,15.2741,,15.3711,,,,,,,,13.3425,14.0518,12.9225,16.8117,16.9142
2010-07-09,14.0342,15.2868,,15.3876,,,,,,,,13.3396,14.0403,12.9124,16.9516,16.9197
2010-07-08,14.0191,15.2321,,15.3243,,,,,,,,13.3387,14.0506,12.8203,16.7426,16.9798
2010-07-07,13.9912,15.1282,,15.2051,,,,,,,,13.3377,14.0601,12.7005,16.5461,16.8297
2010-07-06,13.9051,14.8086,,14.8389,,,,,,,,13.3367,14.0775,12.3087,15.9697,16.4072
2010-07-02,13.8813,14.7366,,14.7589,,,,,,,,13.3328,14.0427,12.2429,16.0921,16.1077
2010-07-01,13.8917,14.7748,,14.8030,,,,,,,,13.3319,14.0625,12.3000,16.2233,16.0829
2010-06-30,13.8916,14.7753,,14.8039,,,,,,,,13.3308,14.0548,12.3390,16.3298,15.9275
2010-06-29,13.9144,14.8630,,14.9045,,,,,,,,13.3298,14.0538,12.4635,16.4723,16.0199
2010-06-28,14.0033,15.2130,,15.3083,,,,,,,,13.3287,14.0337,12.8621,17.1251,16.5668
2010-06-25,14.0073,15.2459,,15.3472,,,,,,,,13.3255,13.9908,12.8859,17.2002,16.6649
2010-06-24,13.9922,15.1855,,15.2762,,,,,,,,13.3245,13.9793,12.8490,16.9576,16.5941
2010-06-23,14.0357,15.3525,,15.4685,,,,,,,,13.3234,13.9920,13.0684,17.2518,16.7917
2010-06-22,14.0405,15.3756,,15.4952,,,,,,,,13.3224,13.9703,13.1072,17.2829,16.8204
2010-06-21,14.0809,15.5420,,15.6880,,,,,,,,13.3213,13.9331,13.3196,17.6625,17.0057
2010-06-18,14.0858,15.5705,,15.7218,,,,,,,,13.3181,13.9264,13.3707,17.8066,16.9551
2010-06-17,14.0811,15.5539,,15.7030,,,,,,,,13.3171,13.9361,13.3533,17.8051,16.9024
2010-06-16,14.0738,15.5369,,15.6841,,,,,,,,13.3160,13.8840,13.3344,17.8312,16.8644
2010-06-15,14.0779,15.5617,,15.7135,,,,,,,,13.3150,13.8667,13.3414,17.9039,16.9437
2010-06-14,14.0091,15.2968,,15.4086,,,,,,,,13.3139,13.8793,13.0353,17.4662,16.5035
2010-06-11,14.0027,15.2710,,15.3781,,,,,,,,13.3107,13.8978,13.0583,17.3873,16.3606
2010-06-10,13.9839,15.2081,,15.3053,,,,,,,,13.3097,13.8394,12.9967,17.1652,16.3444
2010-06-09,13.8963,14.8654,,14.9116,,,,,,,,13.3086,13.9094,12.6245,16.6115,15.7066
2010-06-08,13.9069,14.9015,,14.9520,,,,,,,,13.3076,13.9173,12.6989,16.5876,15.7434
2010-06-07,13.8783,14.8020,,14.8393,,,,,,,,13.3065,13.9103,12.5593,16.5597,15.5546
2010-06-04,13.9159,14.9605,,15.0236,,,,,,,,13.3033,13.9084,12.7312,16.9445,15.7686
2010-06-03,14.0137,15.3588,,15.4840,,,,,,,,13.3023,13.8185,13.1844,17.7237,16.4111
2010-06-02,14.0004,15.3075,,15.4245,,,,,,,,13.3012,13.8281,13.1304,17.5538,16.3690
2010-06-01,13.9318,15.0456,,15.1230,,,,,,,,13.3002,13.8468,12.7977,17.0436,16.0481
2010-05-28,13.9775,15.2296,,15.3365,,,,,,,,13.2990,13.8385,13.0207,17.5407,16.2114
2010-05-27,14.0090,15.3657,,15.4936,,,,,,,,13.2942,13.8103,13.1834,17.7446,16.4510
2010-05-26,13.9048,14.9564,,15.0220,,,,,,,,13.2930,13.8641,12.7591,17.0298,15.6852
2010-05-25,13.9183,15.0029,,15.0743,,,,,,,,13.2918,13.8904,12.8296,16.9601,15.8083
2010-05-24,13.9231,15.0310,,15.1072,,,,,,,,13.2906,13.8767,12.8250,16.9714,15.9695
2010-05-21,13.9599,15.1768,,15.2750,,,,,,,,13.2871,13.9018,12.9924,17.1645,16.2311
2010-05-20,13.9163,15.0131,,15.0864,,,,,,,,13.2859,13.8853,12.8002,16.8942,15.9737
2010-05-19,14.0181,15.4165,,15.5527,,,,,,,,13.2847,13.8478,13.3176,17.7245,16.4530
2010-05-18,14.0308,15.4701,,15.6156,,,,,,,,13.2835,13.8537,13.3852,17.9257,16.4577
2010-05-17,14.0706,15.6372,,15.8093,,,,,,,,13.2823,13.8139,13.5756,18.2327,16.7510
2010-05-14,14.0657,15.6276,,15.7989,,,,,,,,13.2787,13.8237,13.5582,18.2152,16.7490
2010-05-13,14.1231,15.8727,,16.0839,,,,,,,,13.2775,13.7616,13.8176,18.6414,17.2519
2010-05-12,14.1503,15.9821,,16.2102,,,,,,,,13.2763,13.7478,13.9866,18.7969,17.3753
2010-05-11,14.1086,15.8164,,16.0171,,,,,,,,13.2752,13.7492,13.7923,18.3195,17.2289
2010-05-10,14.1213,15.8696,,16.0781,,,,,,,,13.2740,13.7518,13.8366,18.2452,17.4703
2010-05-07,13.9850,15.3407,,15.4677,,,,,,,,13.2704,13.7815,13.2538,17.3319,16.5381
2010-05-06,14.0339,15.5327,,15.6909,,,,,,,,13.2692,13.8304,13.4592,17.7935,16.7818
2010-05-05,14.1216,15.8944,,16.1106,,,,,,,,13.2680,13.7667,13.9075,18.4563,17.3414
2010-05-04,14.1468,16.0103,,16.2468,,,,,,,,13.2669,13.7387,13.9950,18.7259,17.6179
2010-05-03,14.2213,16.3289,,16.6189,,,,,,,,13.2657,13.6951,14.3367,19.3099,18.2487
2010-04-30,14.1902,16.2134,,16.4850,,,,,,,,13.2619,13.7214,14.1512,18.9648,18.2551
2010-04-29,14.2281,16.3734,,16.6719,,,,,,,,13.2607,13.6888,14.3910,19.4020,18.3286
2010-04-28,14.1877,16.2173,,16.4901,,,,,,,,13.2595,13.6570,14.2059,19.0430,18.1434
2010-04-27,14.1804,16.1926,,16.4625,,,,,,,,13.2583,13.6989,14.1122,18.9954,18.2329
2010-04-26,14.2512,16.4988,,16.8201,,,,,,,,13.2570,13.6400,14.4498,19.4817,18.8918
2010-04-23,14.2544,16.5203,,16.8454,,,,,,,,13.2533,13.6333,14.5120,19.5443,18.8356
2010-04-22,14.2299,16.4175,,16.7253,,,,,,,,13.2521,13.6535,14.4093,19.3358,18.6247
2010-04-21,14.2321,16.4290,,16.7380,,,,,,,,13.2509,13.6741,14.3762,19.1314,18.9003
2010-04-20,14.2319,16.4349,,16.7446,,,,,,,,13.2497,13.6432,14.3911,19.0601,18.9695
2010-04-19,14.2057,16.3295,,16.6214,,,,,,,,13.2484,13.6415,14.2759,18.8061,18.8188
2010-04-16,14.2071,16.3549,,16.6535,,,,,,,,13.2447,13.6646,14.2116,18.8928,19.0519
2010-04-15,14.2469,16.5252,,16.8517,,,,,,,,13.2435,13.6201,14.4442,19.1501,19.3309
2010-04-14,14.2407,16.5045,,16.8278,,,,,,,,13.2423,13.6071,14.4320,19.1389,19.2572
2010-04-13,14.2073,16.3669,,16.6668,,,,,,,,13.2411,13.6265,14.2725,18.8067,19.0683
2010-04-12,14.2070,16.3736,,16.6750,,,,,,,,13.2398,13.6084,14.2617,18.7626,19.1785
2010-04-09,14.1911,16.3231,,16.6166,,,,,,,,13.2361,13.5680,14.2367,18.7174,19.0072
2010-04-08,14.1653,16.2209,,16.4978,,,,,,,,13.2349,13.5586,14.1421,18.5797,18.7490
2010-04-07,14.1638,16.2231,,16.5014,,,,,,,,13.2337,13.5686,14.0940,18.5735,18.8782
2010-04-06,14.1709,16.2630,,16.5478,,,,,,,,13.2325,13.5027,14.1711,18.6592,18.9043
2010-04-05,14.1642,16.2416,,16.5228,,,,,,,,13.2312,13.4839,14.1472,18.5704,18.9139
2010-04-01,14.1441,16.1622,,16.4301,,,,,,,,13.2263,13.5574,14.0354,18.2498,18.9196
2010-03-31,14.1196,16.0622,,16.3138,,,,,,,,13.2252,13.5767,13.9317,18.0922,18.6945
2010-03-30,14.1242,16.0855,,16.3412,,,,,,,,13.2240,13.5595,13.9773,18.1864,18.6630
2010-03-29,14.1226,16.0810,,16.3361,,,,,,,,13.2229,13.5662,13.9751,18.1694,18.6524
2010-03-26,14.1018,16.0069,,16.2504,,,,,,,,13.2194,13.5625,13.8939,18.0415,18.5204
2010-03-25,14.0908,15.9672,,16.2045,,,,,,,,13.2183,13.5368,13.8835,18.0477,18.3305
2010-03-24,14.0997,16.0051,,16.2495,,,,,,,,13.2171,13.5683,13.9070,18.1859,18.3761
2010-03-23,14.1236,16.0978,,16.3575,,,,,,,,13.2160,13.6370,13.9835,18.3186,18.5919
2010-03-22,14.1027,16.0169,,16.2637,,,,,,,,13.2148,13.6357,13.8824,18.1420,18.4998
2010-03-19,14.0856,15.9593,,16.1968,,,,,,,,13.2114,13.6201,13.8116,17.9282,18.5079
2010-03-18,14.1011,16.0266,,16.2757,,,,,,,,13.2102,13.6263,13.8822,18.1185,18.5861
2010-03-17,14.1097,16.0684,,16.3254,,,,,,,,13.2091,13.6399,13.8863,18.2024,18.7514
2010-03-16,14.0922,16.0026,,16.2492,,,,,,,,13.2079,13.6308,13.8058,18.0739,18.6668
2010-03-15,14.0606,15.8797,,16.1066,,,,,,,,13.2068,13.6034,13.6990,17.9053,18.3571
2010-03-12,14.0647,15.9136,,16.1474,,,,,,,,13.2033,13.5947,13.6927,17.9723,18.5302
2010-03-11,14.0583,15.8887,,16.1183,,,,,,,,13.2022,13.5899,13.6954,17.9490,18.4015
2010-03-10,14.0480,15.8533,,16.0778,,,,,,,,13.2010,13.5862,13.6357,17.8891,18.3892
2010-03-09,14.0319,15.7895,,16.0036,,,,,,,,13.1999,13.5913,13.5725,17.7468,18.2774
2010-03-08,14.0276,15.7794,,15.9921,,,,,,,,13.1987,13.5766,13.5485,17.6983,18.3228
2010-03-05,14.0231,15.7694,,15.9809,,,,,,,,13.1953,13.5781,13.5484,17.6639,18.2951
2010-03-04,13.9810,15.5990,,15.7834,,,,,,,,13.1942,13.6111,13.3610,17.3644,17.9741
2010-03-03,13.9766,15.5907,,15.7746,,,,,,,,13.1930,13.6028,13.3108,17.3230,18.0858
2010-03-02,13.9640,15.5392,,15.7148,,,,,,,,13.1919,13.6002,13.3031,17.3054,17.8268
2010-03-01,13.9511,15.4889,,15.6560,,,,,,,,13.1907,13.5897,13.2721,17.1688,17.7218
2010-02-26,13.9201,15.3674,,15.5151,,,,,,,,13.1896,13.5919,13.1384,16.8475,17.5899
2010-02-25,13.9060,15.3242,,15.4658,,,,,,,,13.1862,13.5596,13.1195,16.8434,17.4162
2010-02-24,13.9129,15.3586,,15.5055,,,,,,,,13.1850,13.5350,13.1436,16.8204,17.5861
2010-02-23,13.8869,15.2626,,15.3954,,,,,,,,13.1839,13.5381,13.0148,16.6859,17.4501
2010-02-22,13.9189,15.3995,,15.5538,,,,,,,,13.1828,13.4870,13.1739,16.9115,17.7113
2010-02-19,13.9141,15.3895,,15.5425,,,,,,,,13.1794,13.4762,13.1871,16.9066,17.6368
2010-02-18,13.9093,15.3753,,15.5263,,,,,,,,13.1782,13.4714,13.1567,16.8356,17.6861
2010-02-17,13.8950,15.3214,,15.4646,,,,,,,,13.1771,13.4958,13.0697,16.7356,17.6515
2010-02-16,13.8846,15.2791,,15.4158,,,,,,,,13.1760,13.5318,13.0114,16.6271,17.6138
2010-02-12,13.8265,15.0696,,15.1756,,,,,,,,13.1714,13.5121,12.7795,16.3518,17.2076
2010-02-11,13.8311,15.0902,,15.1984,,,,,,,,13.1703,13.4906,12.8116,16.2230,17.3579
2010-02-10,13.8013,14.9736,,15.0636,,,,,,,,13.1692,13.5030,12.6869,15.9513,17.1977
2010-02-09,13.8091,15.0021,,15.0963,,,,,,,,13.1681,13.5351,12.7120,15.9528,17.2824
2010-02-08,13.7693,14.8483,,14.9198,,,,,,,,13.1669,13.5589,12.5484,15.7432,16.9555
2010-02-05,13.7881,14.9239,,15.0067,,,,,,,,13.1635,13.5807,12.6559,15.8540,17.0327
2010-02-04,13.7894,14.9421,,15.0285,,,,,,,,13.1624,13.5520,12.6197,15.7997,17.2864
2010-02-03,13.8766,15.2933,,15.4340,,,,,,,,13.1613,13.5096,13.0248,16.3563,17.9244
2010-02-02,13.8961,15.3719,,15.5251,,,,,,,,13.1602,13.5346,13.0918,16.4604,18.1247
2010-02-01,13.8585,15.2326,,15.3652,,,,,,,,13.1591,13.5194,12.9240,16.2907,17.8712
2010-01-29,13.8178,15.0754,,15.1845,,,,,,,,13.1578,13.5399,12.7423,16.0615,17.5787
2010-01-28,13.8419,15.1849,,15.3115,,,,,,,,13.1540,13.5078,12.8685,16.2295,17.7963
2010-01-27,13.8723,15.3056,,15.4507,,,,,,,,13.1527,13.5115,13.0214,16.4246,17.9697
2010-01-26,13.8674,15.2939,,15.4377,,,,,,,,13.1515,13.5154,12.9574,16.3049,18.1558
2010-01-25,13.8800,15.3483,,15.5010,,,,,,,,13.1502,13.5162,13.0120,16.4107,18.2580
2010-01-22,13.8636,15.2929,,15.4380,,,,,,,,13.1464,13.5315,12.9525,16.3856,18.0979
2010-01-21,13.9227,15.5268,,15.7081,,,,,,,,13.1451,13.5344,13.2451,16.7235,18.4843
2010-01-20,13.9644,15.6933,,15.8997,,,,,,,,13.1439,13.5051,13.5006,16.9303,18.6913
2010-01-19,14.0018,15.8544,,16.0870,,,,,,,,13.1426,13.4826,13.6432,17.0686,19.2067
2010-01-15,13.9669,15.7297,,15.9434,,,,,,,,13.1375,13.4971,13.4749,16.8272,19.0757
2010-01-14,13.9942,15.8468,,16.0796,,,,,,,,13.1363,13.4688,13.6219,17.0413,19.2576
2010-01-13,13.9799,15.7965,,16.0213,,,,,,,,13.1350,13.4342,13.5885,17.0006,19.0943
2010-01-12,13.9605,15.7193,,15.9319,,,,,,,,13.1337,13.4640,13.4753,16.8078,19.0555
2010-01-11,13.9841,15.8277,,16.0585,,,,,,,,13.1325,13.4109,13.6027,17.0409,19.2349
2010-01-08,13.9736,15.7971,,16.0239,,,,,,,,13.1287,13.4039,13.5791,17.0415,19.1204
2010-01-07,13.9555,15.7255,,15.9405,,,,,,,,13.1274,13.3912,13.5401,16.9627,18.8621
2010-01-06,13.9489,15.7041,,15.9161,,,,,,,,13.1262,13.3989,13.4854,16.8712,18.9418
2010-01-05,13.9461,15.6947,,15.9052,,,,,,,,13.1249,13.4095,13.4722,16.8252,18.9510
2010-01-04,13.9330,15.6554,,15.8602,,,,,,,,13.1237,13.3511,13.4303,16.7819,18.8929
2009-12-31,13.8805,15.4603,,15.6350,,,,,,,,13.1195,13.3347,13.2177,16.4609,18.5372
2009-12-30,13.9028,15.5446,,15.7321,,,,,,,,13.1185,13.3583,13.3518,16.6334,18.5516
2009-12-29,13.9049,15.5615,,15.7523,,,,,,,,13.1174,13.3391,13.3479,16.6443,18.6664
2009-12-28,13.9023,15.5552,,15.7451,,,,,,,,13.1164,13.3206,13.3643,16.6732,18.5778
2009-12-24,13.8941,15.5316,,15.7186,,,,,,,,13.1122,13.3375,13.3460,16.6967,18.4617
2009-12-23,13.8814,15.4797,,15.6588,,,,,,,,13.1112,13.3715,13.2762,16.6090,18.3808
2009-12-22,13.8669,15.4195,,15.5884,,,,,,,,13.1102,13.3745,13.2430,16.4742,18.2151
2009-12-21,13.8567,15.3763,,15.5382,,,,,,,,13.1091,13.4043,13.1941,16.3419,18.1719
2009-12-18,13.8349,15.2942,,15.4444,,,,,,,,13.1060,13.4648,13.0578,16.1782,18.1298
2009-12-17,13.8234,15.2499,,15.3935,,,,,,,,13.1050,13.4901,12.9823,16.0387,18.1575
2009-12-16,13.8585,15.4027,,15.5704,,,,,,,,13.1039,13.4298,13.1367,16.2081,18.5780
2009-12-15,13.8440,15.3428,,15.5003,,,,,,,,13.1029,13.4207,13.1217,16.1000,18.3543
2009-12-14,13.8600,15.4038,,15.5704,,,,,,,,13.1019,13.4463,13.1949,16.1353,18.4909
2009-12-11,13.8334,15.3030,,15.4535,,,,,,,,13.0987,13.4485,13.1034,15.8954,18.3215
2009-12-10,13.8243,15.2675,,15.4126,,,,,,,,13.0977,13.4643,13.0530,15.7823,18.3234
2009-12-09,13.8127,15.2261,,15.3657,,,,,,,,13.0967,13.4847,12.9760,15.7562,18.2830
2009-12-08,13.8077,15.2121,,15.3504,,,,,,,,13.0956,13.4952,12.9270,15.7425,18.3315
2009-12-07,13.8380,15.3409,,15.4993,,,,,,,,13.0946,13.4615,13.0595,15.8679,18.6847
2009-12-04,13.8402,15.3620,,15.5240,,,,,,,,13.0915,13.4295,13.0914,15.8664,18.7554
2009-12-03,13.8269,15.3031,,15.4551,,,,,,,,13.0905,13.4742,13.0193,15.6271,18.7629
2009-12-02,13.8474,15.3824,,15.5468,,,,,,,,13.0894,13.4963,13.1292,15.7960,18.8066
2009-12-01,13.8419,15.3561,,15.5155,,,,,,,,13.0884,13.5146,13.1231,15.6748,18.7561
2009-11-30,13.7985,15.1792,,15.3109,,,,,,,,13.0873,13.5451,12.9659,15.4454,18.2750
2009-11-27,13.7847,15.1367,,15.2627,,,,,,,,13.0839,13.5355,12.9156,15.4006,18.1971
2009-11-25,13.8400,15.3736,,15.5377,,,,,,,,13.0816,13.4998,13.1389,15.7305,18.8040
2009-11-24,13.8167,15.2820,,15.4318,,,,,,,,13.0805,13.4907,13.0782,15.6639,18.4718
2009-11-23,13.8219,15.3140,,15.4696,,,,,,,,13.0794,13.4619,13.0844,15.7064,18.6321
2009-11-20,13.7765,15.1461,,15.2768,,,,,,,,13.0760,13.4554,12.9082,15.5321,18.2310
2009-11-19,13.7876,15.1948,,15.3334,,,,,,,,13.0749,13.4561,12.9476,15.5946,18.3713
2009-11-18,13.8297,15.3698,,15.5365,,,,,,,,13.0738,13.4479,13.1235,15.8971,18.7311
2009-11-17,13.8332,15.3871,,15.5571,,,,,,,,13.0727,13.4643,13.1275,15.9536,18.7703
2009-11-16,13.8346,15.3991,,15.5716,,,,,,,,13.0716,13.4652,13.1139,15.9585,18.8754
2009-11-13,13.7854,15.2200,,15.3651,,,,,,,,13.0682,13.4137,12.9245,15.6337,18.5900
2009-11-12,13.7672,15.1532,,15.2881,,,,,,,,13.0671,13.3965,12.8510,15.5006,18.5006
2009-11-10,13.7773,15.2036,,15.3470,,,,,,,,13.0648,13.3704,12.9173,15.6419,18.5340
2009-11-09,13.7825,15.2338,,15.3828,,,,,,,,13.0637,13.3616,12.9149,15.7061,18.6765
2009-11-06,13.7138,14.9781,,15.0893,,,,,,,,13.0603,13.3491,12.6306,15.3811,18.1586
2009-11-05,13.7082,14.9656,,15.0758,,,,,,,,13.0592,13.3298,12.5973,15.4009,18.1661
2009-11-04,13.6573,14.7765,,14.8586,,,,,,,,13.0581,13.3103,12.3590,15.0186,17.9861
2009-11-03,13.6448,14.7264,,14.8015,,,,,,,,13.0570,13.3333,12.3411,15.1144,17.6436
2009-11-02,13.6456,14.7282,,14.8030,,,,,,,,13.0559,13.3610,12.3112,14.8970,17.9044
2009-10-30,13.6261,14.6594,,14.7247,,,,,,,,13.0537,13.3719,12.2325,14.8721,17.7148
2009-10-29,13.6981,14.9517,,15.0613,,,,,,,,13.0515,13.3142,12.5856,15.3060,18.2320
2009-10-28,13.6344,14.7037,,14.7767,,,,,,,,13.0505,13.3546,12.3077,14.9620,17.7370
2009-10-27,13.6963,14.9605,,15.0742,,,,,,,,13.0494,13.3244,12.5514,15.4615,18.2538
2009-10-26,13.7031,15.0000,,15.1208,,,,,,,,13.0483,13.2769,12.5933,15.6323,18.2710
2009-10-23,13.7401,15.1530,,15.2980,,,,,,,,13.0451,13.3052,12.7421,15.8374,18.6290
2009-10-22,13.7758,15.2958,,15.4635,,,,,,,,13.0440,13.3248,12.8991,16.1006,18.8605
2009-10-21,13.7483,15.1935,,15.3460,,,,,,,,13.0429,13.3207,12.7624,15.9194,18.7517
2009-10-20,13.7711,15.2811,,15.4472,,,,,,,,13.0418,13.3510,12.8748,16.1009,18.8240
2009-10-19,13.7831,15.3365,,15.5117,,,,,,,,13.0408,13.3175,12.9545,16.2713,18.8344
2009-10-16,13.7495,15.2130,,15.3694,,,,,,,,13.0375,13.3067,12.8341,16.1118,18.5419
2009-10-15,13.7720,15.3101,,15.4822,,,,,,,,13.0364,13.2856,12.9386,16.2882,18.7291
2009-10-14,13.7658,15.2889,,15.4584,,,,,,,,13.0354,13.3064,12.8856,16.2522,18.7579
2009-10-13,13.7143,15.0829,,15.2208,,,,,,,,13.0343,13.3458,12.6629,15.9584,18.3146
2009-10-09,13.7046,15.0661,,15.2028,,,,,,,,13.0300,13.2963,12.6422,15.9912,18.2763
2009-10-08,13.6967,15.0319,,15.1634,,,,,,,,13.0289,13.3558,12.5711,15.8703,18.3213
2009-10-07,13.6681,14.9142,,15.0273,,,,,,,,13.0278,13.3846,12.4775,15.6800,18.0004
2009-10-06,13.6591,14.8912,,15.0015,,,,,,,,13.0268,13.3398,12.4369,15.6610,18.0108
2009-10-05,13.6168,14.7284,,14.8143,,,,,,,,13.0257,13.3475,12.2688,15.4356,17.6580
2009-10-02,13.5753,14.5798,,14.6442,,,,,,,,13.0224,13.3403,12.0890,15.1373,17.4952
2009-10-01,13.5903,14.6404,,14.7143,,,,,,,,13.0214,13.3555,12.1433,15.2524,17.6135
2009-09-30,13.6615,14.9301,,15.0487,,,,,,,,13.0202,13.3046,12.4641,15.7393,18.1526
2009-09-29,13.6658,14.9482,,15.0697,,,,,,,,13.0191,13.3104,12.5042,15.8438,18.0696
2009-09-28,13.6701,14.9665,,15.0906,,,,,,,,13.0180,13.3103,12.5322,15.8360,18.1145
2009-09-25,13.6220,14.7941,,14.8932,,,,,,,,13.0146,13.2935,12.3110,15.5045,17.9476
2009-09-24,13.6353,14.8497,,14.9572,,,,,,,,13.0135,13.2792,12.3857,15.5925,18.0239
2009-09-23,13.6658,14.9807,,15.1095,,,,,,,,13.0124,13.2612,12.5037,15.8813,18.2793
2009-09-22,13.6892,15.0795,,15.2236,,,,,,,,13.0113,13.2347,12.6304,16.0945,18.3870
2009-09-21,13.6632,14.9796,,15.1082,,,,,,,,13.0102,13.2186,12.5476,15.9443,18.1368
2009-09-18,13.6747,15.0361,,15.1740,,,,,,,,13.0068,13.2199,12.5898,15.9805,18.3410
2009-09-17,13.6713,15.0231,,15.1596,,,,,,,,13.0057,13.2539,12.5574,15.9715,18.3371
2009-09-16,13.6778,15.0594,,15.2019,,,,,,,,13.0045,13.2118,12.5938,16.0433,18.4287
2009-09-15,13.6316,14.8806,,14.9959,,,,,,,,13.0034,13.2107,12.4025,15.7364,18.1083
2009-09-14,13.6179,14.8235,,14.9295,,,,,,,,13.0023,13.2236,12.3639,15.5795,17.9902
2009-09-11,13.6073,14.7922,,14.8944,,,,,,,,12.9989,13.2443,12.2859,15.4307,18.1249
2009-09-10,13.6061,14.7898,,14.8914,,,,,,,,12.9978,13.2369,12.2997,15.4215,18.0874
2009-09-09,13.5717,14.6689,,14.7528,,,,,,,,12.9967,13.1689,12.1730,15.2251,17.8985
2009-09-08,13.5464,14.5721,,14.6413,,,,,,,,12.9956,13.1658,12.0786,15.0136,17.7464
2009-09-04,13.5077,14.4314,,14.4798,,,,,,,,12.9911,13.1612,11.9703,14.8283,17.3546
2009-09-03,13.4707,14.2873,,14.3149,,,,,,,,12.9900,13.2033,11.8147,14.6272,17.0532
2009-09-02,13.4523,14.2206,,14.2390,,,,,,,,12.9889,13.2177,11.7142,14.4507,17.0636
2009-09-01,13.4533,14.2313,,14.2512,,,,,,,,12.9878,13.1778,11.7497,14.5138,17.0047
2009-08-31,13.5155,14.4753,,14.5313,,,,,,,,12.9866,13.1642,12.0150,14.8570,17.4896
2009-08-28,13.5325,14.5562,,14.6250,,,,,,,,12.9831,13.1299,12.1121,15.0473,17.5850
2009-08-27,13.5315,14.5547,,14.6231,,,,,,,,12.9819,13.1169,12.1345,15.0551,17.5203
2009-08-26,13.5201,14.5119,,14.5741,,,,,,,,12.9808,13.1245,12.0996,15.0274,17.3771
2009-08-25,13.5220,14.5267,,14.5916,,,,,,,,12.9796,13.1117,12.0961,15.0309,17.4802
2009-08-24,13.5123,14.4944,,14.5546,,,,,,,,12.9784,13.0918,12.0676,14.9685,17.4267
2009-08-21,13.5048,14.4794,,14.5378,,,,,,,,12.9749,13.0525,12.0741,14.9964,17.3250
2009-08-20,13.4534,14.2808,,14.3106,,,,,,,,12.9738,13.0979,11.8509,14.7149,16.9410
2009-08-19,13.4239,14.1773,,14.1928,,,,,,,,12.9726,13.0775,11.7225,14.5613,16.8044
2009-08-18,13.4014,14.0985,,14.1030,,,,,,,,12.9715,13.0569,11.6410,14.4644,16.6462
2009-08-17,13.3735,13.9908,,13.9799,,,,,,,,12.9703,13.0915,11.5220,14.2513,16.4839
2009-08-14,13.4398,14.2574,,14.2860,,,,,,,,12.9668,13.0693,11.8064,14.6722,16.9881
2009-08-13,13.4603,14.3431,,14.3847,,,,,,,,12.9656,13.0480,11.9077,14.8889,17.0675
2009-08-12,13.4311,14.2397,,14.2664,,,,,,,,12.9645,12.9965,11.8247,14.7674,16.8048
2009-08-11,13.4022,14.1352,,14.1474,,,,,,,,12.9633,13.0006,11.6863,14.5776,16.7042
2009-08-10,13.4290,14.2432,,14.2710,,,,,,,,12.9622,12.9670,11.8327,14.8060,16.7954
2009-08-07,13.4311,14.2683,,14.3005,,,,,,,,12.9587,12.9118,11.8714,14.8675,16.8289
2009-08-06,13.4059,14.1722,,14.1907,,,,,,,,12.9575,12.9566,11.7141,14.5472,16.9121
2009-08-05,13.4178,14.2233,,14.2496,,,,,,,,12.9563,12.9402,11.7787,14.6926,16.9374
2009-08-04,13.4246,14.2464,,14.2759,,,,,,,,12.9552,12.9735,11.8092,14.7156,16.9586
2009-08-03,13.4215,14.2380,,14.2666,,,,,,,,12.9540,12.9827,11.7733,14.6141,17.0838
2009-07-31,13.3721,14.0503,,14.0517,,,,,,,,12.9505,13.0296,11.5953,14.3060,16.6768
2009-07-30,13.3546,13.9947,,13.9880,,,,,,,,12.9494,12.9495,11.5866,14.3073,16.4198
2009-07-29,13.3157,13.8535,,13.8269,,,,,,,,12.9482,12.9265,11.4496,14.0947,16.1410
2009-07-28,13.3268,13.8993,,13.8796,,,,,,,,12.9470,12.9262,11.4992,14.2072,16.1896
2009-07-27,13.3316,13.9232,,13.9070,,,,,,,,12.9459,12.9026,11.5293,14.2333,16.2439
2009-07-24,13.3231,13.8998,,13.8807,,,,,,,,12.9424,12.9126,11.4952,14.1665,16.2488
2009-07-23,13.3075,13.8446,,13.8175,,,,,,,,12.9412,12.8881,11.4594,14.0624,16.1212
2009-07-22,13.2536,13.6424,,13.5878,,,,,,,,12.9401,12.9545,11.1990,13.6808,15.9038
2009-07-21,13.2518,13.6323,,13.5758,,,,,,,,12.9389,12.9806,11.2033,13.6245,15.8688
2009-07-20,13.2370,13.5904,,13.5287,,,,,,,,12.9377,12.9177,11.1625,13.6204,15.7698
2009-07-17,13.1922,13.4372,,13.3547,,,,,,,,12.9342,12.8741,11.0360,13.4133,15.4142
2009-07-16,13.1971,13.4571,,13.3778,,,,,,,,12.9331,12.8972,11.0401,13.4462,15.4800
2009-07-15,13.1719,13.3721,,13.2813,,,,,,,,12.9319,12.8690,10.9448,13.2808,15.3888
2009-07-14,13.0923,13.0813,,12.9523,,,,,,,,12.9308,12.9314,10.6297,12.8641,14.8613
2009-07-13,13.0804,13.0356,,12.9006,,,,,,,,12.9296,12.9760,10.5732,12.7605,14.8123
2009-07-10,13.0181,12.8288,,12.6686,,,,,,,,12.9261,12.9765,10.3152,12.4623,14.5588
2009-07-09,13.0247,12.8623,,12.7065,,,,,,,,12.9250,12.9132,10.3570,12.4701,14.6667
2009-07-08,13.0148,12.8228,,12.6618,,,,,,,,12.9238,12.9628,10.3200,12.4247,14.5543
2009-07-07,13.0176,12.8486,,12.6920,,,,,,,,12.9226,12.8900,10.3318,12.5105,14.6349
2009-07-06,13.0670,13.0296,,12.8966,,,,,,,,12.9215,12.8692,10.5388,12.7761,14.9229
2009-07-02,13.0639,13.0371,,12.9070,,,,,,,,12.9168,12.8650,10.5117,12.8758,14.9603
2009-07-01,13.1388,13.3156,,13.2231,,,,,,,,12.9157,12.8310,10.8266,13.3031,15.4141
2009-06-30,13.1171,13.2352,,13.1312,,,,,,,,12.9145,12.8260,10.7785,13.1657,15.1965
2009-06-29,13.1341,13.2947,,13.1980,,,,,,,,12.9133,12.8305,10.8699,13.1917,15.2800
2009-06-26,13.1109,13.2238,,13.1189,,,,,,,,12.9099,12.8248,10.7721,13.1289,15.1855
2009-06-25,13.1069,13.2091,,13.1015,,,,,,,,12.9087,12.8093,10.7851,13.0327,15.1586
2009-06-24,13.0518,13.0268,,12.8963,,,,,,,,12.9076,12.7434,10.5588,12.7340,14.9879
2009-06-23,13.0333,12.9597,,12.8203,,,,,,,,12.9064,12.7587,10.4898,12.5793,14.9086
2009-06-22,13.0214,12.9226,,12.7786,,,,,,,,12.9053,12.7411,10.4655,12.6176,14.7388
2009-06-19,13.0970,13.2127,,13.1080,,,,,,,,12.9018,12.6883,10.7941,13.1059,15.1783
2009-06-18,13.0807,13.1586,,13.0465,,,,,,,,12.9006,12.6532,10.7603,13.0382,15.0331
2009-06-17,13.0679,13.1070,,12.9888,,,,,,,,12.8995,12.7471,10.6690,12.9811,14.9740
2009-06-16,13.0685,13.1160,,12.9992,,,,,,,,12.8983,12.7152,10.6838,12.9971,14.9918
2009-06-15,13.0983,13.2308,,13.1295,,,,,,,,12.8972,12.6879,10.8189,13.2129,15.1378
2009-06-12,13.1618,13.4815,,13.4152,,,,,,,,12.8937,12.6428,11.0818,13.5567,15.6496
2009-06-11,13.1597,13.4868,,13.4222,,,,,,,,12.8925,12.5985,11.0657,13.5965,15.7131
2009-06-10,13.1363,13.4075,,13.3322,,,,,,,,12.8914,12.5632,10.9969,13.5047,15.5301
2009-06-09,13.1398,13.4163,,13.3418,,,,,,,,12.8902,12.5929,11.0336,13.5674,15.4225
2009-06-08,13.1201,13.3467,,13.2622,,,,,,,,12.8891,12.5599,10.9951,13.4434,15.2453
2009-06-05,13.1278,13.3847,,13.3066,,,,,,,,12.8856,12.5893,11.0042,13.5367,15.3506
2009-06-04,13.1409,13.4234,,13.3506,,,,,,,,12.8844,12.6831,11.0306,13.5634,15.4350
2009-06-03,13.1190,13.3392,,13.2554,,,,,,,,12.8833,12.7492,10.9040,13.3516,15.4194
2009-06-02,13.1592,13.5002,,13.4393,,,,,,,,12.8821,12.7075,11.0531,13.5815,15.7978
2009-06-01,13.1480,13.4662,,13.4006,,,,,,,,12.8810,12.6643,11.0301,13.5157,15.7396
2009-05-29,13.0831,13.2189,,13.1200,,,,,,,,12.8800,12.7572,10.7529,13.0698,15.3631
2009-05-28,13.0298,13.0486,,12.9276,,,,,,,,12.8769,12.6312,10.6085,12.8681,15.0001
2009-05-27,13.0020,12.9614,,12.8307,,,,,,,,12.8759,12.6300,10.4463,12.7631,15.0115
2009-05-26,13.0493,13.1202,,13.0097,,,,,,,,12.8748,12.7041,10.6461,12.9847,15.1834
2009-05-22,12.9819,12.8872,,12.7470,,,,,,,,12.8707,12.7249,10.3724,12.5166,14.9542
2009-05-21,12.9820,12.8852,,12.7447,,,,,,,,12.8697,12.7513,10.3885,12.5799,14.8362
2009-05-20,13.0267,13.0410,,12.9209,,,,,,,,12.8687,12.8017,10.5610,12.8107,15.0631
2009-05-19,13.0221,13.0259,,12.9028,,,,,,,,12.8677,12.7563,10.6152,12.8630,14.8222
2009-05-18,13.0160,13.0040,,12.8774,,,,,,,,12.8667,12.7394,10.6314,12.8526,14.6778
2009-05-15,12.9326,12.7112,,12.5474,,,,,,,,12.8636,12.7665,10.3181,12.3640,14.2313
2009-05-14,12.9529,12.7820,,12.6265,,,,,,,,12.8626,12.7618,10.4342,12.4873,14.2375
2009-05-13,12.9284,12.6974,,12.5313,,,,,,,,12.8616,12.7668,10.3277,12.2831,14.2019
2009-05-12,13.0017,12.9723,,12.8433,,,,,,,,12.8605,12.7395,10.6077,12.8252,14.6078
2009-05-11,13.0036,12.9865,,12.8603,,,,,,,,12.8595,12.7296,10.6180,12.9788,14.5440
2009-05-08,13.0522,13.1757,,13.0749,,,,,,,,12.8564,12.6762,10.8463,13.2601,14.8379
2009-05-07,12.9745,12.8947,,12.7564,,,,,,,,12.8554,12.6640,10.5927,12.8285,14.2690
2009-05-06,13.0120,13.0315,,12.9118,,,,,,,,12.8544,12.6932,10.7333,13.1273,14.4281
2009-05-05,12.9658,12.8764,,12.7377,,,,,,,,12.8534,12.6750,10.5467,13.0203,14.1308
2009-05-04,12.9746,12.9131,,12.7795,,,,,,,,12.8524,12.6591,10.5843,13.0870,14.1962
2009-05-01,12.8776,12.5799,,12.4043,,,,,,,,12.8493,12.6423,10.2385,12.5699,13.6547
2009-04-30,12.8644,12.5359,,12.3553,,,,,,,,12.8484,12.6581,10.1829,12.5703,13.5467
2009-04-29,12.8570,12.5109,,12.3267,,,,,,,,12.8475,12.6377,10.1915,12.5716,13.4030
2009-04-28,12.7950,12.2916,,12.0798,,,,,,,,12.8467,12.6562,9.9751,12.1524,13.0779
2009-04-27,12.8080,12.3357,,12.1294,,,,,,,,12.8458,12.6818,10.0028,12.1157,13.2643
2009-04-24,12.8301,12.4250,,12.2303,,,,,,,,12.8431,12.6416,10.1042,12.2874,13.3840
2009-04-23,12.7854,12.2691,,12.0551,,,,,,,,12.8423,12.6536,9.9363,11.9743,13.2009
2009-04-22,12.7540,12.1691,,11.9437,,,,,,,,12.8414,12.6316,9.8375,12.0047,12.8979
2009-04-21,12.7682,12.2124,,11.9915,,,,,,,,12.8405,12.6519,9.9130,12.0255,12.9229
2009-04-20,12.7165,12.0352,,11.7931,,,,,,,,12.8396,12.6735,9.7079,11.6604,12.7582
2009-04-17,12.8227,12.4164,,12.2221,,,,,,,,12.8370,12.6325,10.1405,12.3043,13.2739
2009-04-16,12.8130,12.3796,,12.1807,,,,,,,,12.8361,12.6716,10.0901,12.1846,13.2756
2009-04-15,12.7735,12.2420,,12.0261,,,,,,,,12.8352,12.6889,9.9354,11.8904,13.1409
2009-04-14,12.7468,12.1580,,11.9327,,,,,,,,12.8344,12.6707,9.8130,11.7276,13.1278
2009-04-13,12.7849,12.2925,,12.0831,,,,,,,,12.8335,12.6338,10.0125,12.0423,13.1369
2009-04-09,12.7673,12.2450,,12.0302,,,,,,,,12.8299,12.5826,9.9865,12.0290,12.9857
2009-04-08,12.6736,11.9275,,11.6753,,,,,,,,12.8291,12.6003,9.6206,11.4260,12.6612
2009-04-07,12.6420,11.8266,,11.5626,,,,,,,,12.8282,12.5679,9.5083,11.2249,12.5747
2009-04-06,12.6997,12.0291,,11.7897,,,,,,,,12.8273,12.5473,9.7333,11.5993,12.8198
2009-04-03,12.7256,12.1279,,11.9014,,,,,,,,12.8246,12.5461,9.8155,11.7663,13.0180
2009-04-02,12.7049,12.0527,,11.8171,,,,,,,,12.8238,12.5932,9.7216,11.5627,12.9882
2009-04-01,12.6142,11.7392,,11.4658,,,,,,,,12.8229,12.6122,9.4486,11.0817,12.3778
2009-03-31,12.5665,11.5860,,11.2955,,,,,,,,12.8219,12.5961,9.2925,10.9310,12.0813
2009-03-30,12.5271,11.4580,,11.1532,,,,,,,,12.8209,12.5810,9.1722,10.7598,11.8523
2009-03-27,12.6179,11.7725,,11.5044,,,,,,,,12.8178,12.5665,9.5031,11.1526,12.4004
2009-03-26,12.6708,11.9582,,11.7127,,,,,,,,12.8168,12.5671,9.6930,11.5070,12.6417
2009-03-25,12.6129,11.7671,,11.4995,,,,,,,,12.8158,12.5408,9.4720,11.0567,12.5454
2009-03-24,12.5849,11.6691,,11.3899,,,,,,,,12.8148,12.5671,9.3849,10.8965,12.3615
2009-03-23,12.6373,11.8530,,11.5957,,,,,,,,12.8138,12.5517,9.5770,11.2139,12.6200
2009-03-20,12.4659,11.3061,,10.9906,,,,,,,,12.8107,12.5529,8.9434,10.4482,11.9325
2009-03-19,12.5135,11.4643,,11.1664,,,,,,,,12.8097,12.5637,9.1233,10.7380,12.0857
2009-03-18,12.5298,11.5090,,11.2145,,,,,,,,12.8087,12.5768,9.2436,10.7893,11.9887
2009-03-17,12.4601,11.2987,,10.9811,,,,,,,,12.8077,12.4141,9.0542,10.4822,11.6710
2009-03-16,12.3862,11.0641,,10.7222,,,,,,,,12.8067,12.4320,8.7730,10.1128,11.4315
2009-03-13,12.3858,11.0668,,10.7253,,,,,,,,12.8037,12.4488,8.8033,10.2591,11.2559
2009-03-12,12.3664,11.0083,,10.6611,,,,,,,,12.8027,12.4491,8.7353,10.2165,11.1547
2009-03-11,12.2750,10.7282,,10.3535,,,,,,,,12.8017,12.4378,8.3917,9.7272,10.9557
2009-03-10,12.2600,10.6842,,10.3050,,,,,,,,12.8007,12.4139,8.3678,9.7202,10.8077
2009-03-09,12.1112,10.2343,,9.8133,,,,,,,,12.7996,12.4323,7.8673,9.0631,10.2903
2009-03-06,12.1452,10.3451,,9.9357,,,,,,,,12.7966,12.4677,7.9471,9.1863,10.5435
2009-03-05,12.1442,10.3438,,9.9346,,,,,,,,12.7956,12.4802,7.9353,9.1733,10.5727
2009-03-04,12.2403,10.6513,,10.2728,,,,,,,,12.7946,12.4222,8.2854,9.6425,10.9345
2009-03-03,12.1767,10.4512,,10.0530,,,,,,,,12.7936,12.4572,8.0899,9.3843,10.5950
2009-03-02,12.1944,10.5080,,10.1156,,,,,,,,12.7926,12.4689,8.1444,9.4855,10.6648
2009-02-27,12.3131,10.8992,,10.5486,,,,,,,,12.7907,12.4241,8.5403,10.0620,11.2702
2009-02-26,12.3527,11.0176,,10.6777,,,,,,,,12.7887,12.4297,8.7458,10.1508,11.3182
2009-02-25,12.3812,11.1062,,10.7749,,,,,,,,12.7878,12.4376,8.8831,10.3182,11.3129
2009-02-24,12.4174,11.2237,,10.9060,,,,,,,,12.7868,12.4933,8.9765,10.4849,11.5388
2009-02-23,12.3272,10.9402,,10.5935,,,,,,,,12.7859,12.5048,8.6326,10.0317,11.2720
2009-02-20,12.4119,11.2206,,10.9047,,,,,,,,12.7830,12.5108,8.9417,10.4275,11.6625
2009-02-19,12.4385,11.3120,,11.0063,,,,,,,,12.7820,12.4898,9.0432,10.5485,11.8055
2009-02-18,12.4633,11.3873,,11.0896,,,,,,,,12.7810,12.5445,9.1446,10.7111,11.8040
2009-02-17,12.4738,11.4256,,11.1333,,,,,,,,12.7801,12.5864,9.1531,10.8675,11.8416
2009-02-13,12.5834,11.8126,,11.5661,,,,,,,,12.7762,12.5107,9.5872,11.3789,12.4687
2009-02-12,12.6110,11.8985,,11.6619,,,,,,,,12.7753,12.5769,9.6849,11.4648,12.5923
2009-02-11,12.6075,11.8917,,11.6546,,,,,,,,12.7743,12.5597,9.6652,11.4091,12.6559
2009-02-10,12.5851,11.8242,,11.5796,,,,,,,,12.7733,12.5269,9.5856,11.3547,12.5489
2009-02-09,12.6974,12.2185,,12.0213,,,,,,,,12.7724,12.4427,10.0792,11.8606,13.1123
2009-02-06,12.6929,12.2125,,12.0152,,,,,,,,12.7695,12.4361,10.0649,11.8829,13.1021
2009-02-05,12.6219,11.9675,,11.7407,,,,,,,,12.7685,12.4601,9.7960,11.4791,12.7600
2009-02-04,12.5890,11.8650,,11.6273,,,,,,,,12.7676,12.4534,9.6386,11.3367,12.7120
2009-02-03,12.6028,11.9074,,11.6743,,,,,,,,12.7666,12.4811,9.7024,11.3607,12.7541
2009-02-02,12.5608,11.7640,,11.5143,,,,,,,,12.7657,12.5241,9.5518,11.2725,12.4140
2009-01-30,12.5622,11.7787,,11.5311,,,,,,,,12.7642,12.4727,9.5571,11.2072,12.5550
2009-01-29,12.6112,11.9425,,11.7136,,,,,,,,12.7627,12.4805,9.7798,11.4316,12.7105
2009-01-28,12.6990,12.2410,,12.0487,,,,,,,,12.7620,12.5401,10.1145,11.8749,13.1258
2009-01-27,12.6202,11.9712,,11.7471,,,,,,,,12.7612,12.5783,9.7839,11.4260,12.8296
2009-01-26,12.5827,11.8499,,11.6113,,,,,,,,12.7605,12.5274,9.6779,11.2970,12.5697
2009-01-23,12.5586,11.7711,,11.5230,,,,,,,,12.7582,12.5207,9.6237,11.2253,12.3497
2009-01-22,12.5516,11.7512,,11.5013,,,,,,,,12.7575,12.5273,9.5740,11.1614,12.4111
2009-01-21,12.5996,11.9216,,11.6933,,,,,,,,12.7567,12.5357,9.7210,11.4497,12.7273
2009-01-20,12.4964,11.5730,,11.3051,,,,,,,,12.7560,12.6068,9.3159,10.9369,12.2542
2009-01-16,12.6413,12.0827,,11.8781,,,,,,,,12.7530,12.6254,9.8341,11.6941,13.1173
2009-01-15,12.6238,12.0209,,11.8090,,,,,,,,12.7522,12.6543,9.7595,11.5857,13.0431
2009-01-14,12.6151,11.9850,,11.7678,,,,,,,,12.7515,12.6661,9.7467,11.4116,13.0201
2009-01-13,12.7029,12.2972,,12.1193,,,,,,,,12.7507,12.6490,10.0831,11.8936,13.5116
2009-01-12,12.7105,12.3268,,12.1534,,,,,,,,12.7500,12.6603,10.0651,11.7723,13.8177
2009-01-09,12.7645,12.5280,,12.3807,,,,,,,,12.7478,12.6265,10.2964,12.1201,14.0893
2009-01-08,12.8270,12.7606,,12.6448,,,,,,,,12.7470,12.6172,10.5209,12.5059,14.5176
2009-01-07,12.8084,12.6930,,12.5675,,,,,,,,12.7463,12.5956,10.4853,12.3632,14.3592
2009-01-06,12.8726,12.9265,,12.8313,,,,,,,,12.7455,12.5616,10.8027,12.7747,14.5642
2009-01-05,12.8418,12.8162,,12.7056,,,,,,,,12.7448,12.5230,10.7202,12.5433,14.3648
2009-01-02,12.8532,12.8618,,12.7573,,,,,,,,12.7425,12.5164,10.7682,12.4952,14.5482
2008-12-31,12.7844,12.6230,,12.4894,,,,,,,,12.7406,12.5807,10.4343,12.2069,14.2550
2008-12-30,12.7518,12.5022,,12.3531,,,,,,,,12.7396,12.6157,10.2885,11.8475,14.2392
2008-12-29,12.6846,12.2711,,12.0933,,,,,,,,12.7387,12.5924,10.0426,11.5013,13.8814
2008-12-26,12.6849,12.2836,,12.1078,,,,,,,,12.7358,12.5713,10.0704,11.6768,13.7453
2008-12-24,12.6646,12.2171,,12.0329,,,,,,,,12.7338,12.5487,10.0170,11.5411,13.6398
2008-12-23,12.6507,12.1741,,11.9852,,,,,,,,12.7329,12.5474,9.9545,11.5214,13.5765
2008-12-22,12.6760,12.2631,,12.0853,,,,,,,,12.7319,12.5557,10.0513,11.6083,13.7507
2008-12-19,12.7139,12.4004,,12.2397,,,,,,,,12.7290,12.5635,10.2359,11.8933,13.8134
2008-12-18,12.7122,12.3959,,12.2349,,,,,,,,12.7280,12.5723,10.2102,11.7846,13.9413
2008-12-17,12.7683,12.6059,,12.4724,,,,,,,,12.7271,12.5226,10.4269,11.9922,14.4265
2008-12-16,12.7776,12.6407,,12.5104,,,,,,,,12.7261,12.4470,10.5273,11.8976,14.4953
2008-12-15,12.6343,12.1507,,11.9599,,,,,,,,12.7251,12.3755,10.0147,11.2174,13.6809
2008-12-12,12.6575,12.2422,,12.0630,,,,,,,,12.7222,12.3550,10.1433,11.5206,13.6238
2008-12-11,12.6319,12.1482,,11.9564,,,,,,,,12.7213,12.3437,10.0712,11.2024,13.5675
2008-12-10,12.6871,12.3459,,12.1780,,,,,,,,12.7203,12.3158,10.3629,11.7424,13.5099
2008-12-09,12.6476,12.2082,,12.0227,,,,,,,,12.7193,12.2918,10.2413,11.4993,13.2732
2008-12-08,12.6906,12.3629,,12.1957,,,,,,,,12.7184,12.2373,10.4820,11.7721,13.3441
2008-12-05,12.5843,12.0016,,11.7908,,,,,,,,12.7155,12.2333,10.0927,11.2807,12.7507
2008-12-04,12.5046,11.7331,,11.4918,,,,,,,,12.7145,12.2715,9.7393,10.8064,12.5426
2008-12-03,12.5755,11.9867,,11.7763,,,,,,,,12.7136,12.2147,10.0320,11.1811,12.9203
2008-12-02,12.5207,11.8101,,11.5803,,,,,,,,12.7126,12.2086,9.7748,10.9014,12.8277
2008-12-01,12.4113,11.4481,,11.1768,,,,,,,,12.7116,12.1775,9.4002,10.4051,12.2414
2008-11-28,12.6313,12.2264,,12.0517,,,,,,,,12.7103,12.1278,10.3237,11.6617,13.2411
2008-11-26,12.6068,12.1549,,11.9724,,,,,,,,12.7051,12.1247,10.2245,11.5015,13.2300
2008-11-25,12.5280,11.8924,,11.6794,,,,,,,,12.7037,12.1048,9.8711,10.8942,13.1924
2008-11-24,12.4916,11.7823,,11.5554,,,,,,,,12.7024,11.9570,9.8053,10.6717,13.0181
2008-11-21,12.3256,11.2418,,10.9552,,,,,,,,12.6985,11.9771,9.2069,9.9674,12.1847
2008-11-20,12.1740,10.7668,,10.4314,,,,,,,,12.6972,11.9749,8.6601,9.4250,11.4821
2008-11-19,12.3301,11.2839,,11.0060,,,,,,,,12.6959,11.9530,9.2824,10.1934,12.0957
2008-11-18,12.4894,11.8338,,11.6227,,,,,,,,12.6946,11.9777,9.8863,11.0762,12.8654
2008-11-17,12.4703,11.7853,,11.5700,,,,,,,,12.6933,11.9389,9.7857,11.1089,12.8353
2008-11-14,12.5223,11.9663,,11.7723,,,,,,,,12.6893,11.9376,10.0423,11.3091,13.0416
2008-11-13,12.6384,12.3895,,12.2509,,,,,,,,12.6880,11.9251,10.4798,11.9770,13.7687
2008-11-12,12.4687,11.8034,,11.5947,,,,,,,,12.6867,12.0093,9.8031,11.1592,12.8746
2008-11-10,12.6574,12.4930,,12.3748,,,,,,,,12.6841,11.9570,10.5686,12.1443,14.0564
2008-11-07,12.6874,12.6194,,12.5191,,,,,,,,12.6801,11.9223,10.7031,12.4456,14.2075
2008-11-06,12.6074,12.3369,,12.2003,,,,,,,,12.6788,11.9505,10.3993,12.1716,13.6020
2008-11-05,12.7407,12.8215,,12.7501,,,,,,,,12.6775,11.9593,10.9457,12.7443,14.5174
2008-11-04,12.8627,13.2807,,13.2724,,,,,,,,12.6762,11.9037,11.5469,13.4233,15.1468
2008-11-03,12.7398,12.8558,,12.7908,,,,,,,,12.6749,11.7874,11.0949,13.1284,14.1772
2008-10-31,12.7383,12.8647,,12.8012,,,,,,,,12.6711,11.7408,11.1223,13.1221,14.1951
2008-10-30,12.7040,12.7379,,12.6576,,,,,,,,12.6698,11.7599,10.9547,12.6943,14.2298
2008-10-29,12.6200,12.4288,,12.3065,,,,,,,,12.6686,11.7702,10.6769,12.1635,13.6292
2008-10-28,12.6212,12.4125,,12.2845,,,,,,,,12.6673,11.7751,10.7956,11.8894,13.4986
2008-10-27,12.3628,11.5554,,11.3289,,,,,,,,12.6660,11.8262,9.7438,11.0751,12.0689
2008-10-24,12.4577,11.8931,,11.7100,,,,,,,,12.6622,11.8831,10.0627,11.6048,12.6726
2008-10-23,12.5711,12.2907,,12.1602,,,,,,,,12.6609,11.9782,10.4254,12.0062,13.6087
2008-10-22,12.5482,12.2329,,12.0978,,,,,,,,12.6597,11.9595,10.2951,12.3237,13.3651
2008-10-21,12.7034,12.7994,,12.7406,,,,,,,,12.6584,11.9429,10.9604,13.0626,14.3379
2008-10-20,12.7837,13.1160,,13.1021,,,,,,,,12.6571,11.8409,11.3091,13.4172,15.0555
2008-10-17,12.6532,12.6638,,12.5904,,,,,,,,12.6533,11.7901,10.7929,12.8766,14.2469
2008-10-16,12.6740,12.7394,,12.6765,,,,,,,,12.6521,11.8081,10.8605,12.8670,14.5069
2008-10-15,12.5653,12.3619,,12.2504,,,,,,,,12.6508,11.7863,10.4196,12.3365,13.9249
2008-10-14,12.8026,13.2475,,13.2613,,,,,,,,12.6495,11.7982,11.4593,13.6019,15.4268
2008-10-10,12.5266,12.2858,,12.1766,,,,,,,,12.6445,11.8774,10.3219,12.5657,13.6660
2008-10-09,12.5694,12.4331,,12.3436,,,,,,,,12.6432,11.9243,10.4442,12.4303,14.2858
2008-10-08,12.7517,13.0799,,13.0784,,,,,,,,12.6420,12.0474,11.3045,13.4246,15.0058
2008-10-07,12.8027,13.2719,,13.2999,,,,,,,,12.6407,12.1372,11.4287,13.6726,15.5558
2008-10-06,12.9398,13.7850,,13.8875,,,,,,,,12.6394,12.1875,12.1217,14.5079,16.1462
2008-10-03,13.0475,14.2415,,14.4169,,,,,,,,12.6356,12.1012,12.6079,15.2179,17.1325
2008-10-02,13.0742,14.3524,,14.5449,,,,,,,,12.6344,12.0892,12.7802,15.5869,17.0826
2008-10-01,13.1849,14.8179,,15.0868,,,,,,,,12.6331,12.0528,13.3138,16.4822,17.8734
2008-09-30,13.1924,14.8559,,15.1311,,,,,,,,12.6318,12.0300,13.3723,16.6083,17.8751
2008-09-29,13.0859,14.4346,,14.6478,,,,,,,,12.6305,12.1782,12.6897,16.0536,17.4209
2008-09-26,13.3035,15.3557,,15.7214,,,,,,,,12.6265,12.0843,13.9093,17.2688,19.1108
2008-09-25,13.3048,15.3714,,15.7415,,,,,,,,12.6252,12.1021,13.8620,17.3631,19.2396
2008-09-24,13.2601,15.1900,,15.5314,,,,,,,,12.6239,12.1495,13.5950,17.2040,18.9001
2008-09-23,13.2643,15.2181,,15.5648,,,,,,,,12.6226,12.1293,13.6212,17.3659,18.8931
2008-09-22,13.3101,15.4116,,15.7913,,,,,,,,12.6213,12.1467,13.8374,17.6031,19.3392
2008-09-19,13.3944,15.7747,,16.2153,,,,,,,,12.6174,12.1586,14.3857,18.5009,19.5100
2008-09-18,13.2706,15.2372,,15.5859,,,,,,,,12.6161,12.2439,13.8286,17.5980,18.3038
2008-09-17,13.1665,14.8139,,15.0956,,,,,,,,12.6148,12.2872,13.2522,16.7243,17.8556
2008-09-16,13.2798,15.2744,,15.6307,,,,,,,,12.6135,12.3130,13.9071,17.4875,18.4152
2008-09-15,13.2512,15.1600,,15.4995,,,,,,,,12.6122,12.3584,13.6689,17.1047,18.5861
2008-09-12,13.3599,15.6331,,16.0521,,,,,,,,12.6083,12.2980,14.3448,17.8896,19.2385
2008-09-11,13.3444,15.5537,,15.9575,,,,,,,,12.6069,12.3505,14.3139,17.7143,18.9416
2008-09-10,13.3214,15.4732,,15.8661,,,,,,,,12.6056,12.3510,14.1145,17.6206,19.0163
2008-09-09,13.3010,15.3847,,15.7623,,,,,,,,12.6043,12.3691,14.0277,17.3953,18.8624
2008-09-08,13.3914,15.7748,,16.2196,,,,,,,,12.6030,12.3621,14.5234,18.0869,19.4912
2008-09-05,13.3282,15.5420,,15.9488,,,,,,,,12.5991,12.2656,14.2290,17.8867,19.0276
2008-09-04,13.3265,15.5418,,15.9502,,,,,,,,12.5978,12.2860,14.1659,17.8387,19.2068
2008-09-03,13.4066,15.8933,,16.3630,,,,,,,,12.5965,12.2527,14.6025,18.3163,19.9410
2008-09-02,13.4164,15.9500,,16.4311,,,,,,,,12.5952,12.2260,14.6247,18.3866,20.2025
2008-08-29,13.4273,16.0151,,16.5089,,,,,,,,12.5925,12.1896,14.6844,18.5195,20.3833
2008-08-28,13.4508,16.1208,,16.6321,,,,,,,,12.5884,12.1938,14.8877,18.6925,20.4024
2008-08-27,13.4081,15.9404,,16.4205,,,,,,,,12.5871,12.1961,14.6674,18.3914,20.0717
2008-08-26,13.3855,15.8505,,16.3155,,,,,,,,12.5857,12.1804,14.5487,18.1766,19.9947
2008-08-25,13.3758,15.8151,,16.2745,,,,,,,,12.5844,12.1725,14.4950,18.0980,19.9794
2008-08-22,13.4145,15.9972,,16.4880,,,,,,,,12.5803,12.1288,14.7852,18.4578,20.1422
2008-08-21,13.3878,15.8870,,16.3594,,,,,,,,12.5789,12.1444,14.6177,18.2457,20.0350
2008-08-20,13.3845,15.8749,,16.3460,,,,,,,,12.5776,12.1775,14.5805,18.3049,19.9848
2008-08-19,13.3648,15.8058,,16.2656,,,,,,,,12.5762,12.1248,14.4899,18.2226,19.8863
2008-08-18,13.3944,15.9387,,16.4226,,,,,,,,12.5749,12.1352,14.6248,18.4246,20.2103
2008-08-15,13.4229,16.0727,,16.5797,,,,,,,,12.5708,12.1203,14.8471,18.6960,20.2948
2008-08-14,13.4186,16.0701,,16.5784,,,,,,,,12.5695,12.0937,14.7849,18.6826,20.4655
2008-08-13,13.4019,16.0056,,16.5030,,,,,,,,12.5681,12.0725,14.7029,18.5280,20.4084
2008-08-12,13.4201,16.0884,,16.6018,,,,,,,,12.5668,12.0916,14.7414,18.4523,20.8873
2008-08-11,13.4440,16.1997,,16.7325,,,,,,,,12.5654,12.0489,14.9200,18.6051,21.0507
2008-08-08,13.4226,16.1110,,16.6284,,,,,,,,12.5614,12.0829,14.8130,18.3507,20.9500
2008-08-07,13.3733,15.9142,,16.4000,,,,,,,,12.5600,12.0825,14.4683,17.9861,20.8914
2008-08-06,13.4131,16.1000,,16.6184,,,,,,,,12.5587,12.0154,14.7307,18.2758,21.2180
2008-08-05,13.4052,16.0627,,16.5747,,,,,,,,12.5574,12.0509,14.6747,18.1125,21.2371
2008-08-04,13.3382,15.7874,,16.2537,,,,,,,,12.5560,12.0672,14.2640,17.7499,20.8374
2008-08-01,13.3654,15.9208,,16.4121,,,,,,,,12.5520,12.0863,14.3928,18.1166,21.0455
2008-07-31,13.3799,15.9878,,16.4910,,,,,,,,12.5506,12.0787,14.4734,18.1265,21.2676
2008-07-30,13.4088,16.1198,,16.6462,,,,,,,,12.5493,12.0437,14.6633,18.2949,21.5140
2008-07-29,13.3673,15.9519,,16.4501,,,,,,,,12.5479,12.0351,14.4214,18.0727,21.2588
2008-07-28,13.3168,15.7452,,16.2096,,,,,,,,12.5466,12.0544,14.0916,17.6856,21.1143
2008-07-25,13.3528,15.9178,,16.4122,,,,,,,,12.5425,11.9919,14.3578,17.9429,21.3672
2008-07-24,13.3480,15.8914,,16.3815,,,,,,,,12.5412,12.0542,14.2985,17.7965,21.4356
2008-07-23,13.3982,16.1287,,16.6608,,,,,,,,12.5398,11.9619,14.6365,18.3049,21.7337
2008-07-22,13.3846,16.0723,,16.5944,,,,,,,,12.5385,11.9720,14.5770,18.2942,21.5255
2008-07-21,13.3599,15.9734,,16.4800,,,,,,,,12.5371,11.9905,14.3830,18.0370,21.6069
2008-07-18,13.3439,15.9080,,16.4018,,,,,,,,12.5331,11.9760,14.3903,17.8625,21.3266
2008-07-17,13.3430,15.9007,,16.3932,,,,,,,,12.5317,12.0177,14.3855,17.8871,21.2411
2008-07-16,13.3159,15.7762,,16.2472,,,,,,,,12.5304,12.1026,14.2141,17.7023,20.9834
2008-07-15,13.2583,15.5288,,15.9584,,,,,,,,12.5290,12.1697,13.8650,17.2346,20.6684
2008-07-14,13.2911,15.6770,,16.1331,,,,,,,,12.5277,12.1562,14.0176,17.3828,21.1139
2008-07-11,13.3027,15.7429,,16.2104,,,,,,,,12.5236,12.1146,14.1447,17.5750,21.0751
2008-07-10,13.3315,15.8533,,16.3392,,,,,,,,12.5223,12.1805,14.3022,17.5969,21.3129
2008-07-09,13.3155,15.7921,,16.2682,,,,,,,,12.5209,12.1754,14.2032,17.4671,21.2969
2008-07-08,13.3591,15.9816,,16.4893,,,,,,,,12.5196,12.1354,14.5327,17.8037,21.4046
2008-07-07,13.3217,15.8384,,16.3231,,,,,,,,12.5183,12.0904,14.2839,17.3870,21.5373
2008-07-03,13.3340,15.9096,,16.4073,,,,,,,,12.5129,12.0705,14.4040,17.5669,21.5501
2008-07-02,13.3325,15.9122,,16.4112,,,,,,,,12.5115,12.0804,14.3879,17.7766,21.4215
2008-07-01,13.3806,16.1319,,16.6706,,,,,,,,12.5102,12.0691,14.6539,18.2838,21.7343
2008-06-30,13.3800,16.1600,,16.7100,,,,,,,,12.5000,12.0800,14.5900,18.2700,22.0900
2008-06-27,13.3700,16.1400,,16.6900,,,,,,,,12.5000,12.0700,14.5700,18.3800,21.9800
2008-06-26,13.3700,16.1600,,16.7000,,,,,,,,12.5000,12.0600,14.6200,18.4100,21.8900
2008-06-25,13.4400,16.4700,,17.0700,,,,,,,,12.5000,12.0200,15.0600,18.8700,22.4100
2008-06-24,13.4200,16.3700,,16.9600,,,,,,,,12.5000,12.0200,14.9700,18.7300,22.1600
2008-06-23,13.4300,16.4200,,17.0100,,,,,,,,12.4900,11.9900,15.0200,18.9800,22.1400
2008-06-20,13.4300,16.4400,,17.0400,,,,,,,,12.4900,12.0200,15.0200,19.1000,22.1800
2008-06-19,13.4700,16.6400,,17.2800,,,,,,,,12.4900,11.9900,15.3000,19.4000,22.5400
2008-06-18,13.4700,16.6500,,17.2900,,,,,,,,12.4900,12.0200,15.2400,19.3100,22.8000
2008-06-17,13.4900,16.7500,,17.4000,,,,,,,,12.4900,11.9600,15.3900,19.4700,22.9700
2008-06-16,13.5000,16.7700,,17.4300,,,,,,,,12.4800,11.9300,15.4900,19.5100,22.8200
2008-06-13,13.4900,16.7300,,17.3900,,,,,,,,12.4800,11.9300,15.4900,19.3600,22.7500
2008-06-12,13.4500,16.5800,,17.2000,,,,,,,,12.4800,11.9500,15.2600,19.0400,22.5700
2008-06-11,13.4500,16.5700,,17.1900,,,,,,,,12.4800,12.0300,15.2100,19.0200,22.6200
2008-06-10,13.4900,16.7600,,17.4200,,,,,,,,12.4800,11.9900,15.4700,19.3400,22.9400
2008-06-09,13.5100,16.8500,,17.5300,,,,,,,,12.4700,12.0700,15.5100,19.4700,23.3000
2008-06-06,13.5200,16.8800,,17.5700,,,,,,,,12.4700,12.1200,15.4900,19.5700,23.4300
2008-06-05,13.5900,17.2300,,17.9800,,,,,,,,12.4700,12.0900,15.9800,20.0800,24.0700
2008-06-04,13.5400,17.0000,,17.7100,,,,,,,,12.4700,12.1300,15.6800,19.6500,23.6700
2008-06-03,13.5500,17.0200,,17.7300,,,,,,,,12.4700,12.1600,15.6800,19.6200,23.7700
2008-06-02,13.5600,17.0800,,17.8000,,,,,,,,12.4700,12.1300,15.7700,19.6400,23.9700
2008-05-30,13.5800,17.1700,,17.9100,,,,,,,,12.4600,12.0900,15.9300,19.7800,24.0500
2008-05-29,13.5600,17.1100,,17.8400,,,,,,,,12.4600,12.0500,15.9100,19.6300,23.9100
2008-05-28,13.5500,17.0800,,17.8100,,,,,,,,12.4600,12.0900,15.8200,19.4900,24.0400
2008-05-27,13.5400,17.0300,,17.7400,,,,,,,,12.4600,12.1400,15.7600,19.3300,23.9200
2008-05-23,13.5300,17.0000,,17.7100,,,,,,,,12.4500,12.1900,15.6500,19.1500,24.1500
2008-05-22,13.5600,17.1300,,17.8700,,,,,,,,12.4500,12.1500,15.8600,19.3400,24.3700
2008-05-21,13.5500,17.0700,,17.8000,,,,,,,,12.4500,12.2100,15.8100,19.2500,24.1200
2008-05-20,13.5900,17.2600,,18.0200,,,,,,,,12.4500,12.2400,16.0700,19.5400,24.4500
2008-05-19,13.6100,17.3600,,18.1300,,,,,,,,12.4500,12.2100,16.2200,19.6000,24.6600
2008-05-16,13.6100,17.3500,,18.1300,,,,,,,,12.4400,12.1900,16.2000,19.6400,24.6600
2008-05-15,13.6000,17.3000,,18.0700,,,,,,,,12.4400,12.1900,16.1800,19.5900,24.4200
2008-05-14,13.5600,17.1400,,17.8800,,,,,,,,12.4400,12.1100,16.0100,19.4000,24.0300
2008-05-13,13.5500,17.1000,,17.8300,,,,,,,,12.4400,12.1300,15.9400,19.3800,23.9600
2008-05-12,13.5500,17.1200,,17.8500,,,,,,,,12.4400,12.2000,15.9500,19.2600,24.1200
2008-05-09,13.5200,16.9800,,17.6900,,,,,,,,12.4300,12.2100,15.7700,19.0500,23.8200
2008-05-08,13.5400,17.0700,,17.7900,,,,,,,,12.4300,12.2100,15.8800,19.0900,24.1000
2008-05-07,13.5200,16.9800,,17.6900,,,,,,,,12.4300,12.1700,15.8200,18.9900,23.8200
2008-05-06,13.5600,17.1700,,17.9200,,,,,,,,12.4300,12.1500,16.1000,19.2600,24.1200
2008-05-05,13.5400,17.1000,,17.8300,,,,,,,,12.4300,12.1700,15.9800,19.1000,24.0800
2008-05-02,13.5500,17.1200,,17.8500,,,,,,,,12.4300,12.1600,16.0500,19.1200,24.0100
2008-05-01,13.5400,17.0900,,17.8100,,,,,,,,12.4200,12.1900,16.0000,19.1300,23.8900
2008-04-30,13.5000,16.9200,,17.6200,,,,,,,,12.4200,12.1800,15.7300,18.8600,23.7900
2008-04-29,13.5000,16.9400,,17.6400,,,,,,,,12.4200,12.1300,15.7900,18.8800,23.7700
2008-04-28,13.5100,17.0000,,17.7100,,,,,,,,12.4200,12.1200,15.8500,18.9900,23.8900
2008-04-25,13.5000,16.9700,,17.6700,,,,,,,,12.4200,12.0800,15.8600,18.9400,23.7300
2008-04-24,13.4800,16.8600,,17.5500,,,,,,,,12.4200,12.0900,15.7600,18.7600,23.4500
2008-04-23,13.4800,16.8400,,17.5300,,,,,,,,12.4100,12.1500,15.6600,18.6000,23.6800
2008-04-22,13.4700,16.8100,,17.4900,,,,,,,,12.4100,12.1500,15.6100,18.5500,23.6400
2008-04-21,13.4900,16.9100,,17.6100,,,,,,,,12.4100,12.1500,15.7500,18.8100,23.7400
2008-04-18,13.4900,16.9200,,17.6200,,,,,,,,12.4100,12.1100,15.7800,18.8400,23.7200
2008-04-17,13.4400,16.7200,,17.3800,,,,,,,,12.4100,12.0900,15.5000,18.5800,23.3600
2008-04-16,13.4500,16.7700,,17.4500,,,,,,,,12.4100,12.1100,15.4900,18.6600,23.6600
2008-04-15,13.3800,16.4600,,17.0800,,,,,,,,12.4100,12.1800,15.1400,18.1800,22.8900
2008-04-14,13.3700,16.4100,,17.0200,,,,,,,,12.4000,12.2200,15.0700,18.0800,22.8300
2008-04-11,13.3800,16.4400,,17.0600,,,,,,,,12.4000,12.2300,15.1200,18.1300,22.8400
2008-04-10,13.4200,16.6500,,17.3000,,,,,,,,12.4000,12.2000,15.4400,18.5200,23.0600
2008-04-09,13.4200,16.6300,,17.2700,,,,,,,,12.4000,12.2400,15.3700,18.3400,23.2200
2008-04-08,13.4400,16.7200,,17.3900,,,,,,,,12.4000,12.1900,15.4900,18.6300,23.3400
2008-04-07,13.4500,16.7900,,17.4800,,,,,,,,12.4000,12.1900,15.5600,18.6400,23.6100
2008-04-04,13.4400,16.7600,,17.4300,,,,,,,,12.3900,12.2100,15.5400,18.6100,23.4500
2008-04-03,13.4300,16.7100,,17.3800,,,,,,,,12.3900,12.1300,15.5300,18.5600,23.2600
2008-04-02,13.4200,16.6800,,17.3400,,,,,,,,12.3900,12.1200,15.5100,18.5000,23.1800
2008-04-01,13.4200,16.6800,,17.3400,,,,,,,,12.3900,12.1500,15.5300,18.4400,23.1600
2008-03-31,13.3400,16.3100,,16.9000,,,,,,,,12.3900,12.2000,14.9900,17.9100,22.5400
2008-03-28,13.3200,16.2500,,16.8300,,,,,,,,12.3800,12.1800,14.9100,17.7900,22.4800
2008-03-27,13.3300,16.3100,,16.9000,,,,,,,,12.3800,12.1500,15.0300,17.9300,22.4800
2008-03-26,13.3600,16.4100,,17.0200,,,,,,,,12.3800,12.1700,15.2000,18.1200,22.5200
2008-03-25,13.3700,16.4500,,17.0700,,,,,,,,12.3800,12.1600,15.3300,18.2200,22.3600
2008-03-24,13.3500,16.3600,,16.9600,,,,,,,,12.3800,12.1400,15.3000,18.0600,22.0300
2008-03-20,13.3000,16.1700,,16.7400,,,,,,,,12.3800,12.2300,15.0700,17.6300,21.7000
2008-03-19,13.2500,15.9400,,16.4600,,,,,,,,12.3700,12.2100,14.7100,17.3000,21.4100
2008-03-18,13.3100,16.2400,,16.8200,,,,,,,,12.3700,12.1500,15.0800,17.7200,22.1300
2008-03-17,13.2100,15.8100,,16.3200,,,,,,,,12.3700,12.2000,14.4700,17.0500,21.5200
2008-03-14,13.2400,15.9900,,16.5300,,,,,,,,12.3700,12.1200,14.6000,17.4400,22.0400
2008-03-13,13.2900,16.2200,,16.8000,,,,,,,,12.3700,12.0700,14.9000,17.8000,22.4800
2008-03-12,13.2800,16.1600,,16.7300,,,,,,,,12.3700,12.1000,14.8300,17.5800,22.4600
2008-03-11,13.2900,16.2000,,16.7800,,,,,,,,12.3600,12.0000,14.9600,17.7000,22.3300
2008-03-10,13.2000,15.8000,,16.3100,,,,,,,,12.3600,12.0700,14.4200,17.1100,21.6400
2008-03-07,13.2300,15.9800,,16.5300,,,,,,,,12.3600,12.0300,14.6500,17.5200,21.9100
2008-03-06,13.2500,16.0900,,16.6600,,,,,,,,12.3600,12.0000,14.7700,17.6600,22.1900
2008-03-05,13.3100,16.3300,,16.9300,,,,,,,,12.3600,12.0200,15.1000,18.1500,22.4300
2008-03-04,13.2900,16.2500,,16.8400,,,,,,,,12.3600,12.0900,15.0200,18.0400,22.1600
2008-03-03,13.3100,16.3300,,16.9400,,,,,,,,12.3600,12.1500,15.0700,18.1400,22.4800
2008-02-29,13.3100,16.3400,,16.9500,,,,,,,,12.3500,12.1600,15.0600,18.1700,22.5000
2008-02-28,13.3700,16.6400,,17.3100,,,,,,,,12.3500,12.0900,15.4800,18.6300,23.0700
2008-02-27,13.3900,16.7500,,17.4400,,,,,,,,12.3500,12.0200,15.6200,18.8300,23.3100
2008-02-26,13.3900,16.7400,,17.4300,,,,,,,,12.3500,12.0000,15.6300,18.8900,23.2200
2008-02-25,13.3600,16.6100,,17.2700,,,,,,,,12.3500,11.9600,15.5200,18.7400,22.7800
2008-02-22,13.3200,16.4400,,17.0700,,,,,,,,12.3400,12.0200,15.3100,18.3900,22.4500
2008-02-21,13.3000,16.3500,,16.9600,,,,,,,,12.3400,12.0400,15.1900,18.3400,22.2300
2008-02-20,13.3200,16.4500,,17.0900,,,,,,,,12.3400,11.9500,15.3800,18.6200,22.2300
2008-02-19,13.3100,16.4000,,17.0200,,,,,,,,12.3400,11.9700,15.2500,18.4500,22.3500
2008-02-15,13.3000,16.3600,,16.9700,,,,,,,,12.3400,12.0400,15.2600,18.4000,22.0300
2008-02-14,13.3000,16.3700,,16.9900,,,,,,,,12.3300,12.0300,15.2500,18.4600,22.1000
2008-02-13,13.3300,16.5000,,17.1400,,,,,,,,12.3300,12.1000,15.4600,18.7500,22.1200
2008-02-12,13.3000,16.3600,,16.9700,,,,,,,,12.3300,12.1100,15.2400,18.4300,22.0100
2008-02-11,13.2700,16.2300,,16.8300,,,,,,,,12.3300,12.1400,15.1300,18.3600,21.5400
2008-02-08,13.2600,16.1900,,16.7700,,,,,,,,12.3300,12.1300,15.0400,18.2700,21.5500
2008-02-07,13.2600,16.2100,,16.8000,,,,,,,,12.3300,12.1000,15.1100,18.2800,21.5700
2008-02-06,13.2500,16.1800,,16.7600,,,,,,,,12.3200,12.1600,14.9900,18.1000,21.7700
2008-02-05,13.2700,16.2600,,16.8600,,,,,,,,12.3200,12.1800,15.0900,18.3200,21.8500
2008-02-04,13.3600,16.6800,,17.3600,,,,,,,,12.3200,12.1500,15.5900,18.8200,22.9400
2008-02-01,13.3800,16.7700,,17.4700,,,,,,,,12.3200,12.1600,15.7600,18.9700,22.9700
2008-01-31,13.3400,16.5900,,17.2600,,,,,,,,12.3200,12.1400,15.5700,18.5500,22.6500
2008-01-30,13.3000,16.4000,,17.0300,,,,,,,,12.3200,12.1100,15.3100,18.1800,22.4500
2008-01-29,13.3100,16.4600,,17.1000,,,,,,,,12.3100,12.1400,15.3800,18.3700,22.4400
2008-01-28,13.2900,16.3900,,17.0100,,,,,,,,12.3100,12.1700,15.2800,18.2300,22.3100
2008-01-25,13.2500,16.2100,,16.8100,,,,,,,,12.3100,12.1600,15.0200,17.8700,22.1900
2008-01-24,13.2800,16.3300,,16.9500,,,,,,,,12.3100,12.1200,15.2600,17.9900,22.2500
2008-01-23,13.2400,16.1400,,16.7200,,,,,,,,12.3100,12.2300,15.1100,17.8400,21.4500
2008-01-22,13.2000,15.9700,,16.5200,,,,,,,,12.3100,12.2000,14.7900,17.4100,21.5800
2008-01-18,13.2300,16.1800,,16.7700,,,,,,,,12.3000,12.1400,14.9600,17.4700,22.5400
2008-01-17,13.2400,16.2000,,16.8000,,,,,,,,12.3000,12.1400,15.0500,17.5800,22.3700
2008-01-16,13.3000,16.4900,,17.1400,,,,,,,,12.3000,12.1100,15.5000,18.0400,22.7300
2008-01-15,13.3300,16.6000,,17.2600,,,,,,,,12.3000,12.1200,15.5800,18.0900,23.1500
2008-01-14,13.3900,16.9100,,17.6300,,,,,,,,12.2900,12.0900,15.9800,18.4900,23.8600
2008-01-11,13.3600,16.7900,,17.4900,,,,,,,,12.2900,12.0800,15.8100,18.3400,23.6700
2008-01-10,13.3900,16.9600,,17.6900,,,,,,,,12.2900,12.0300,16.0300,18.6400,24.0200
2008-01-09,13.3800,16.8700,,17.6000,,,,,,,,12.2900,12.0700,15.9000,18.4400,23.9500
2008-01-08,13.3500,16.7700,,17.4700,,,,,,,,12.2900,12.0500,15.6900,18.3600,23.8800
2008-01-07,13.3900,16.9600,,17.7000,,,,,,,,12.2900,12.0600,15.9700,18.7600,24.0400
2008-01-04,13.3800,16.9400,,17.6700,,,,,,,,12.2800,12.0400,15.9200,18.8000,24.0100
2008-01-03,13.4500,17.2600,,18.0600,,,,,,,,12.2800,12.0100,16.3200,19.3700,24.7000
2008-01-02,13.4500,17.2700,,18.0700,,,,,,,,12.2800,12.0100,16.3200,19.5300,24.6000
2007-12-31,13.4700,17.4100,,18.2400,,,,,,,,12.2800,11.9300,16.5600,19.7900,24.7600
2007-12-28,13.4800,17.4600,,18.3000,,,,,,,,12.2700,11.9000,16.6700,19.8700,24.7700
2007-12-27,13.4700,17.4300,,18.2600,,,,,,,,12.2700,11.8300,16.6500,19.8800,24.6800
2007-12-26,13.4900,17.5500,,18.4100,,,,,,,,12.2700,11.7900,16.8800,20.2700,24.6000
2007-12-24,13.4900,17.5400,,18.3900,,,,,,,,12.2700,11.8200,16.8700,20.2500,24.5400
2007-12-21,13.4700,17.4400,,18.2800,,,,,,,,12.2600,11.8500,16.7400,20.0400,24.4200
2007-12-20,13.4300,17.2300,,18.0300,,,,,,,,12.2600,11.9100,16.4600,19.7100,23.9500
2007-12-19,13.4100,17.1600,,17.9500,,,,,,,,12.2600,11.8900,16.3700,19.4900,23.9500
2007-12-18,13.4100,17.1800,,17.9700,,,,,,,,12.2600,11.8600,16.4000,19.4500,24.0800
2007-12-17,13.3900,17.0900,,17.8600,,,,,,,,12.2600,11.8100,16.2900,19.2700,23.9300
2007-12-14,13.4300,17.3100,,18.1200,,,,,,,,12.2500,11.7900,16.5400,19.6400,24.4700
2007-12-13,13.4800,17.5300,,18.3900,,,,,,,,12.2500,11.8200,16.7700,19.9400,25.0600
2007-12-12,13.4900,17.6000,,18.4800,,,,,,,,12.2500,11.8500,16.7500,19.9700,25.6000
2007-12-11,13.4700,17.5000,,18.3600,,,,,,,,12.2500,11.8800,16.6500,19.9400,25.1700
2007-12-10,13.5300,17.8000,,18.7200,,,,,,,,12.2500,11.8000,17.0800,20.5200,25.6700
2007-12-07,13.5000,17.7100,,18.6100,,,,,,,,12.2400,11.8000,16.9500,20.3600,25.5200
2007-12-06,13.5100,17.7300,,18.6300,,,,,,,,12.2400,11.8700,16.9800,20.3100,25.5500
2007-12-05,13.4700,17.5400,,18.4000,,,,,,,,12.2400,11.9200,16.7300,19.9000,25.2400
2007-12-04,13.4400,17.3800,,18.2200,,,,,,,,12.2400,11.9300,16.4700,19.6400,25.0800
2007-12-03,13.4500,17.4600,,18.3200,,,,,,,,12.2400,11.9400,16.5800,19.7700,25.2500
2007-11-30,13.4600,17.5200,,18.3900,,,,,,,,12.2300,11.9000,16.6700,19.8700,25.3300
2007-11-29,13.4400,17.4300,,18.2800,,,,,,,,12.2300,11.9000,16.5400,19.7500,25.1800
2007-11-28,13.4400,17.4500,,18.3000,,,,,,,,12.2300,11.8700,16.5400,19.7500,25.3200
2007-11-27,13.3600,17.0900,,17.8700,,,,,,,,12.2300,11.8900,16.0700,19.1800,24.6300
2007-11-26,13.3300,16.9400,,17.7000,,,,,,,,12.2300,11.9400,15.8300,19.0100,24.3700
2007-11-23,13.3700,17.1700,,17.9700,,,,,,,,12.2200,11.8500,16.2100,19.3300,24.7000
2007-11-21,13.3200,16.9500,,17.7100,,,,,,,,12.2200,11.8400,15.9400,19.0500,24.2000
2007-11-20,13.3600,17.1500,,17.9400,,,,,,,,12.2200,11.8100,16.2000,19.2900,24.6800
2007-11-19,13.3400,17.0500,,17.8300,,,,,,,,12.2200,11.8200,16.1200,19.3300,24.1800
2007-11-16,13.3900,17.2800,,18.1000,,,,,,,,12.2100,11.7900,16.4100,19.7200,24.6700
2007-11-15,13.3800,17.2500,,18.0700,,,,,,,,12.2100,11.8000,16.3200,19.7200,24.6900
2007-11-14,13.4100,17.4100,,18.2600,,,,,,,,12.2100,11.7500,16.5400,19.9400,25.0500
2007-11-13,13.4200,17.4800,,18.3500,,,,,,,,12.2100,11.7500,16.6600,20.0400,25.1900
2007-11-09,13.3800,17.3000,,18.1300,,,,,,,,12.2000,11.7600,16.3400,19.8300,24.9300
2007-11-08,13.4200,17.4900,,18.3700,,,,,,,,12.2000,11.7400,16.5800,20.1000,25.4500
2007-11-07,13.4100,17.4700,,18.3300,,,,,,,,12.2000,11.7200,16.5900,20.0400,25.2900
2007-11-06,13.4800,17.8000,,18.7300,,,,,,,,12.2000,11.7200,17.0800,20.5600,25.8200
2007-11-05,13.4500,17.6300,,18.5300,,,,,,,,12.1900,11.7400,16.8800,20.3100,25.4400
2007-11-02,13.4600,17.7300,,18.6500,,,,,,,,12.1900,11.7700,16.9600,20.5000,25.6900
2007-11-01,13.4500,17.7000,,18.6200,,,,,,,,12.1900,11.7400,16.9500,20.4800,25.5900
2007-10-31,13.5200,18.0500,,19.0300,,,,,,,,12.1900,11.6800,17.4000,21.0600,26.3100
2007-10-30,13.4900,17.8800,,18.8300,,,,,,,,12.1900,11.7300,17.1900,20.7600,25.9300
2007-10-29,13.5000,17.9500,,18.9200,,,,,,,,12.1800,11.7300,17.3000,20.9000,26.0200
2007-10-26,13.4900,17.9000,,18.8500,,,,,,,,12.1800,11.7300,17.2400,20.8300,25.8800
2007-10-25,13.4500,17.7000,,18.6100,,,,,,,,12.1800,11.7400,17.0000,20.5600,25.3500
2007-10-24,13.4500,17.7100,,18.6300,,,,,,,,12.1800,11.7500,17.0200,20.6600,25.3200
2007-10-23,13.4500,17.7500,,18.6700,,,,,,,,12.1800,11.7100,17.0600,20.7400,25.4000
2007-10-22,13.4200,17.6100,,18.5000,,,,,,,,12.1700,11.7100,16.9100,20.5500,25.0000
2007-10-19,13.4100,17.5700,,18.4700,,,,,,,,12.1700,11.7100,16.8500,20.3900,25.1300
2007-10-18,13.4700,17.8700,,18.8200,,,,,,,,12.1700,11.6600,17.2900,20.9400,25.5800
2007-10-17,13.4700,17.8600,,18.8100,,,,,,,,12.1700,11.6400,17.3000,20.9300,25.4900
2007-10-16,13.4600,17.8200,,18.7600,,,,,,,,12.1600,11.5900,17.2700,20.8900,25.3900
2007-10-15,13.4800,17.9300,,18.9000,,,,,,,,12.1600,11.5800,17.3900,21.0400,25.7400
2007-10-12,13.4900,18.0300,,19.0100,,,,,,,,12.1600,11.5700,17.5300,21.2500,25.8400
2007-10-11,13.4800,17.9700,,18.9400,,,,,,,,12.1600,11.5800,17.4500,21.1200,25.7400
2007-10-10,13.4900,18.0200,,19.0000,,,,,,,,12.1600,11.5800,17.5400,21.2900,25.7000
2007-10-09,13.4900,18.0300,,19.0100,,,,,,,,12.1500,11.5700,17.5700,21.2700,25.7300
2007-10-05,13.4700,17.9600,,18.9300,,,,,,,,12.1500,11.5700,17.4800,21.1800,25.5800
2007-10-04,13.4500,17.8400,,18.7800,,,,,,,,12.1500,11.6300,17.3100,20.8600,25.4000
2007-10-03,13.4400,17.7900,,18.7300,,,,,,,,12.1400,11.6100,17.2800,20.8100,25.2800
2007-10-02,13.4500,17.8500,,18.8000,,,,,,,,12.1400,11.6100,17.3500,20.9300,25.3900
2007-10-01,13.4500,17.8600,,18.8100,,,,,,,,12.1400,11.5900,17.3600,20.8200,25.5200
2007-09-28,13.4100,17.6800,,18.5900,,,,,,,,12.1400,11.5800,17.1300,20.4800,25.1800
2007-09-27,13.4100,17.6900,,18.6100,,,,,,,,12.1400,11.5800,17.1800,20.5700,25.0500
2007-09-26,13.3900,17.5900,,18.4800,,,,,,,,12.1300,11.5500,17.1100,20.4200,24.7100
2007-09-25,13.3700,17.5200,,18.4000,,,,,,,,12.1300,11.5500,17.0200,20.2800,24.6200
2007-09-24,13.3700,17.5300,,18.4200,,,,,,,,12.1300,11.5500,17.0200,20.3100,24.6600
2007-09-21,13.3800,17.5700,,18.4600,,,,,,,,12.1300,11.5400,17.1100,20.4400,24.6100
2007-09-20,13.3600,17.5100,,18.3900,,,,,,,,12.1300,11.5100,17.0300,20.3700,24.4800
2007-09-19,13.3800,17.5700,,18.4700,,,,,,,,12.1200,11.5900,17.1400,20.5000,24.4600
2007-09-18,13.3600,17.4800,,18.3600,,,,,,,,12.1200,11.5900,17.0400,20.3400,24.2300
2007-09-17,13.2800,17.1100,,17.9200,,,,,,,,12.1200,11.5700,16.5600,19.7400,23.5600
2007-09-14,13.2900,17.2000,,18.0300,,,,,,,,12.1200,11.5600,16.6400,19.9100,23.8300
2007-09-13,13.2900,17.2000,,18.0300,,,,,,,,12.1100,11.5500,16.6400,19.8300,23.9100
2007-09-12,13.2700,17.1300,,17.9400,,,,,,,,12.1100,11.5900,16.5000,19.7500,23.8300
2007-09-11,13.2700,17.1200,,17.9300,,,,,,,,12.1100,11.6100,16.4900,19.7800,23.7200
2007-09-10,13.2400,16.9500,,17.7300,,,,,,,,12.1100,11.6400,16.2700,19.5300,23.3800
2007-09-07,13.2400,17.0100,,17.8000,,,,,,,,12.1100,11.6100,16.2900,19.6800,23.6100
2007-09-06,13.2800,17.1900,,18.0100,,,,,,,,12.1000,11.5400,16.5700,20.0200,23.8400
2007-09-05,13.2600,17.1300,,17.9500,,,,,,,,12.1000,11.5500,16.5000,19.9500,23.7200
2007-09-04,13.2900,17.2800,,18.1200,,,,,,,,12.1000,11.4900,16.6800,20.1300,24.1100
2007-08-31,13.2600,17.1500,,17.9700,,,,,,,,12.0900,11.4900,16.5100,19.8900,23.9000
2007-08-30,13.2200,16.9900,,17.7800,,,,,,,,12.0900,11.5100,16.3300,19.6200,23.5300
2007-08-29,13.2300,17.0300,,17.8300,,,,,,,,12.0900,11.4900,16.3900,19.6800,23.6000
2007-08-28,13.1700,16.7500,,17.5000,,,,,,,,12.0900,11.5100,16.0400,19.2600,23.0600
2007-08-27,13.2300,17.0400,,17.8500,,,,,,,,12.0900,11.4800,16.4200,19.7200,23.6300
2007-08-24,13.2500,17.1400,,17.9600,,,,,,,,12.0800,11.4700,16.5600,19.9200,23.7700
2007-08-23,13.2100,16.9800,,17.7800,,,,,,,,12.0800,11.4500,16.3700,19.6600,23.4400
2007-08-22,13.2100,16.9800,,17.7800,,,,,,,,12.0800,11.4500,16.3900,19.7700,23.3100
2007-08-21,13.1700,16.8100,,17.5700,,,,,,,,12.0800,11.4600,16.2000,19.5000,22.8700
2007-08-20,13.1600,16.7700,,17.5200,,,,,,,,12.0800,11.4300,16.1800,19.4400,22.7400
2007-08-17,13.1600,16.7600,,17.5000,,,,,,,,12.0700,11.4100,16.1900,19.3600,22.7300
2007-08-16,13.1000,16.5100,,17.2200,,,,,,,,12.0700,11.4200,15.8000,18.9100,22.4800
2007-08-15,13.1000,16.5000,,17.2100,,,,,,,,12.0700,11.3800,15.7500,18.8100,22.6800
2007-08-14,13.1400,16.7000,,17.4400,,,,,,,,12.0700,11.3800,15.9600,19.1500,23.1300
2007-08-13,13.1800,16.9200,,17.7100,,,,,,,,12.0700,11.3700,16.2600,19.5300,23.5600
2007-08-10,13.1700,16.8800,,17.6600,,,,,,,,12.0600,11.3700,16.2600,19.5700,23.2800
2007-08-09,13.1800,16.9400,,17.7300,,,,,,,,12.0600,11.3700,16.2600,19.5600,23.6900
2007-08-08,13.2500,17.2800,,18.1300,,,,,,,,12.0600,11.3400,16.7500,19.9500,24.3700
2007-08-07,13.2100,17.0800,,17.9000,,,,,,,,12.0600,11.3800,16.5100,19.5800,23.9300
2007-08-06,13.2000,17.0300,,17.8400,,,,,,,,12.0600,11.3800,16.4100,19.4100,24.0600
2007-08-03,13.1400,16.8000,,17.5700,,,,,,,,12.0500,11.4000,16.0200,19.2100,23.6400
2007-08-02,13.2000,17.0800,,17.9100,,,,,,,,12.0500,11.3700,16.4600,19.7800,23.9900
2007-08-01,13.1900,17.0300,,17.8500,,,,,,,,12.0500,11.3600,16.3800,19.6200,24.0000
2007-07-31,13.1800,17.0000,,17.8100,,,,,,,,12.0500,11.3500,16.2600,19.6200,24.0700
2007-07-30,13.1900,17.0800,,17.9000,,,,,,,,12.0400,11.3300,16.4700,19.7900,23.9400
2007-07-27,13.1600,16.9500,,17.7500,,,,,,,,12.0400,11.3500,16.3000,19.6100,23.6900
2007-07-26,13.2100,17.1800,,18.0200,,,,,,,,12.0400,11.3600,16.5700,19.8900,24.2600
2007-07-25,13.2700,17.4600,,18.3500,,,,,,,,12.0400,11.3200,16.9600,20.3600,24.7700
2007-07-24,13.2600,17.4400,,18.3400,,,,,,,,12.0300,11.3000,16.8800,20.3800,24.8900
2007-07-23,13.3100,17.7000,,18.6400,,,,,,,,12.0300,11.3000,17.2300,20.8700,25.3100
2007-07-20,13.3000,17.6600,,18.6100,,,,,,,,12.0300,11.3000,17.1400,20.8900,25.2800
2007-07-19,13.3200,17.7900,,18.7500,,,,,,,,12.0300,11.2700,17.3500,21.1400,25.3800
2007-07-18,13.3100,17.7100,,18.6600,,,,,,,,12.0200,11.2800,17.2800,21.0300,25.1500
2007-07-17,13.3100,17.7600,,18.7200,,,,,,,,12.0200,11.2500,17.3100,21.0800,25.3800
2007-07-16,13.3100,17.7700,,18.7400,,,,,,,,12.0200,11.2700,17.3100,21.0800,25.4700
2007-07-13,13.3100,17.7900,,18.7600,,,,,,,,12.0200,11.2400,17.3400,21.2100,25.4300
2007-07-12,13.3100,17.7700,,18.7400,,,,,,,,12.0100,11.2300,17.2900,21.1500,25.4800
2007-07-11,13.2600,17.5500,,18.4800,,,,,,,,12.0100,11.2500,16.9700,20.8600,25.0900
2007-07-10,13.2500,17.4900,,18.4000,,,,,,,,12.0100,11.2700,16.8700,20.7800,24.9700
2007-07-09,13.2700,17.6400,,18.5900,,,,,,,,12.0100,11.2100,17.1100,21.0900,25.1900
2007-07-06,13.2600,17.6100,,18.5500,,,,,,,,12.0000,11.1900,17.1000,21.0500,25.0700
2007-07-05,13.2500,17.5600,,18.4900,,,,,,,,12.0000,11.2100,17.0300,20.9500,24.9600
2007-07-03,13.2500,17.5600,,18.4900,,,,,,,,12.0000,11.2500,17.0300,20.8800,24.9900
2007-07-02,13.2400,17.5100,,18.4300,,,,,,,,12.0000,11.2800,16.9600,20.8200,24.8400
2007-06-29,13.2100,17.3700,,18.2700,,,,,,,,11.9900,11.2600,16.7800,20.5600,24.6600
2007-06-28,13.2000,17.3500,,18.2400,,,,,,,,11.9900,11.2100,16.8100,20.6000,24.4500
2007-06-27,13.2000,17.3400,,18.2300,,,,,,,,11.9900,11.2400,16.8200,20.5600,24.3500
2007-06-26,13.1800,17.2500,,18.1200,,,,,,,,11.9900,11.2200,16.6600,20.3100,24.4100
2007-06-25,13.1800,17.2800,,18.1500,,,,,,,,11.9900,11.2300,16.7200,20.4000,24.3500
2007-06-22,13.1900,17.3400,,18.2300,,,,,,,,11.9800,11.2000,16.7700,20.5600,24.5100
2007-06-21,13.2100,17.4500,,18.3600,,,,,,,,11.9800,11.1800,16.9900,20.7000,24.5800
2007-06-20,13.2000,17.3900,,18.2900,,,,,,,,11.9800,11.2000,16.8800,20.6100,24.5200
2007-06-19,13.2300,17.5400,,18.4600,,,,,,,,11.9800,11.2300,17.1100,20.8700,24.6800
2007-06-18,13.2200,17.5200,,18.4500,,,,,,,,11.9700,11.2000,17.0800,20.8400,24.7100
2007-06-15,13.2200,17.5200,,18.4500,,,,,,,,11.9700,11.1800,17.1000,20.8700,24.6600
2007-06-14,13.1900,17.4000,,18.3000,,,,,,,,11.9700,11.1500,16.9900,20.6800,24.3400
2007-06-13,13.1800,17.3400,,18.2300,,,,,,,,11.9700,11.1500,16.9100,20.5500,24.2300
2007-06-12,13.1400,17.1800,,18.0400,,,,,,,,11.9600,11.1200,16.6500,20.3200,24.0600
2007-06-11,13.1700,17.3100,,18.1900,,,,,,,,11.9600,11.1800,16.8300,20.5300,24.2100
2007-06-08,13.1700,17.3000,,18.1900,,,,,,,,11.9600,11.1800,16.8200,20.5300,24.2400
2007-06-07,13.1400,17.1700,,18.0300,,,,,,,,11.9600,11.1900,16.6300,20.3200,24.0300
2007-06-06,13.1900,17.4200,,18.3300,,,,,,,,11.9500,11.2500,16.9200,20.7200,24.5600
2007-06-05,13.2100,17.5500,,18.4800,,,,,,,,11.9500,11.2500,17.0700,20.9500,24.8300
2007-06-04,13.2300,17.6100,,18.5500,,,,,,,,11.9500,11.2800,17.1600,21.0800,24.8600
2007-06-01,13.2100,17.5700,,18.5100,,,,,,,,11.9500,11.2600,17.1300,21.0100,24.7700
2007-05-31,13.2000,17.5100,,18.4400,,,,,,,,11.9400,11.2900,17.0700,20.8800,24.6100
2007-05-30,13.2000,17.4800,,18.4000,,,,,,,,11.9400,11.2900,17.0600,20.7900,24.5200
2007-05-29,13.1800,17.4000,,18.3000,,,,,,,,11.9400,11.2900,16.9200,20.6000,24.4800
2007-05-25,13.1600,17.3400,,18.2400,,,,,,,,11.9400,11.3000,16.8900,20.4400,24.3300
2007-05-24,13.1500,17.2800,,18.1600,,,,,,,,11.9300,11.3000,16.8000,20.3100,24.2600
2007-05-23,13.1800,17.4300,,18.3500,,,,,,,,11.9300,11.3000,16.9600,20.6100,24.6100
2007-05-22,13.1700,17.4200,,18.3300,,,,,,,,11.9300,11.3100,16.9800,20.6700,24.4100
2007-05-21,13.1700,17.4000,,18.3100,,,,,,,,11.9300,11.3300,16.9900,20.5600,24.3500
2007-05-18,13.1600,17.3600,,18.2600,,,,,,,,11.9200,11.3100,16.9700,20.3600,24.3500
2007-05-17,13.1500,17.2900,,18.1700,,,,,,,,11.9200,11.3400,16.8600,20.2200,24.2200
2007-05-16,13.1500,17.3100,,18.2000,,,,,,,,11.9200,11.3600,16.8700,20.2600,24.3000
2007-05-15,13.1300,17.2500,,18.1300,,,,,,,,11.9200,11.3500,16.7200,20.1500,24.3800
2007-05-14,13.1400,17.2700,,18.1500,,,,,,,,11.9200,11.3600,16.7400,20.2900,24.3200
2007-05-11,13.1400,17.2900,,18.1800,,,,,,,,11.9100,11.3700,16.7700,20.4100,24.2800
2007-05-10,13.1100,17.1600,,18.0300,,,,,,,,11.9100,11.3800,16.6100,20.1900,24.0400
2007-05-09,13.1500,17.3500,,18.2500,,,,,,,,11.9100,11.3700,16.8400,20.4900,24.4500
2007-05-08,13.1400,17.2900,,18.1800,,,,,,,,11.9100,11.3900,16.7800,20.3700,24.3100
2007-05-07,13.1400,17.3400,,18.2500,,,,,,,,11.9100,11.3800,16.8000,20.4000,24.5800
2007-05-04,13.1300,17.3000,,18.1900,,,,,,,,11.9000,11.3800,16.7600,20.4000,24.4000
2007-05-03,13.1200,17.2400,,18.1300,,,,,,,,11.9000,11.3600,16.7200,20.3300,24.2000
2007-05-02,13.1100,17.2000,,18.0800,,,,,,,,11.9000,11.3700,16.6400,20.2900,24.1900
2007-05-01,13.0900,17.1100,,17.9700,,,,,,,,11.9000,11.3700,16.5400,20.0300,24.0500
2007-04-30,13.0800,17.0800,,17.9400,,,,,,,,11.9000,11.3700,16.4900,20.0000,24.0000
2007-04-27,13.1000,17.1800,,18.0600,,,,,,,,11.8900,11.3400,16.6200,20.2800,24.1400
2007-04-26,13.1000,17.2000,,18.0800,,,,,,,,11.8900,11.3400,16.6200,20.3500,24.2000
2007-04-25,13.1000,17.2000,,18.0900,,,,,,,,11.8900,11.3600,16.6300,20.3100,24.2200
2007-04-24,13.0800,17.1100,,17.9700,,,,,,,,11.8900,11.3700,16.4700,20.1700,24.1100
2007-04-23,13.0800,17.1200,,17.9900,,,,,,,,11.8900,11.3600,16.4700,20.2000,24.2000
2007-04-20,13.0800,17.1400,,18.0100,,,,,,,,11.8800,11.3400,16.5100,20.1900,24.2400
2007-04-19,13.0500,17.0300,,17.8800,,,,,,,,11.8800,11.3400,16.3600,20.0200,24.0400
2007-04-18,13.0600,17.0700,,17.9300,,,,,,,,11.8800,11.3500,16.3800,20.1200,24.1800
2007-04-17,13.0600,17.0600,,17.9200,,,,,,,,11.8800,11.3300,16.3700,20.1700,24.1500
2007-04-16,13.0500,17.0400,,17.9000,,,,,,,,11.8800,11.3000,16.3300,20.2000,24.1000
2007-04-13,13.0200,16.9200,,17.7500,,,,,,,,11.8700,11.2800,16.1600,20.0000,23.9300
2007-04-12,13.0100,16.8600,,17.6800,,,,,,,,11.8700,11.2900,16.1000,19.9000,23.7400
2007-04-11,12.9900,16.8000,,17.6200,,,,,,,,11.8700,11.2900,16.0000,19.7700,23.7600
2007-04-10,13.0000,16.8600,,17.6900,,,,,,,,11.8700,11.3000,16.1100,19.9000,23.7700
2007-04-09,12.9900,16.8000,,17.6100,,,,,,,,11.8600,11.2800,16.0600,19.8400,23.5400
2007-04-05,12.9900,16.8100,,17.6300,,,,,,,,11.8600,11.3100,16.0500,19.8200,23.6100
2007-04-04,12.9800,16.7700,,17.5800,,,,,,,,11.8600,11.3200,16.0000,19.7600,23.5500
2007-04-03,12.9700,16.7400,,17.5400,,,,,,,,11.8500,11.3100,15.9800,19.7500,23.4000
2007-04-02,12.9500,16.6300,,17.4100,,,,,,,,11.8500,11.3200,15.8300,19.5800,23.1800
2007-03-30,12.9400,16.5900,,17.3700,,,,,,,,11.8500,11.3100,15.7900,19.5100,23.1300
2007-03-29,12.9400,16.6000,,17.3800,,,,,,,,11.8500,11.3200,15.8100,19.4700,23.1600
2007-03-28,12.9200,16.5400,,17.3100,,,,,,,,11.8500,11.3200,15.7500,19.4500,22.9400
2007-03-27,12.9400,16.6300,,17.4100,,,,,,,,11.8400,11.3300,15.8700,19.5400,23.1300
2007-03-26,12.9500,16.6900,,17.4800,,,,,,,,11.8400,11.3400,15.9700,19.6600,23.1600
2007-03-23,12.9500,16.6900,,17.4900,,,,,,,,11.8400,11.3200,15.9600,19.6700,23.2400
2007-03-22,12.9500,16.6800,,17.4700,,,,,,,,11.8400,11.3300,15.9400,19.6400,23.2100
2007-03-21,12.9500,16.6800,,17.4800,,,,,,,,11.8300,11.3600,15.9400,19.6100,23.2200
2007-03-20,12.9000,16.4600,,17.2100,,,,,,,,11.8300,11.3400,15.6800,19.3200,22.7300
2007-03-19,12.8800,16.3800,,17.1100,,,,,,,,11.8300,11.3300,15.5800,19.1700,22.5600
2007-03-16,12.8500,16.2400,,16.9500,,,,,,,,11.8300,11.3400,15.4100,18.9500,22.3000
2007-03-15,12.8500,16.2700,,16.9900,,,,,,,,11.8300,11.3400,15.4700,19.0500,22.2600
2007-03-14,12.8400,16.2000,,16.9000,,,,,,,,11.8200,11.3400,15.4100,18.9000,22.0400
2007-03-13,12.8300,16.1700,,16.8700,,,,,,,,11.8200,11.3600,15.3100,18.8200,22.2000
2007-03-12,12.8800,16.4000,,17.1500,,,,,,,,11.8200,11.3300,15.6200,19.2200,22.6000
2007-03-09,12.8600,16.3600,,17.0900,,,,,,,,11.8200,11.3100,15.5800,19.1400,22.5000
2007-03-08,12.8600,16.3400,,17.0800,,,,,,,,11.8200,11.3500,15.5700,19.0700,22.4700
2007-03-07,12.8400,16.2400,,16.9600,,,,,,,,11.8100,11.3500,15.4600,18.9300,22.2200
2007-03-06,12.8400,16.2500,,16.9700,,,,,,,,11.8100,11.3300,15.4900,18.9500,22.1900
2007-03-05,12.7900,16.0300,,16.7000,,,,,,,,11.8100,11.3300,15.2500,18.5900,21.6500
2007-03-02,12.8200,16.1900,,16.9000,,,,,,,,11.8100,11.3300,15.4000,18.9400,22.0600
2007-03-01,12.8500,16.3400,,17.0800,,,,,,,,11.8000,11.3100,15.5800,19.2500,22.3400
2007-02-28,12.8600,16.4000,,17.1400,,,,,,,,11.8000,11.3100,15.6200,19.3000,22.5500
2007-02-27,12.8500,16.3700,,17.1200,,,,,,,,11.8000,11.3300,15.5300,19.2400,22.6700
2007-02-26,12.9300,16.7800,,17.6000,,,,,,,,11.8000,11.2800,16.0800,19.8900,23.4100
2007-02-23,12.9300,16.7700,,17.5900,,,,,,,,11.8000,11.2500,16.1000,19.9500,23.2900
2007-02-22,12.9300,16.7700,,17.5900,,,,,,,,11.7900,11.2300,16.1600,20.0000,23.1300
2007-02-21,12.9300,16.7600,,17.5800,,,,,,,,11.7900,11.2500,16.1700,19.9800,23.0500
2007-02-20,12.9300,16.7900,,17.6100,,,,,,,,11.7900,11.2500,16.1900,19.9500,23.2200
2007-02-16,12.9200,16.7400,,17.5600,,,,,,,,11.7800,11.2400,16.1400,19.8000,23.1700
2007-02-15,12.9200,16.7500,,17.5600,,,,,,,,11.7800,11.2300,16.1600,19.7400,23.2300
2007-02-14,12.9100,16.7200,,17.5300,,,,,,,,11.7800,11.2200,16.1400,19.7100,23.1100
2007-02-13,12.8800,16.6000,,17.3900,,,,,,,,11.7800,11.1700,16.0100,19.6200,22.7700
2007-02-12,12.8600,16.5100,,17.2800,,,,,,,,11.7800,11.1700,15.8900,19.4600,22.6300
2007-02-09,12.8700,16.5600,,17.3400,,,,,,,,11.7700,11.1800,15.9400,19.5500,22.7800
2007-02-08,12.8800,16.6200,,17.4100,,,,,,,,11.7700,11.2100,16.0500,19.7200,22.7000
2007-02-07,12.8800,16.6500,,17.4500,,,,,,,,11.7700,11.2000,16.0700,19.7200,22.8500
2007-02-06,12.8700,16.6000,,17.3900,,,,,,,,11.7700,11.1900,16.0400,19.6100,22.7300
2007-02-05,12.8600,16.5600,,17.3500,,,,,,,,11.7700,11.1700,16.0300,19.5400,22.5900
2007-02-02,12.8600,16.5800,,17.3700,,,,,,,,11.7600,11.1500,16.0400,19.5600,22.6800
2007-02-01,12.8600,16.5600,,17.3400,,,,,,,,11.7600,11.1400,16.0200,19.5100,22.6600
2007-01-31,12.8400,16.4800,,17.2500,,,,,,,,11.7600,11.1400,15.9300,19.3500,22.5100
2007-01-30,12.8200,16.4100,,17.1600,,,,,,,,11.7600,11.1100,15.8200,19.2400,22.4200
2007-01-29,12.8100,16.3400,,17.0800,,,,,,,,11.7600,11.1000,15.7300,19.1300,22.3200
2007-01-26,12.8000,16.3200,,17.0600,,,,,,,,11.7500,11.1100,15.7500,19.0400,22.2400
2007-01-25,12.8000,16.3300,,17.0800,,,,,,,,11.7500,11.1100,15.7700,18.9900,22.3100
2007-01-24,12.8300,16.4700,,17.2400,,,,,,,,11.7500,11.1400,15.9500,19.1900,22.5300
2007-01-23,12.8100,16.3800,,17.1300,,,,,,,,11.7500,11.1400,15.8100,19.0100,22.4500
2007-01-22,12.8000,16.3200,,17.0700,,,,,,,,11.7500,11.1600,15.7500,18.8700,22.3500
2007-01-19,12.8000,16.3700,,17.1200,,,,,,,,11.7400,11.1500,15.8400,18.9800,22.3300
2007-01-18,12.7900,16.3200,,17.0600,,,,,,,,11.7400,11.1600,15.7900,18.8500,22.2300
2007-01-17,12.8000,16.3600,,17.1000,,,,,,,,11.7400,11.1400,15.8400,19.0300,22.2300
2007-01-16,12.8000,16.3600,,17.1100,,,,,,,,11.7400,11.1600,15.8500,19.0600,22.2000
2007-01-12,12.7900,16.3500,,17.0900,,,,,,,,11.7300,11.1400,15.8400,19.0800,22.1400
2007-01-11,12.7700,16.2700,,17.0000,,,,,,,,11.7300,11.1500,15.7600,18.9500,21.9100
2007-01-10,12.7600,16.1800,,16.9000,,,,,,,,11.7300,11.1900,15.6600,18.7500,21.7500
2007-01-09,12.7600,16.2000,,16.9300,,,,,,,,11.7300,11.1900,15.6300,18.6800,22.0400
2007-01-08,12.7600,16.1900,,16.9100,,,,,,,,11.7200,11.1900,15.6400,18.6300,21.9800
2007-01-05,12.7500,16.1700,,16.8900,,,,,,,,11.7200,11.1900,15.6000,18.5800,21.9900
2007-01-04,12.7700,16.2800,,17.0200,,,,,,,,11.7200,11.2000,15.6900,18.8100,22.2900
2007-01-03,12.7700,16.2900,,17.0300,,,,,,,,11.7200,11.1800,15.6700,18.7600,22.4400
2006-12-29,12.7600,16.2500,,16.9900,,,,,,,,11.7100,11.1400,15.6900,18.7600,22.2200
2006-12-28,12.7600,16.3000,,17.0400,,,,,,,,11.7100,11.1400,15.7600,18.8800,22.2100
2006-12-27,12.7700,16.3100,,17.0500,,,,,,,,11.7100,11.1600,15.7800,18.9200,22.1800
2006-12-26,12.7500,16.2100,,16.9400,,,,,,,,11.7000,11.1800,15.6700,18.7400,21.9900
2006-12-22,12.7300,16.1700,,16.8900,,,,,,,,11.7000,11.1600,15.6000,18.6300,22.0200
2006-12-21,12.7400,16.2300,,16.9600,,,,,,,,11.7000,11.2000,15.6800,18.6900,22.1000
2006-12-20,12.7500,16.2600,,17.0000,,,,,,,,11.7000,11.1700,15.7400,18.7800,22.1300
2006-12-19,12.7500,16.2400,,16.9800,,,,,,,,11.6900,11.1700,15.7600,18.7600,21.9900
2006-12-18,12.7400,16.2400,,16.9700,,,,,,,,11.6900,11.1700,15.7200,18.7500,22.0400
2006-12-15,12.7500,16.2800,,17.0300,,,,,,,,11.6900,11.1700,15.7800,18.9400,22.0700
2006-12-14,12.7500,16.2800,,17.0200,,,,,,,,11.6900,11.1600,15.7600,18.9600,22.0600
2006-12-13,12.7300,16.2000,,16.9300,,,,,,,,11.6900,11.1700,15.6200,18.8400,21.9800
2006-12-12,12.7200,16.1800,,16.9100,,,,,,,,11.6800,11.2100,15.6000,18.8300,21.9000
2006-12-11,12.7200,16.1800,,16.9000,,,,,,,,11.6800,11.1900,15.6200,18.9100,21.7900
2006-12-08,12.7100,16.1500,,16.8700,,,,,,,,11.6800,11.1700,15.5800,18.9100,21.7100
2006-12-07,12.7100,16.1600,,16.8900,,,,,,,,11.6800,11.2100,15.5500,18.9100,21.8600
2006-12-06,12.7200,16.1900,,16.9200,,,,,,,,11.6700,11.2100,15.6100,18.9900,21.7800
2006-12-05,12.7200,16.1800,,16.9100,,,,,,,,11.6700,11.2300,15.6300,18.9900,21.6900
2006-12-04,12.7100,16.1400,,16.8600,,,,,,,,11.6700,11.2300,15.5700,18.9400,21.6100
2006-12-01,12.6800,16.0400,,16.7400,,,,,,,,11.6700,11.2300,15.4300,18.7000,21.5400
2006-11-30,12.6800,16.0600,,16.7700,,,,,,,,11.6700,11.2000,15.4700,18.7400,21.5500
2006-11-29,12.6700,16.0200,,16.7200,,,,,,,,11.6600,11.1700,15.4600,18.6700,21.4200
2006-11-28,12.6500,15.8900,,16.5600,,,,,,,,11.6600,11.1800,15.3100,18.4400,21.1200
2006-11-27,12.6400,15.8600,,16.5300,,,,,,,,11.6600,11.1600,15.2600,18.4000,21.1600
2006-11-24,12.6700,16.0200,,16.7100,,,,,,,,11.6600,11.1500,15.4700,18.7800,21.3100
2006-11-22,12.6700,16.0300,,16.7300,,,,,,,,11.6500,11.1400,15.5200,18.7800,21.2900
2006-11-21,12.6500,15.9700,,16.6600,,,,,,,,11.6500,11.1300,15.4800,18.7200,21.0400
2006-11-20,12.6500,15.9400,,16.6200,,,,,,,,11.6500,11.1300,15.4600,18.6600,20.9900
2006-11-17,12.6500,15.9500,,16.6400,,,,,,,,11.6500,11.1200,15.4600,18.6000,21.1100
2006-11-16,12.6400,15.9600,,16.6500,,,,,,,,11.6500,11.0800,15.4500,18.6200,21.2000
2006-11-15,12.6400,15.9500,,16.6400,,,,,,,,11.6400,11.1000,15.4100,18.6300,21.2000
2006-11-14,12.6400,15.9200,,16.6100,,,,,,,,11.6400,11.1200,15.3700,18.4900,21.2500
2006-11-13,12.6100,15.8300,,16.5000,,,,,,,,11.6400,11.1000,15.2700,18.2900,21.0800
2006-11-10,12.6100,15.8200,,16.4900,,,,,,,,11.6400,11.1100,15.2300,18.2400,21.1700
2006-11-09,12.6000,15.7800,,16.4400,,,,,,,,11.6300,11.0900,15.2000,18.1400,21.1000
2006-11-08,12.6100,15.8300,,16.5000,,,,,,,,11.6300,11.0800,15.2800,18.2500,21.1300
2006-11-07,12.6000,15.8200,,16.4900,,,,,,,,11.6300,11.0700,15.2500,18.1300,21.2800
2006-11-06,12.5900,15.7600,,16.4200,,,,,,,,11.6300,11.0400,15.2100,18.1000,21.0400
2006-11-03,12.5600,15.6400,,16.2800,,,,,,,,11.6300,11.0300,15.0400,17.8800,20.8900
2006-11-02,12.5700,15.6600,,16.3000,,,,,,,,11.6200,11.0900,15.0700,17.8200,20.9500
2006-11-01,12.5700,15.6600,,16.3000,,,,,,,,11.6200,11.1000,15.0700,17.8600,20.9200
2006-10-31,12.5800,15.7400,,16.3900,,,,,,,,11.6200,11.0800,15.1800,18.1000,20.9300
2006-10-30,12.5700,15.7300,,16.3800,,,,,,,,11.6200,11.0400,15.1800,18.1300,20.8800
2006-10-27,12.5700,15.7400,,16.3900,,,,,,,,11.6200,11.0400,15.1800,18.0800,21.0100
2006-10-26,12.5900,15.8000,,16.4700,,,,,,,,11.6100,11.0100,15.3000,18.2700,20.9800
2006-10-25,12.5700,15.7200,,16.3700,,,,,,,,11.6100,10.9800,15.2300,18.0800,20.8300
2006-10-24,12.5500,15.6700,,16.3100,,,,,,,,11.6100,10.9600,15.1700,17.9800,20.7400
2006-10-23,12.5500,15.6600,,16.3000,,,,,,,,11.6100,10.9500,15.1700,17.9600,20.7400
2006-10-20,12.5400,15.6200,,16.2500,,,,,,,,11.6000,10.9700,15.0800,17.9000,20.7300
2006-10-19,12.5300,15.6100,,16.2500,,,,,,,,11.6000,10.9700,15.0600,18.0100,20.6500
2006-10-18,12.5300,15.5800,,16.2100,,,,,,,,11.6000,10.9800,15.0500,17.9400,20.5500
2006-10-17,12.5200,15.5600,,16.1900,,,,,,,,11.6000,10.9700,15.0300,17.9600,20.4500
2006-10-16,12.5300,15.6200,,16.2500,,,,,,,,11.6000,10.9600,15.0800,18.0800,20.5800
2006-10-13,12.5200,15.5600,,16.1800,,,,,,,,11.5900,10.9400,15.0400,17.9300,20.4400
2006-10-12,12.5100,15.5500,,16.1700,,,,,,,,11.5900,10.9500,15.0100,17.8300,20.5200
2006-10-11,12.4800,15.4200,,16.0300,,,,,,,,11.5900,10.9400,14.8700,17.5700,20.3300
2006-10-10,12.4900,15.4500,,16.0600,,,,,,,,11.5900,10.9600,14.9100,17.6400,20.3200
2006-10-06,12.4800,15.4100,,16.0100,,,,,,,,11.5800,10.9800,14.8600,17.4800,20.2800
2006-10-05,12.4900,15.4600,,16.0700,,,,,,,,11.5800,11.0300,14.9000,17.5600,20.4200
2006-10-04,12.4800,15.4100,,16.0200,,,,,,,,11.5800,11.0500,14.8700,17.3500,20.4000
2006-10-03,12.4500,15.2800,,15.8500,,,,,,,,11.5800,11.0200,14.6900,17.0800,20.2200
2006-10-02,12.4500,15.2800,,15.8600,,,,,,,,11.5800,11.0200,14.6600,17.1200,20.2900
2006-09-29,12.4500,15.2900,,15.8700,,,,,,,,11.5700,11.0000,14.7000,17.2400,20.1500
2006-09-28,12.4500,15.3200,,15.9000,,,,,,,,11.5700,11.0100,14.7400,17.3200,20.1500
2006-09-27,12.4500,15.3000,,15.8900,,,,,,,,11.5700,11.0200,14.7100,17.3100,20.1500
2006-09-26,12.4400,15.2700,,15.8400,,,,,,,,11.5700,11.0200,14.7100,17.2300,20.0000
2006-09-25,12.4200,15.2000,,15.7700,,,,,,,,11.5700,11.0300,14.6000,17.1300,19.9600
2006-09-22,12.4000,15.1200,,15.6800,,,,,,,,11.5600,11.0100,14.4700,16.9900,19.9100
2006-09-21,12.4100,15.1700,,15.7300,,,,,,,,11.5600,10.9900,14.5100,17.1200,20.0300
2006-09-20,12.4100,15.1900,,15.7600,,,,,,,,11.5600,10.9500,14.5800,17.2400,19.9000
2006-09-19,12.4000,15.1300,,15.6900,,,,,,,,11.5600,10.9400,14.5000,17.1200,19.8400
2006-09-18,12.4000,15.1600,,15.7200,,,,,,,,11.5600,10.9000,14.5400,17.2000,19.8700
2006-09-15,12.3900,15.1400,,15.7000,,,,,,,,11.5500,10.9000,14.5200,17.1900,19.8300
2006-09-14,12.3900,15.1400,,15.7000,,,,,,,,11.5500,10.9100,14.4800,17.1700,19.9300
2006-09-13,12.3900,15.1400,,15.6900,,,,,,,,11.5500,10.9200,14.5000,17.2400,19.7900
2006-09-12,12.3800,15.1000,,15.6600,,,,,,,,11.5500,10.9200,14.4400,17.1100,19.8500
2006-09-11,12.3500,14.9700,,15.4900,,,,,,,,11.5500,10.9000,14.2900,16.8200,19.6100
2006-09-08,12.3500,15.0000,,15.5400,,,,,,,,11.5400,10.9100,14.2800,16.8700,19.8000
2006-09-07,12.3400,14.9700,,15.5100,,,,,,,,11.5400,10.9000,14.2300,16.8500,19.8100
2006-09-06,12.3600,15.0600,,15.6100,,,,,,,,11.5400,10.8900,14.3000,16.9500,20.0900
2006-09-05,12.3900,15.1900,,15.7700,,,,,,,,11.5400,10.9000,14.4400,17.2400,20.3300
2006-09-01,12.3700,15.1500,,15.7100,,,,,,,,11.5300,10.9200,14.4100,17.1500,20.1800
2006-08-31,12.3600,15.0900,,15.6500,,,,,,,,11.5300,10.9100,14.3300,17.0900,20.1200
2006-08-30,12.3600,15.0900,,15.6400,,,,,,,,11.5300,10.8900,14.3400,17.0300,20.1200
2006-08-29,12.3500,15.0700,,15.6300,,,,,,,,11.5300,10.8800,14.3300,16.9600,20.1200
2006-08-28,12.3400,15.0100,,15.5500,,,,,,,,11.5200,10.8700,14.3000,16.8400,19.9000
2006-08-25,12.3200,14.9500,,15.4900,,,,,,,,11.5200,10.8700,14.2300,16.7100,19.8400
2006-08-24,12.3200,14.9700,,15.5100,,,,,,,,11.5200,10.8600,14.2400,16.7100,19.9300
2006-08-23,12.3200,14.9600,,15.5000,,,,,,,,11.5200,10.8600,14.2100,16.7100,19.9700
2006-08-22,12.3300,15.0200,,15.5700,,,,,,,,11.5100,10.8600,14.2700,16.8700,20.0500
2006-08-21,12.3300,15.0100,,15.5600,,,,,,,,11.5100,10.8600,14.2500,16.8400,20.0900
2006-08-18,12.3300,15.0400,,15.5900,,,,,,,,11.5100,10.8500,14.3100,16.9500,20.0500
2006-08-17,12.3200,15.0200,,15.5700,,,,,,,,11.5100,10.8300,14.2500,16.9100,20.1100
2006-08-16,12.3200,15.0000,,15.5500,,,,,,,,11.5000,10.8300,14.2300,16.8900,20.0500
2006-08-15,12.2900,14.8800,,15.4100,,,,,,,,11.5000,10.7900,14.1200,16.6600,19.8200
2006-08-14,12.2500,14.7100,,15.2100,,,,,,,,11.5000,10.7500,13.9300,16.3600,19.5200
2006-08-11,12.2400,14.7000,,15.1900,,,,,,,,11.5000,10.7700,13.9100,16.3400,19.4900
2006-08-10,12.2500,14.7400,,15.2500,,,,,,,,11.5000,10.7900,13.9600,16.4700,19.5200
2006-08-09,12.2500,14.7100,,15.2100,,,,,,,,11.4900,10.7900,13.9000,16.3800,19.5600
2006-08-08,12.2500,14.7500,,15.2600,,,,,,,,11.4900,10.7900,13.9500,16.5000,19.5600
2006-08-07,12.2600,14.7800,,15.2900,,,,,,,,11.4900,10.7900,14.0000,16.6500,19.4900
2006-08-04,12.2700,14.8400,,15.3600,,,,,,,,11.4900,10.7900,14.0400,16.7400,19.7000
2006-08-03,12.2600,14.8200,,15.3300,,,,,,,,11.4800,10.7600,14.0500,16.7900,19.5100
2006-08-02,12.2600,14.8100,,15.3300,,,,,,,,11.4800,10.7600,14.0200,16.6900,19.6500
2006-08-01,12.2400,14.7200,,15.2300,,,,,,,,11.4800,10.7500,13.9400,16.5700,19.4100
2006-07-31,12.2500,14.8000,,15.3100,,,,,,,,11.4800,10.7400,14.0000,16.7300,19.5800
2006-07-28,12.2500,14.8000,,15.3200,,,,,,,,11.4700,10.7400,14.0200,16.6900,19.5900
2006-07-27,12.2100,14.6300,,15.1200,,,,,,,,11.4700,10.7000,13.8500,16.4300,19.2300
2006-07-26,12.2100,14.6600,,15.1600,,,,,,,,11.4700,10.7000,13.9100,16.6100,19.1300
2006-07-25,12.2100,14.6400,,15.1300,,,,,,,,11.4700,10.6800,13.9100,16.6300,18.9900
2006-07-24,12.1900,14.5900,,15.0700,,,,,,,,11.4700,10.6900,13.8300,16.4700,19.0100
2006-07-21,12.1500,14.4100,,14.8600,,,,,,,,11.4600,10.6800,13.6000,16.1100,18.7600
2006-07-20,12.1600,14.4700,,14.9300,,,,,,,,11.4600,10.6900,13.7000,16.3700,18.6700
2006-07-19,12.1800,14.5700,,15.0500,,,,,,,,11.4600,10.6700,13.8100,16.7200,18.7500
2006-07-18,12.1300,14.3300,,14.7700,,,,,,,,11.4600,10.6200,13.5600,16.3200,18.2700
2006-07-17,12.1300,14.3400,,14.7800,,,,,,,,11.4600,10.6500,13.5300,16.2800,18.3800
2006-07-14,12.1300,14.3900,,14.8400,,,,,,,,11.4500,10.6500,13.5500,16.3800,18.5900
2006-07-13,12.1500,14.4700,,14.9300,,,,,,,,11.4500,10.6500,13.6200,16.5100,18.8000
2006-07-12,12.1800,14.6400,,15.1400,,,,,,,,11.4500,10.6300,13.8000,16.8100,19.1900
2006-07-11,12.2100,14.7700,,15.2900,,,,,,,,11.4500,10.6300,13.9500,17.0200,19.4700
2006-07-10,12.2000,14.7400,,15.2500,,,,,,,,11.4400,10.6200,13.8900,16.9400,19.4900
2006-07-07,12.1900,14.7100,,15.2200,,,,,,,,11.4400,10.6100,13.8700,16.9600,19.3600
2006-07-06,12.2000,14.7700,,15.2900,,,,,,,,11.4400,10.5800,13.9700,17.1500,19.3500
2006-07-05,12.1900,14.7300,,15.2400,,,,,,,,11.4400,10.5600,13.9300,17.1300,19.2100
2006-07-03,12.2100,14.8400,,15.3700,,,,,,,,11.4300,10.6000,14.0300,17.3400,19.4800
2006-06-30,12.1900,14.7700,,15.2900,,,,,,,,11.4300,10.6000,13.9100,17.2100,19.3900
2006-06-29,12.1800,14.7100,,15.2200,,,,,,,,11.4300,10.5600,13.9400,17.0800,19.1300
2006-06-28,12.1200,14.4200,,14.8800,,,,,,,,11.4200,10.5400,13.6500,16.5900,18.5000
2006-06-27,12.1000,14.3700,,14.8200,,,,,,,,11.4200,10.5500,13.5700,16.5400,18.3900
2006-06-26,12.1200,14.4700,,14.9300,,,,,,,,11.4200,10.5300,13.7000,16.7400,18.5500
2006-06-23,12.1100,14.4200,,14.8800,,,,,,,,11.4200,10.5400,13.6300,16.6200,18.5400
2006-06-22,12.1100,14.4300,,14.8900,,,,,,,,11.4100,10.5500,13.6400,16.5100,18.6200
2006-06-21,12.1200,14.4600,,14.9300,,,,,,,,11.4100,10.5700,13.7100,16.5800,18.6100
2006-06-20,12.0900,14.3400,,14.7900,,,,,,,,11.4100,10.5700,13.5800,16.2900,18.4400
2006-06-19,12.0900,14.3500,,14.7900,,,,,,,,11.4100,10.5800,13.5800,16.3600,18.4000
2006-06-16,12.1100,14.4400,,14.9000,,,,,,,,11.4100,10.5800,13.7000,16.5900,18.4600
2006-06-15,12.1200,14.4900,,14.9600,,,,,,,,11.4000,10.6000,13.7500,16.6900,18.5600
2006-06-14,12.0600,14.2100,,14.6300,,,,,,,,11.4000,10.6200,13.4700,16.1700,17.9800
2006-06-13,12.0400,14.1400,,14.5500,,,,,,,,11.4000,10.6700,13.4000,16.1000,17.7300
2006-06-12,12.0800,14.3100,,14.7600,,,,,,,,11.4000,10.6500,13.5300,16.3700,18.2700
2006-06-09,12.1100,14.4800,,14.9600,,,,,,,,11.3900,10.6500,13.7100,16.7500,18.5800
2006-06-08,12.1100,14.4900,,14.9700,,,,,,,,11.3900,10.6500,13.7700,16.7900,18.4600
2006-06-07,12.1200,14.5700,,15.0600,,,,,,,,11.3900,10.6300,13.7500,16.8400,18.9500
2006-06-06,12.1400,14.6300,,15.1300,,,,,,,,11.3900,10.6400,13.8300,16.9500,19.0300
2006-06-05,12.1500,14.7000,,15.2200,,,,,,,,11.3900,10.6400,13.8400,17.0700,19.3600
2006-06-02,12.1900,14.9100,,15.4700,,,,,,,,11.3800,10.6500,14.0900,17.4700,19.7100
2006-06-01,12.1700,14.8400,,15.3800,,,,,,,,11.3800,10.5800,14.0700,17.4200,19.4300
2006-05-31,12.1500,14.7300,,15.2500,,,,,,,,11.3800,10.5800,13.9000,17.1300,19.3900
2006-05-30,12.1300,14.6300,,15.1400,,,,,,,,11.3800,10.5900,13.7800,16.9100,19.2900
2006-05-26,12.1600,14.8000,,15.3400,,,,,,,,11.3700,10.6100,14.0000,17.2200,19.5400
2006-05-25,12.1400,14.7300,,15.2600,,,,,,,,11.3700,10.5900,13.9200,17.0900,19.4100
2006-05-24,12.1100,14.5900,,15.0900,,,,,,,,11.3700,10.6100,13.7600,16.8200,19.1400
2006-05-23,12.1100,14.6200,,15.1400,,,,,,,,11.3700,10.6000,13.7400,16.8700,19.3900
2006-05-22,12.1100,14.6100,,15.1200,,,,,,,,11.3700,10.6100,13.8000,16.9400,19.1000
2006-05-19,12.1300,14.7300,,15.2600,,,,,,,,11.3600,10.6000,13.8500,17.1100,19.5700
2006-05-18,12.1200,14.6900,,15.2100,,,,,,,,11.3600,10.5900,13.7900,17.0400,19.5200
2006-05-17,12.1300,14.7500,,15.2800,,,,,,,,11.3600,10.5600,13.8900,17.1900,19.5600
2006-05-16,12.1800,14.9800,,15.5500,,,,,,,,11.3600,10.5800,14.1200,17.4700,20.1700
2006-05-15,12.1800,15.0000,,15.5800,,,,,,,,11.3500,10.5500,14.1500,17.4800,20.2500
2006-05-12,12.1800,15.0400,,15.6300,,,,,,,,11.3500,10.5300,14.1100,17.5900,20.5400
2006-05-11,12.2200,15.1900,,15.8100,,,,,,,,11.3500,10.5600,14.2700,17.9000,20.8300
2006-05-10,12.2400,15.3100,,15.9600,,,,,,,,11.3500,10.5700,14.4500,18.2000,20.8900
2006-05-09,12.2500,15.3400,,15.9800,,,,,,,,11.3400,10.5700,14.4700,18.2600,20.9500
2006-05-08,12.2400,15.3200,,15.9600,,,,,,,,11.3400,10.5700,14.4700,18.2700,20.8400
2006-05-05,12.2400,15.3000,,15.9400,,,,,,,,11.3400,10.5700,14.4800,18.2400,20.7500
2006-05-04,12.2100,15.1800,,15.7900,,,,,,,,11.3400,10.5500,14.3300,18.0600,20.4900
2006-05-03,12.1900,15.1200,,15.7300,,,,,,,,11.3300,10.5500,14.2800,17.9400,20.3500
2006-05-02,12.2000,15.1700,,15.7800,,,,,,,,11.3300,10.5700,14.3400,17.9400,20.4900
2006-05-01,12.1800,15.0900,,15.6900,,,,,,,,11.3300,10.5600,14.2500,17.8600,20.3000
2006-04-28,12.1900,15.1000,,15.7000,,,,,,,,11.3300,10.5900,14.3100,17.9100,20.1700
2006-04-27,12.1800,15.0900,,15.7000,,,,,,,,11.3300,10.5700,14.3000,17.8400,20.2200
2006-04-26,12.1700,15.0600,,15.6600,,,,,,,,11.3200,10.5500,14.2500,17.8600,20.1200
2006-04-25,12.1700,15.0300,,15.6200,,,,,,,,11.3200,10.5700,14.2000,17.8800,20.0200
2006-04-24,12.1700,15.0600,,15.6600,,,,,,,,11.3200,10.6000,14.2700,17.9400,19.9600
2006-04-21,12.1800,15.0900,,15.7000,,,,,,,,11.3200,10.5800,14.3100,18.0200,20.0400
2006-04-20,12.1700,15.0700,,15.6600,,,,,,,,11.3100,10.5700,14.3100,18.0500,19.8500
2006-04-19,12.1700,15.0800,,15.6900,,,,,,,,11.3100,10.5700,14.2900,18.1000,19.9600
2006-04-18,12.1600,15.0200,,15.6100,,,,,,,,11.3100,10.5900,14.2700,17.9300,19.7600
2006-04-17,12.1100,14.8300,,15.3900,,,,,,,,11.3100,10.5700,14.0200,17.5800,19.5000
2006-04-13,12.1100,14.8200,,15.3700,,,,,,,,11.3000,10.5500,14.0700,17.6000,19.3300
2006-04-12,12.1000,14.8100,,15.3600,,,,,,,,11.3000,10.5700,14.0500,17.5500,19.3000
2006-04-11,12.1100,14.8100,,15.3700,,,,,,,,11.3000,10.5900,14.0400,17.4900,19.4200
2006-04-10,12.1200,14.9000,,15.4700,,,,,,,,11.3000,10.5700,14.1400,17.6700,19.5600
2006-04-07,12.1200,14.9000,,15.4700,,,,,,,,11.2900,10.5700,14.1300,17.7300,19.5500
2006-04-06,12.1400,15.0100,,15.6000,,,,,,,,11.2900,10.6000,14.2800,17.9100,19.7200
2006-04-05,12.1400,15.0100,,15.6000,,,,,,,,11.2900,10.6200,14.3000,17.9200,19.6200
2006-04-04,12.1300,14.9600,,15.5400,,,,,,,,11.2900,10.6100,14.2400,17.8200,19.5500
2006-04-03,12.1100,14.9000,,15.4700,,,,,,,,11.2900,10.6000,14.1500,17.7600,19.4500
2006-03-31,12.1000,14.8600,,15.4300,,,,,,,,11.2800,10.6100,14.1200,17.8500,19.2400
2006-03-30,12.1100,14.9000,,15.4700,,,,,,,,11.2800,10.6000,14.1800,17.7900,19.3900
2006-03-29,12.1100,14.8800,,15.4400,,,,,,,,11.2800,10.6200,14.2000,17.8100,19.1400
2006-03-28,12.0800,14.7700,,15.3100,,,,,,,,11.2800,10.6400,14.1000,17.5600,18.9300
2006-03-27,12.1000,14.8400,,15.4000,,,,,,,,11.2800,10.6800,14.1900,17.6000,19.1000
2006-03-24,12.1000,14.8500,,15.4100,,,,,,,,11.2700,10.6800,14.2000,17.6000,19.1200
2006-03-23,12.0900,14.8100,,15.3600,,,,,,,,11.2700,10.6500,14.1900,17.4900,18.9900
2006-03-22,12.1000,14.8400,,15.4100,,,,,,,,11.2700,10.6700,14.2300,17.4400,19.1700
2006-03-21,12.0800,14.7800,,15.3300,,,,,,,,11.2700,10.6600,14.1400,17.3100,19.1300
2006-03-20,12.1000,14.8600,,15.4300,,,,,,,,11.2700,10.6900,14.2300,17.4700,19.2400
2006-03-17,12.0900,14.8500,,15.4200,,,,,,,,11.2600,10.6800,14.2500,17.4800,19.1500
2006-03-16,12.0900,14.8200,,15.3800,,,,,,,,11.2600,10.6900,14.2300,17.4300,19.0400
2006-03-15,12.0800,14.8100,,15.3600,,,,,,,,11.2600,10.6500,14.2000,17.4200,19.0400
2006-03-14,12.0700,14.7400,,15.2900,,,,,,,,11.2600,10.6600,14.1400,17.3000,18.8900
2006-03-13,12.0400,14.6300,,15.1600,,,,,,,,11.2600,10.6200,14.0000,17.1200,18.7400
2006-03-10,12.0200,14.5700,,15.0900,,,,,,,,11.2500,10.6200,13.9600,17.0700,18.5000
2006-03-09,12.0100,14.5200,,15.0200,,,,,,,,11.2500,10.6300,13.8600,16.9500,18.5000
2006-03-08,12.0100,14.5200,,15.0200,,,,,,,,11.2500,10.6300,13.9300,17.0100,18.2900
2006-03-07,12.0100,14.5200,,15.0200,,,,,,,,11.2500,10.6200,13.9000,17.0200,18.3800
2006-03-06,12.0200,14.5900,,15.1100,,,,,,,,11.2500,10.6200,13.9200,17.2200,18.6200
2006-03-03,12.0300,14.6400,,15.1700,,,,,,,,11.2400,10.6500,14.0200,17.3600,18.5600
2006-03-02,12.0400,14.6600,,15.2000,,,,,,,,11.2400,10.6600,14.0400,17.3900,18.6000
2006-03-01,12.0400,14.6900,,15.2200,,,,,,,,11.2400,10.6900,14.0600,17.4000,18.6600
2006-02-28,12.0200,14.6100,,15.1300,,,,,,,,11.2400,10.7100,13.9400,17.1900,18.6200
2006-02-27,12.0400,14.7000,,15.2400,,,,,,,,11.2400,10.6900,14.0900,17.3800,18.7100
2006-02-24,12.0300,14.6500,,15.1900,,,,,,,,11.2300,10.6900,14.0400,17.3100,18.6000
2006-02-23,12.0200,14.6300,,15.1600,,,,,,,,11.2300,10.6900,14.0200,17.2400,18.6000
2006-02-22,12.0200,14.6300,,15.1500,,,,,,,,11.2300,10.7000,14.0700,17.2600,18.4200
2006-02-21,12.0100,14.5600,,15.0700,,,,,,,,11.2300,10.6800,13.9600,17.1400,18.3700
2006-02-17,12.0000,14.5700,,15.0900,,,,,,,,11.2200,10.6900,14.0100,17.1800,18.2900
2006-02-16,12.0100,14.5900,,15.1200,,,,,,,,11.2200,10.6600,14.0300,17.1900,18.4100
2006-02-15,11.9900,14.5000,,15.0100,,,,,,,,11.2200,10.6500,13.9300,17.0200,18.2500
2006-02-14,11.9800,14.4900,,15.0000,,,,,,,,11.2200,10.6400,13.8700,16.9300,18.3700
2006-02-13,11.9600,14.3900,,14.8800,,,,,,,,11.2200,10.6600,13.7400,16.7900,18.2200
2006-02-10,11.9600,14.4400,,14.9400,,,,,,,,11.2100,10.6500,13.7800,16.9400,18.2800
2006-02-09,11.9600,14.4500,,14.9500,,,,,,,,11.2100,10.6700,13.7400,16.9500,18.4000
2006-02-08,11.9600,14.4500,,14.9500,,,,,,,,11.2100,10.6600,13.7600,17.0100,18.3000
2006-02-07,11.9500,14.3900,,14.8800,,,,,,,,11.2100,10.6700,13.6400,16.9600,18.2900
2006-02-06,11.9700,14.4900,,15.0000,,,,,,,,11.2100,10.6700,13.7500,17.2000,18.4300
2006-02-03,11.9600,14.4700,,14.9800,,,,,,,,11.2000,10.6700,13.7400,17.1200,18.4200
2006-02-02,11.9700,14.5300,,15.0500,,,,,,,,11.2000,10.6600,13.8100,17.1900,18.5700
2006-02-01,11.9900,14.6200,,15.1500,,,,,,,,11.2000,10.6600,13.9300,17.3500,18.6800
2006-01-31,11.9900,14.6100,,15.1400,,,,,,,,11.2000,10.6800,13.9100,17.3600,18.6700
2006-01-30,11.9900,14.6000,,15.1300,,,,,,,,11.2000,10.6700,13.9600,17.2900,18.5500
2006-01-27,11.9900,14.6000,,15.1300,,,,,,,,11.1900,10.6800,13.9500,17.2700,18.6000
2006-01-26,11.9700,14.5200,,15.0300,,,,,,,,11.1900,10.6700,13.8400,17.1800,18.4500
2006-01-25,11.9500,14.4300,,14.9300,,,,,,,,11.1900,10.6900,13.7400,17.0000,18.2800
2006-01-24,11.9500,14.4400,,14.9400,,,,,,,,11.1900,10.7300,13.7600,17.0800,18.1800
2006-01-23,11.9400,14.4000,,14.8900,,,,,,,,11.1900,10.7400,13.7300,16.9000,18.1500
2006-01-20,11.9300,14.3400,,14.8300,,,,,,,,11.1800,10.7400,13.7000,16.8300,17.9700
2006-01-19,11.9600,14.5100,,15.0200,,,,,,,,11.1800,10.7200,13.9600,17.0900,18.1400
2006-01-18,11.9400,14.4200,,14.9100,,,,,,,,11.1800,10.7400,13.8800,16.9000,17.9300
2006-01-17,11.9500,14.4800,,14.9800,,,,,,,,11.1800,10.7400,13.9300,16.9300,18.1400
2006-01-13,11.9700,14.5500,,15.0700,,,,,,,,11.1700,10.7300,13.9800,17.0000,18.4200
2006-01-12,11.9600,14.5400,,15.0700,,,,,,,,11.1700,10.7000,13.9700,16.9800,18.4700
2006-01-11,11.9700,14.5900,,15.1200,,,,,,,,11.1700,10.6700,14.0600,17.0800,18.4500
2006-01-10,11.9600,14.5400,,15.0600,,,,,,,,11.1700,10.6900,14.0000,17.0700,18.3000
2006-01-09,11.9600,14.5600,,15.0900,,,,,,,,11.1700,10.7100,14.0100,16.9900,18.4700
2006-01-06,11.9500,14.5300,,15.0500,,,,,,,,11.1600,10.7000,13.9600,16.8500,18.4900
2006-01-05,11.9300,14.4200,,14.9200,,,,,,,,11.1600,10.7100,13.8200,16.6700,18.3100
2006-01-04,11.9300,14.4300,,14.9300,,,,,,,,11.1600,10.7100,13.8200,16.6400,18.3800
2006-01-03,11.9100,14.3500,,14.8400,,,,,,,,11.1600,10.6900,13.7700,16.5100,18.1700
2005-12-30,11.8600,14.1300,,14.5800,,,,,,,,11.1600,10.6700,13.5500,16.2700,17.5900
2005-12-29,11.8700,14.1900,,14.6600,,,,,,,,11.1500,10.6800,13.6100,16.3500,17.7600
2005-12-28,11.8700,14.2100,,14.6800,,,,,,,,11.1500,10.6800,13.6500,16.3800,17.7500
2005-12-27,11.8600,14.1600,,14.6200,,,,,,,,11.1500,10.7000,13.6300,16.3000,17.5400
2005-12-23,11.8800,14.2600,,14.7300,,,,,,,,11.1400,10.6700,13.7600,16.4900,17.6800
2005-12-22,11.8700,14.2400,,14.7100,,,,,,,,11.1400,10.6500,13.7600,16.4500,17.6600
2005-12-21,11.8600,14.1900,,14.6500,,,,,,,,11.1400,10.6200,13.7000,16.3500,17.6000
2005-12-20,11.8500,14.1500,,14.6100,,,,,,,,11.1400,10.6300,13.6600,16.2400,17.5600
2005-12-19,11.8500,14.1600,,14.6200,,,,,,,,11.1400,10.6400,13.6600,16.2100,17.5900
2005-12-16,11.8600,14.2100,,14.6800,,,,,,,,11.1300,10.6300,13.7400,16.4000,17.5900
2005-12-15,11.8600,14.2100,,14.6800,,,,,,,,11.1300,10.6200,13.7800,16.4500,17.4400
2005-12-14,11.8700,14.2600,,14.7300,,,,,,,,11.1300,10.6300,13.8000,16.5400,17.6000
2005-12-13,11.8500,14.2000,,14.6700,,,,,,,,11.1300,10.5800,13.7400,16.5000,17.4900
2005-12-12,11.8400,14.1700,,14.6300,,,,,,,,11.1300,10.5700,13.6700,16.4900,17.4700
2005-12-09,11.8300,14.1200,,14.5700,,,,,,,,11.1200,10.5700,13.6500,16.4600,17.2600
2005-12-08,11.8200,14.0900,,14.5400,,,,,,,,11.1200,10.6100,13.6200,16.4000,17.1900
2005-12-07,11.8200,14.0800,,14.5200,,,,,,,,11.1200,10.5800,13.6300,16.3500,17.1600
2005-12-06,11.8300,14.1200,,14.5800,,,,,,,,11.1200,10.5900,13.7000,16.4200,17.2000
2005-12-05,11.8200,14.1000,,14.5500,,,,,,,,11.1200,10.5500,13.6800,16.4100,17.1400
2005-12-02,11.8200,14.1200,,14.5700,,,,,,,,11.1100,10.5600,13.7100,16.4900,17.0900
2005-12-01,11.8200,14.1000,,14.5500,,,,,,,,11.1100,10.5600,13.7100,16.4700,17.0500
2005-11-30,11.7900,13.9600,,14.3900,,,,,,,,11.1100,10.5700,13.5400,16.2100,16.8100
2005-11-29,11.8000,14.0000,,14.4300,,,,,,,,11.1100,10.5900,13.6200,16.1800,16.8700
2005-11-28,11.8000,14.0100,,14.4400,,,,,,,,11.1100,10.6200,13.6200,16.1500,16.9000
2005-11-25,11.8100,14.0700,,14.5200,,,,,,,,11.1000,10.6100,13.7400,16.4000,16.8500
2005-11-23,11.8100,14.0700,,14.5100,,,,,,,,11.1000,10.5900,13.7100,16.3800,16.9200
2005-11-22,11.8000,14.0500,,14.4900,,,,,,,,11.1000,10.6100,13.6600,16.3400,16.9200
2005-11-21,11.7800,13.9800,,14.4200,,,,,,,,11.1000,10.5800,13.5900,16.2400,16.8100
2005-11-18,11.7700,13.9300,,14.3600,,,,,,,,11.0900,10.5600,13.5200,16.1000,16.8200
2005-11-17,11.7500,13.8700,,14.2800,,,,,,,,11.0900,10.5800,13.4600,16.0300,16.6300
2005-11-16,11.7300,13.7500,,14.1400,,,,,,,,11.0900,10.5600,13.3300,15.7900,16.4200
2005-11-15,11.7200,13.7400,,14.1400,,,,,,,,11.0900,10.5300,13.3100,15.7900,16.4700
2005-11-14,11.7300,13.7900,,14.1900,,,,,,,,11.0900,10.5100,13.3600,15.9100,16.5600
2005-11-10,11.7200,13.7700,,14.1700,,,,,,,,11.0800,10.5300,13.3200,15.8700,16.5200
2005-11-09,11.7100,13.7100,,14.1000,,,,,,,,11.0800,10.4900,13.2100,15.7800,16.5300
2005-11-08,11.7100,13.7100,,14.1000,,,,,,,,11.0800,10.5200,13.1900,15.7300,16.5900
2005-11-07,11.7100,13.7300,,14.1200,,,,,,,,11.0800,10.4900,13.2300,15.8100,16.5900
2005-11-04,11.7000,13.7000,,14.0900,,,,,,,,11.0700,10.4700,13.2000,15.7600,16.5500
2005-11-03,11.7000,13.7300,,14.1300,,,,,,,,11.0700,10.4800,13.2000,15.7800,16.7300
2005-11-02,11.6900,13.6800,,14.0700,,,,,,,,11.0700,10.5000,13.1300,15.7100,16.6200
2005-11-01,11.6700,13.5800,,13.9500,,,,,,,,11.0700,10.5200,13.0000,15.4600,16.5000
2005-10-31,11.6700,13.5800,,13.9600,,,,,,,,11.0700,10.5300,13.0500,15.4800,16.4100
2005-10-28,11.6400,13.4800,,13.8300,,,,,,,,11.0700,10.5200,12.9600,15.2300,16.2100
2005-10-27,11.6100,13.3600,,13.6900,,,,,,,,11.0600,10.5300,12.7400,15.0000,16.1900
2005-10-26,11.6400,13.4700,,13.8300,,,,,,,,11.0600,10.5100,12.8800,15.2900,16.3200
2005-10-25,11.6500,13.5000,,13.8600,,,,,,,,11.0600,10.5500,12.9300,15.3700,16.2800
2005-10-24,11.6500,13.5100,,13.8700,,,,,,,,11.0600,10.5800,12.9600,15.4200,16.2100
2005-10-21,11.6100,13.3600,,13.7000,,,,,,,,11.0600,10.6000,12.7500,15.1300,16.0500
2005-10-20,11.6000,13.3200,,13.6500,,,,,,,,11.0500,10.5700,12.7300,14.9800,15.9900
2005-10-19,11.6300,13.4500,,13.8100,,,,,,,,11.0500,10.5700,12.9200,15.1900,16.1800
2005-10-18,11.6000,13.3500,,13.6900,,,,,,,,11.0500,10.5600,12.7300,14.9700,16.2100
2005-10-17,11.6300,13.4500,,13.8100,,,,,,,,11.0500,10.5500,12.8600,15.1600,16.3500
2005-10-14,11.6200,13.4600,,13.8200,,,,,,,,11.0500,10.5500,12.8200,15.1000,16.5300
2005-10-13,11.6000,13.3600,,13.7000,,,,,,,,11.0500,10.5600,12.7200,14.8900,16.3700
2005-10-12,11.6100,13.3900,,13.7400,,,,,,,,11.0400,10.5800,12.7300,14.9200,16.5200
2005-10-11,11.6200,13.4700,,13.8300,,,,,,,,11.0400,10.6000,12.8000,15.1300,16.5700
2005-10-07,11.6400,13.5400,,13.9200,,,,,,,,11.0400,10.6100,12.9200,15.3600,16.5500
2005-10-06,11.6300,13.5200,,13.8900,,,,,,,,11.0400,10.6000,12.8700,15.2700,16.6300
2005-10-05,11.6400,13.5800,,13.9700,,,,,,,,11.0300,10.6000,12.9300,15.4200,16.7400
2005-10-04,11.6800,13.7300,,14.1400,,,,,,,,11.0300,10.5900,13.1200,15.7700,16.9000
2005-10-03,11.6900,13.7900,,14.2100,,,,,,,,11.0300,10.5900,13.2500,15.9400,16.8100
2005-09-30,11.6900,13.8100,,14.2300,,,,,,,,11.0300,10.6100,13.2700,15.8500,16.9000
2005-09-29,11.6900,13.8000,,14.2200,,,,,,,,11.0300,10.6300,13.2600,15.7600,16.9900
2005-09-28,11.6700,13.7000,,14.1000,,,,,,,,11.0300,10.6400,13.1400,15.5800,16.7900
2005-09-27,11.6600,13.6700,,14.0600,,,,,,,,11.0200,10.6300,13.1300,15.6000,16.6100
2005-09-26,11.6600,13.6900,,14.0900,,,,,,,,11.0200,10.6300,13.1300,15.6200,16.7200
2005-09-23,11.6500,13.6400,,14.0300,,,,,,,,11.0200,10.6500,13.1200,15.5300,16.5300
2005-09-22,11.6500,13.6400,,14.0300,,,,,,,,11.0200,10.6800,13.1100,15.4500,16.5800
2005-09-21,11.6500,13.6400,,14.0300,,,,,,,,11.0200,10.6700,13.0600,15.4400,16.7200
2005-09-20,11.6600,13.7000,,14.1000,,,,,,,,11.0200,10.6500,13.1800,15.6400,16.6500
2005-09-19,11.6700,13.7600,,14.1700,,,,,,,,11.0100,10.6500,13.2900,15.7600,16.6500
2005-09-16,11.6800,13.8000,,14.2200,,,,,,,,11.0100,10.6400,13.3600,15.8300,16.6800
2005-09-15,11.6700,13.7400,,14.1500,,,,,,,,11.0100,10.6600,13.2500,15.7700,16.6400
2005-09-14,11.6700,13.7500,,14.1600,,,,,,,,11.0100,10.6800,13.2500,15.7800,16.6900
2005-09-13,11.6700,13.7700,,14.1800,,,,,,,,11.0100,10.6900,13.2900,15.8800,16.6000
2005-09-12,11.6900,13.8400,,14.2700,,,,,,,,11.0100,10.6700,13.3900,16.0000,16.7100
2005-09-09,11.6900,13.8500,,14.2800,,,,,,,,11.0000,10.6900,13.4000,15.9700,16.7700
2005-09-08,11.6700,13.7700,,14.1900,,,,,,,,11.0000,10.6800,13.2900,15.8700,16.6400
2005-09-07,11.6800,13.8200,,14.2400,,,,,,,,11.0000,10.6800,13.3400,15.9300,16.7200
2005-09-06,11.6700,13.7900,,14.2100,,,,,,,,11.0000,10.7100,13.3100,15.8600,16.7100
2005-09-02,11.6400,13.6800,,14.0800,,,,,,,,10.9900,10.7300,13.1400,15.6700,16.6000
2005-09-01,11.6500,13.7000,,14.1000,,,,,,,,10.9900,10.7300,13.1800,15.7700,16.5100
2005-08-31,11.6300,13.6500,,14.0400,,,,,,,,10.9900,10.7200,13.1600,15.7200,16.3000
2005-08-30,11.6000,13.5000,,13.8700,,,,,,,,10.9900,10.6900,13.0300,15.4700,15.9800
2005-08-29,11.6000,13.5200,,13.8900,,,,,,,,10.9900,10.6500,13.0700,15.4900,16.0300
2005-08-26,11.5900,13.4900,,13.8600,,,,,,,,10.9800,10.6400,12.9900,15.3800,16.1500
2005-08-25,11.6000,13.5500,,13.9200,,,,,,,,10.9800,10.6600,13.0700,15.5200,16.1500
2005-08-24,11.6000,13.5400,,13.9200,,,,,,,,10.9800,10.6500,13.0400,15.4900,16.2100
2005-08-23,11.6100,13.5800,,13.9600,,,,,,,,10.9800,10.6400,13.1200,15.5000,16.2300
2005-08-22,11.6200,13.6100,,14.0000,,,,,,,,10.9800,10.6300,13.1700,15.5200,16.3300
2005-08-19,11.6000,13.5600,,13.9400,,,,,,,,10.9700,10.6300,13.1500,15.4600,16.1400
2005-08-18,11.6000,13.5400,,13.9200,,,,,,,,10.9700,10.6300,13.1400,15.4300,16.0700
2005-08-17,11.6100,13.5900,,13.9700,,,,,,,,10.9700,10.6000,13.1500,15.4800,16.2700
2005-08-16,11.6100,13.6000,,13.9900,,,,,,,,10.9700,10.6200,13.1400,15.5100,16.3400
2005-08-15,11.6300,13.6900,,14.0900,,,,,,,,10.9700,10.6000,13.2900,15.6900,16.3800
2005-08-12,11.6200,13.6800,,14.0800,,,,,,,,10.9700,10.6100,13.2500,15.6400,16.4500
2005-08-11,11.6300,13.7200,,14.1300,,,,,,,,10.9600,10.5800,13.3300,15.7000,16.4600
2005-08-10,11.6100,13.6400,,14.0400,,,,,,,,10.9600,10.5500,13.2400,15.5800,16.3500
2005-08-09,11.6000,13.6000,,13.9900,,,,,,,,10.9600,10.5400,13.2600,15.5600,16.0900
2005-08-08,11.5900,13.5500,,13.9200,,,,,,,,10.9600,10.5300,13.1700,15.5200,16.0200
2005-08-05,11.5900,13.5500,,13.9300,,,,,,,,10.9600,10.5400,13.2000,15.6300,15.9000
2005-08-04,11.6100,13.6500,,14.0400,,,,,,,,10.9500,10.5700,13.3000,15.8100,16.0400
2005-08-03,11.6200,13.7200,,14.1300,,,,,,,,10.9500,10.5800,13.4000,15.9800,16.1100
2005-08-02,11.6200,13.7100,,14.1100,,,,,,,,10.9500,10.5600,13.3900,16.0400,16.0000
2005-08-01,11.6100,13.6400,,14.0300,,,,,,,,10.9500,10.5700,13.3000,15.9400,15.8800
2005-07-29,11.6000,13.6100,,13.9900,,,,,,,,10.9500,10.5900,13.2800,15.8800,15.7900
2005-07-28,,,,,,,,,,,,10.9500,10.6200,13.3900,15.9300,15.7900
2005-07-27,,,,,,,,,,,,10.9400,10.5900,13.3100,15.7800,15.6100
2005-07-26,,,,,,,,,,,,10.9400,10.6000,13.2500,15.7400,15.5400
2005-07-25,,,,,,,,,,,,10.9400,10.5900,13.2200,15.6700,15.5900
2005-07-22,,,,,,,,,,,,10.9400,10.6000,13.2700,15.7700,15.6100
2005-07-21,,,,,,,,,,,,10.9400,10.5800,13.2000,15.6300,15.6300
2005-07-20,,,,,,,,,,,,10.9400,10.6200,13.2900,15.7900,15.6000
2005-07-19,,,,,,,,,,,,10.9300,10.6100,13.2200,15.6700,15.5000
2005-07-18,,,,,,,,,,,,10.9300,10.6000,13.1400,15.4800,15.4900
2005-07-15,,,,,,,,,,,,10.9300,10.6100,13.2100,15.5500,15.4800
2005-07-14,,,,,,,,,,,,10.9300,10.6100,13.1900,15.5300,15.5500
2005-07-13,,,,,,,,,,,,10.9300,10.6100,13.1600,15.6000,15.4600
2005-07-12,,,,,,,,,,,,10.9300,10.6200,13.1500,15.6500,15.5300
2005-07-11,,,,,,,,,,,,10.9300,10.6300,13.1200,15.6300,15.4200
2005-07-08,,,,,,,,,,,,10.9200,10.6200,13.0300,15.4800,15.2800
2005-07-07,,,,,,,,,,,,10.9200,10.6500,12.8800,15.2700,15.0800
2005-07-06,,,,,,,,,,,,10.9200,10.6300,12.8500,15.2200,15.2800
2005-07-05,,,,,,,,,,,,10.9200,10.6200,12.9600,15.3000,15.2000
2005-07-01,,,,,,,,,,,,10.9100,10.6400,12.8400,15.1200,15.2500
2005-06-30,,,,,,,,,,,,10.9100,10.6800,12.8100,15.0400,15.3200
2005-06-29,,,,,,,,,,,,10.9100,10.6600,12.9000,15.0700,15.3300
2005-06-28,,,,,,,,,,,,10.9100,10.6700,12.9200,15.0500,15.3000
2005-06-27,,,,,,,,,,,,10.9100,10.7000,12.8000,14.8500,15.2700
2005-06-24,,,,,,,,,,,,10.9000,10.6900,12.8100,14.8500,15.3500
2005-06-23,,,,,,,,,,,,10.9000,10.6700,12.9000,14.9500,15.3300
2005-06-22,,,,,,,,,,,,10.9000,10.6800,13.0400,15.0900,15.4600
2005-06-21,,,,,,,,,,,,10.9000,10.6300,13.0400,15.0600,15.4500
2005-06-20,,,,,,,,,,,,10.9000,10.6100,13.0700,15.0900,15.3700
2005-06-17,,,,,,,,,,,,10.9000,10.6100,13.0800,15.1100,15.5500
2005-06-16,,,,,,,,,,,,10.8900,10.6100,13.0100,15.0900,15.2700
2005-06-15,,,,,,,,,,,,10.8900,10.5900,12.9600,14.9600,15.2200
2005-06-14,,,,,,,,,,,,10.8900,10.5900,12.9400,14.9200,15.1800
2005-06-13,,,,,,,,,,,,10.8900,10.6000,12.9000,14.8300,15.1400
2005-06-10,,,,,,,,,,,,10.8900,10.6100,12.8700,14.7700,15.2000
2005-06-09,,,,,,,,,,,,10.8900,10.6500,12.9000,14.7700,15.2800
2005-06-08,,,,,,,,,,,,10.8800,10.6600,12.8300,14.6600,15.2300
2005-06-07,,,,,,,,,,,,10.8800,10.6700,12.8600,14.7200,15.3300
2005-06-06,,,,,,,,,,,,10.8800,10.6500,12.8600,14.7000,15.2200
2005-06-03,,,,,,,,,,,,10.8800,10.6400,12.8400,14.6600,15.2100
2005-06-02,,,,,,,,,,,,10.8800,10.6700,12.9300,14.7300,15.2200
2005-06-01,,,,,,,,,,,,10.8800,10.6700,12.9100,14.6800,15.1900
2005-05-31,,,,,,,,,,,,10.8800,10.6200,12.7900,14.5500,15.0400
2005-05-27,,,,,,,,,,,,10.8700,10.5900,12.8700,14.5400,15.2000
2005-05-26,,,,,,,,,,,,10.8700,10.5800,12.8500,14.4800,15.1600
2005-05-25,,,,,,,,,,,,10.8700,10.5800,12.7700,14.3400,15.1600
2005-05-24,,,,,,,,,,,,10.8700,10.5900,12.8100,14.4500,15.2000
2005-05-23,,,,,,,,,,,,10.8600,10.5800,12.8100,14.4400,15.1900
2005-05-20,,,,,,,,,,,,10.8600,10.5500,12.7600,14.3600,15.0500
2005-05-19,,,,,,,,,,,,10.8600,10.5500,12.7800,14.3600,15.1300
2005-05-18,,,,,,,,,,,,10.8600,10.5700,12.7200,14.2800,15.1300
2005-05-17,,,,,,,,,,,,10.8600,10.5500,12.5900,14.0600,14.9000
2005-05-16,,,,,,,,,,,,10.8600,10.5400,12.5000,13.9700,14.9100
2005-05-13,,,,,,,,,,,,10.8500,10.5400,12.3800,13.8100,14.9300
2005-05-12,,,,,,,,,,,,10.8500,10.5300,12.4300,13.9000,15.0300
2005-05-11,,,,,,,,,,,,10.8500,10.5100,12.5600,14.0700,15.1700
2005-05-10,,,,,,,,,,,,10.8500,10.5100,12.5000,14.0400,15.2500
2005-05-09,,,,,,,,,,,,10.8500,10.4900,12.6300,14.1500,15.2900
2005-05-06,,,,,,,,,,,,10.8400,10.4900,12.5500,14.0500,15.3700
2005-05-05,,,,,,,,,,,,10.8400,10.5400,12.5700,14.0200,15.3500
2005-05-04,,,,,,,,,,,,10.8400,10.5200,12.6000,14.0000,15.3000
2005-05-03,,,,,,,,,,,,10.8400,10.5100,12.4400,13.8000,15.1600
2005-05-02,,,,,,,,,,,,10.8400,10.5200,12.4500,13.8200,15.0800
2005-04-29,,,,,,,,,,,,10.8400,10.5100,12.4000,13.7200,15.1000
2005-04-28,,,,,,,,,,,,10.8300,10.5300,12.2500,13.6300,14.9700
2005-04-27,,,,,,,,,,,,10.8300,10.5000,12.3900,13.8300,15.0900
2005-04-26,,,,,,,,,,,,10.8300,10.4900,12.3400,13.8400,15.2200
2005-04-25,,,,,,,,,,,,10.8300,10.4900,12.4500,13.9800,15.3000
2005-04-22,,,,,,,,,,,,10.8200,10.4900,12.3400,13.8100,15.3200
2005-04-21,,,,,,,,,,,,10.8200,10.4700,12.4200,13.9600,15.2700
2005-04-20,,,,,,,,,,,,10.8200,10.5000,12.1800,13.7200,15.1900
2005-04-19,,,,,,,,,,,,10.8200,10.5000,12.3400,13.9000,15.1900
2005-04-18,,,,,,,,,,,,10.8200,10.4800,12.2700,13.7200,15.0300
2005-04-15,,,,,,,,,,,,10.8200,10.4700,12.2400,13.6600,15.1800
2005-04-14,,,,,,,,,,,,10.8100,10.4400,12.4400,13.8600,15.3900
2005-04-13,,,,,,,,,,,,10.8100,10.4300,12.5700,14.0600,15.5600
2005-04-12,,,,,,,,,,,,10.8100,10.4300,12.7200,14.2600,15.5800
2005-04-11,,,,,,,,,,,,10.8100,10.3900,12.6500,14.1700,15.6100
2005-04-08,,,,,,,,,,,,10.8100,10.3800,12.6500,14.2100,15.5500
2005-04-07,,,,,,,,,,,,10.8000,10.3900,12.7500,14.3600,15.5600
2005-04-06,,,,,,,,,,,,10.8000,10.4000,12.6800,14.2900,15.4600
2005-04-05,,,,,,,,,,,,10.8000,10.3900,12.6500,14.2600,15.4000
2005-04-04,,,,,,,,,,,,10.8000,10.3900,12.5900,14.2300,15.2700
2005-04-01,,,,,,,,,,,,10.8000,10.3900,12.5500,14.2000,15.3900
2005-03-31,,,,,,,,,,,,10.8000,10.3700,12.6400,14.2500,15.4500
2005-03-30,,,,,,,,,,,,10.7900,10.3400,12.6400,14.2100,15.3700
2005-03-29,,,,,,,,,,,,10.7900,10.3300,12.4700,14.0200,15.3700
2005-03-28,,,,,,,,,,,,10.7900,10.3100,12.5600,14.1900,15.4100
2005-03-24,,,,,,,,,,,,10.7900,10.3200,12.5300,14.2100,15.4500
2005-03-23,,,,,,,,,,,,10.7900,10.3200,12.5400,14.1600,15.4700
2005-03-22,,,,,,,,,,,,10.7800,10.3200,12.5300,14.2800,15.5700
2005-03-21,,,,,,,,,,,,10.7800,10.3600,12.6600,14.3600,15.7100
2005-03-18,,,,,,,,,,,,10.7800,10.3700,12.7200,14.3800,15.8300
2005-03-17,,,,,,,,,,,,10.7800,10.3900,12.7300,14.4400,15.8600
2005-03-16,,,,,,,,,,,,10.7800,10.3700,12.7100,14.3900,15.9400
2005-03-15,,,,,,,,,,,,10.7700,10.3600,12.8100,14.5200,15.9500
2005-03-14,,,,,,,,,,,,10.7700,10.3700,12.9100,14.5800,15.9000
2005-03-11,,,,,,,,,,,,10.7700,10.3600,12.8300,14.4700,16.0400
2005-03-10,,,,,,,,,,,,10.7700,10.3900,12.9300,14.4800,15.9600
2005-03-09,,,,,,,,,,,,10.7700,10.3800,12.9000,14.5400,16.0400
2005-03-08,,,,,,,,,,,,10.7700,10.4300,13.0400,14.7000,16.0600
2005-03-07,,,,,,,,,,,,10.7600,10.4600,13.1000,14.8000,15.9700
2005-03-04,,,,,,,,,,,,10.7600,10.4500,13.0600,14.7500,16.0200
2005-03-03,,,,,,,,,,,,10.7600,10.4200,12.9400,14.6200,15.8100
2005-03-02,,,,,,,,,,,,10.7600,10.4200,12.9300,14.6100,15.7900
2005-03-01,,,,,,,,,,,,10.7600,10.4200,12.9300,14.6100,15.8500
2005-02-28,,,,,,,,,,,,10.7600,10.4200,12.8600,14.5200,15.8500
2005-02-25,,,,,,,,,,,,10.7500,10.4600,12.9400,14.5900,15.8200
2005-02-24,,,,,,,,,,,,10.7500,10.4500,12.8200,14.4200,15.5800
2005-02-23,,,,,,,,,,,,10.7500,10.4600,12.7200,14.2900,15.5800
2005-02-22,,,,,,,,,,,,10.7500,10.4500,12.6500,14.2300,15.7300
2005-02-18,,,,,,,,,,,,10.7400,10.4600,12.8300,14.4700,15.6500
2005-02-17,,,,,,,,,,,,10.7400,10.4900,12.8200,14.4900,15.6200
2005-02-16,,,,,,,,,,,,10.7400,10.5000,12.9300,14.6100,15.5500
2005-02-15,,,,,,,,,,,,10.7400,10.5200,12.9200,14.5500,15.6200
2005-02-14,,,,,,,,,,,,10.7400,10.5200,12.8800,14.5300,15.5700
2005-02-11,,,,,,,,,,,,10.7300,10.5200,12.8700,14.5300,15.4300
2005-02-10,,,,,,,,,,,,10.7300,10.5300,12.7800,14.3800,15.3500
2005-02-09,,,,,,,,,,,,10.7300,10.5600,12.7200,14.3400,15.2300
2005-02-08,,,,,,,,,,,,10.7300,10.5400,12.8300,14.5400,15.2200
2005-02-07,,,,,,,,,,,,10.7300,10.5300,12.8200,14.5100,15.3000
2005-02-04,,,,,,,,,,,,10.7300,10.5200,12.8300,14.5300,15.3300
2005-02-03,,,,,,,,,,,,10.7300,10.4800,12.6900,14.3600,15.2100
2005-02-02,,,,,,,,,,,,10.7200,10.4900,12.7300,14.4000,15.3100
2005-02-01,,,,,,,,,,,,10.7200,10.4800,12.6800,14.3200,15.3200
2005-01-31,,,,,,,,,,,,10.7200,10.4800,12.6000,14.2300,15.1900
2005-01-28,,,,,,,,,,,,10.7200,10.4800,12.4900,14.0500,15.0800
2005-01-27,,,,,,,,,,,,10.7200,10.4600,12.5200,14.0900,15.1600
2005-01-26,,,,,,,,,,,,10.7200,10.4600,12.5200,14.0700,15.1500
2005-01-25,,,,,,,,,,,,10.7100,10.4600,12.4600,13.9200,14.9800
2005-01-24,,,,,,,,,,,,10.7100,10.4900,12.4100,13.9100,15.0300
2005-01-21,,,,,,,,,,,,10.7100,10.4800,12.4500,14.0400,14.9600
2005-01-20,,,,,,,,,,,,10.7100,10.4700,12.5300,14.0700,14.9300
2005-01-19,,,,,,,,,,,,10.7100,10.4500,12.6300,14.1600,15.0300
2005-01-18,,,,,,,,,,,,10.7100,10.4500,12.7500,14.2800,15.0800
2005-01-14,,,,,,,,,,,,10.7000,10.4400,12.6300,14.1400,15.0900
2005-01-13,,,,,,,,,,,,10.7000,10.4500,12.5500,14.0100,15.1300
2005-01-12,,,,,,,,,,,,10.7000,10.4300,12.6600,14.0500,15.1800
2005-01-11,,,,,,,,,,,,10.7000,10.4200,12.6100,14.0100,15.1300
2005-01-10,,,,,,,,,,,,10.7000,10.4000,12.6900,14.1300,15.1100
2005-01-07,,,,,,,,,,,,10.6900,10.4000,12.6400,14.0500,15.0600
2005-01-06,,,,,,,,,,,,10.6900,10.4000,12.6600,14.1200,15.0900
2005-01-05,,,,,,,,,,,,10.6900,10.4000,12.6100,14.0600,15.1600
2005-01-04,,,,,,,,,,,,10.6900,10.3900,12.6600,14.2500,15.1700
2005-01-03,,,,,,,,,,,,10.6900,10.4200,12.8100,14.5000,15.4100
2004-12-31,,,,,,,,,,,,10.6800,10.4200,12.9100,14.7300,15.4800
2004-12-30,,,,,,,,,,,,10.6800,10.4000,12.9300,14.7500,15.4700
2004-12-29,,,,,,,,,,,,10.6800,10.3700,12.9300,14.7300,15.3700
2004-12-28,,,,,,,,,,,,10.6800,10.3900,12.9300,14.7300,15.4200
2004-12-27,,,,,,,,,,,,10.6800,10.3900,12.8300,14.5400,15.4100
2004-12-23,,,,,,,,,,,,10.6700,10.4100,12.8900,14.6200,15.2600
2004-12-22,,,,,,,,,,,,10.6700,10.4100,12.8800,14.6000,15.1400
2004-12-21,,,,,,,,,,,,10.6700,10.4200,12.8300,14.5500,15.0400
2004-12-20,,,,,,,,,,,,10.6700,10.4100,12.7200,14.3900,15.0900
2004-12-17,,,,,,,,,,,,10.6600,10.4000,12.7100,14.4600,14.9000
2004-12-16,,,,,,,,,,,,10.6600,10.4100,12.8100,14.4400,14.9800
2004-12-15,,,,,,,,,,,,10.6600,10.4500,12.8400,14.5400,15.0600
2004-12-14,,,,,,,,,,,,10.6600,10.4300,12.8100,14.4300,14.9000
2004-12-13,,,,,,,,,,,,10.6600,10.4200,12.7600,14.3300,14.8700
2004-12-10,,,,,,,,,,,,10.6600,10.4200,12.6400,14.2300,14.6900
2004-12-09,,,,,,,,,,,,10.6500,10.4200,12.6600,14.1800,14.8500
2004-12-08,,,,,,,,,,,,10.6500,10.4300,12.5900,14.1500,14.9300
2004-12-07,,,,,,,,,,,,10.6500,10.3900,12.5300,14.0800,14.9800
2004-12-06,,,,,,,,,,,,10.6500,10.3900,12.6600,14.3000,15.0600
2004-12-03,,,,,,,,,,,,10.6500,10.3700,12.6700,14.3300,15.0900
2004-12-02,,,,,,,,,,,,10.6500,10.3100,12.6700,14.3000,15.0000
2004-12-01,,,,,,,,,,,,10.6400,10.3200,12.6800,14.3300,15.0100
2004-11-30,,,,,,,,,,,,10.6400,10.3200,12.4900,14.1400,14.8300
2004-11-29,,,,,,,,,,,,10.6400,10.3300,12.5400,14.1600,14.9100
2004-11-26,,,,,,,,,,,,10.6400,10.3600,12.5800,14.1400,14.8500
2004-11-24,,,,,,,,,,,,10.6400,10.3700,12.5700,14.1100,14.7000
2004-11-23,,,,,,,,,,,,10.6300,10.3800,12.5100,14.0000,14.6200
2004-11-22,,,,,,,,,,,,10.6300,10.3800,12.5200,13.9300,14.5700
2004-11-19,,,,,,,,,,,,10.6300,10.3700,12.4400,13.8200,14.6300
2004-11-18,,,,,,,,,,,,10.6300,10.4000,12.5800,13.9800,14.6900
2004-11-17,,,,,,,,,,,,10.6300,10.3800,12.5700,13.9900,14.7400
2004-11-16,,,,,,,,,,,,10.6300,10.3500,12.5000,13.9000,14.5800
2004-11-15,,,,,,,,,,,,10.6200,10.3600,12.5800,13.9800,14.6200
2004-11-12,,,,,,,,,,,,10.6200,10.3600,12.5900,13.9500,14.6500
2004-11-10,,,,,,,,,,,,10.6200,10.3300,12.3600,13.6900,14.3500
2004-11-09,,,,,,,,,,,,10.6200,10.3500,12.3700,13.6300,14.3600
2004-11-08,,,,,,,,,,,,10.6200,10.3500,12.3700,13.5800,14.4000
2004-11-05,,,,,,,,,,,,10.6100,10.3500,12.3900,13.6100,14.4800
2004-11-04,,,,,,,,,,,,10.6100,10.4000,12.3400,13.5700,14.3800
2004-11-03,,,,,,,,,,,,10.6100,10.4000,12.1400,13.4200,14.2200
2004-11-02,,,,,,,,,,,,10.6100,10.3900,12.0000,13.2400,14.0900
2004-11-01,,,,,,,,,,,,10.6100,10.3800,12.0000,13.2500,13.9800
2004-10-29,,,,,,,,,,,,10.6100,10.4100,12.0000,13.2200,13.9700
2004-10-28,,,,,,,,,,,,10.6000,10.3800,11.9700,13.2200,13.9500
2004-10-27,,,,,,,,,,,,10.6000,10.3800,11.9500,13.2400,13.8500
2004-10-26,,,,,,,,,,,,10.6000,10.4100,11.7900,13.0600,13.7100
2004-10-25,,,,,,,,,,,,10.6000,10.4100,11.6200,12.9300,13.6800
2004-10-22,,,,,,,,,,,,10.6000,10.4100,11.6300,12.9000,13.7500
2004-10-21,,,,,,,,,,,,10.5900,10.4000,11.7400,13.0400,13.7300
2004-10-20,,,,,,,,,,,,10.5900,10.4000,11.7100,12.9200,13.6700
2004-10-19,,,,,,,,,,,,10.5900,10.3800,11.7100,12.8700,13.7300
2004-10-18,,,,,,,,,,,,10.5900,10.3800,11.8200,12.9600,13.5900
2004-10-15,,,,,,,,,,,,10.5900,10.3800,11.7600,12.9100,13.6200
2004-10-14,,,,,,,,,,,,10.5900,10.3900,11.7100,12.8400,13.5600
2004-10-13,,,,,,,,,,,,10.5800,10.3700,11.8200,12.9200,13.5600
2004-10-12,,,,,,,,,,,,10.5800,10.3500,11.9000,13.0400,13.5800
2004-10-08,,,,,,,,,,,,10.5800,10.3300,11.9100,13.0300,13.7900
2004-10-07,,,,,,,,,,,,10.5800,10.2800,12.0000,13.1400,13.6900
2004-10-06,,,,,,,,,,,,10.5800,10.2900,12.1200,13.3100,13.7100
2004-10-05,,,,,,,,,,,,10.5800,10.3100,12.0300,13.2100,13.7100
2004-10-04,,,,,,,,,,,,10.5700,10.3000,12.0400,13.2400,13.6600
2004-10-01,,,,,,,,,,,,10.5700,10.2900,12.0000,13.1800,13.6200
2004-09-30,,,,,,,,,,,,10.5700,10.3200,11.8200,12.9800,13.4400
2004-09-29,,,,,,,,,,,,10.5700,10.3300,11.8200,12.9100,13.3500
2004-09-28,,,,,,,,,,,,10.5700,10.3600,11.7700,12.8300,13.3000
2004-09-27,,,,,,,,,,,,10.5700,10.3600,11.7000,12.7300,13.2600
2004-09-24,,,,,,,,,,,,10.5600,10.3500,11.7700,12.8600,13.3200
2004-09-23,,,,,,,,,,,,10.5600,10.3500,11.7500,12.8300,13.3600
2004-09-22,,,,,,,,,,,,10.5600,10.3700,11.8000,12.8400,13.3700
2004-09-21,,,,,,,,,,,,10.5600,10.3500,11.9700,13.0100,13.5600
2004-09-20,,,,,,,,,,,,10.5600,10.3500,11.9000,12.9100,13.3300
2004-09-17,,,,,,,,,,,,10.5500,10.3100,11.9600,12.9500,13.3700
2004-09-16,,,,,,,,,,,,10.5500,10.3400,11.9100,12.9600,13.3200
2004-09-15,,,,,,,,,,,,10.5500,10.3000,11.8800,12.8500,13.2900
2004-09-14,,,,,,,,,,,,10.5500,10.3100,11.9600,12.9000,13.4700
2004-09-13,,,,,,,,,,,,10.5500,10.3000,11.9300,12.9100,13.4300
2004-09-10,,,,,,,,,,,,10.5500,10.2900,11.9100,12.8400,13.3800
2004-09-09,,,,,,,,,,,,10.5400,10.2800,11.8500,12.7700,13.2400
2004-09-08,,,,,,,,,,,,10.5400,10.2900,11.8300,12.6800,13.3200
2004-09-07,,,,,,,,,,,,10.5400,10.2500,11.8800,12.7600,13.2900
2004-09-03,,,,,,,,,,,,10.5400,10.2300,11.8000,12.6500,13.1500
2004-09-02,,,,,,,,,,,,10.5400,10.2700,11.8500,12.7100,13.3000
2004-09-01,,,,,,,,,,,,10.5300,10.3000,11.7200,12.5800,13.2000
2004-08-31,,,,,,,,,,,,10.5300,10.2900,11.6900,12.4900,13.1700
2004-08-30,,,,,,,,,,,,10.5300,10.2700,11.6400,12.4200,13.1100
2004-08-27,,,,,,,,,,,,10.5300,10.2500,11.7300,12.5400,13.1300
2004-08-26,,,,,,,,,,,,10.5300,10.2500,11.7000,12.4700,13.0800
2004-08-25,,,,,,,,,,,,10.5300,10.2300,11.7000,12.4900,12.9900
2004-08-24,,,,,,,,,,,,10.5200,10.2200,11.6100,12.3900,12.9600
2004-08-23,,,,,,,,,,,,10.5200,10.2200,11.6000,12.3700,12.9600
2004-08-20,,,,,,,,,,,,10.5200,10.2400,11.6300,12.4400,12.9900
2004-08-19,,,,,,,,,,,,10.5200,10.2400,11.5500,12.2500,13.0300
2004-08-18,,,,,,,,,,,,10.5200,10.2300,11.5900,12.3200,13.0000
2004-08-17,,,,,,,,,,,,10.5200,10.2400,11.4500,12.1200,12.8900
2004-08-16,,,,,,,,,,,,10.5100,10.2200,11.4200,12.0600,12.9300
2004-08-13,,,,,,,,,,,,10.5100,10.2300,11.2700,11.8700,12.8100
2004-08-12,,,,,,,,,,,,10.5100,10.2100,11.2500,11.8700,12.8000
2004-08-11,,,,,,,,,,,,10.5100,10.2000,11.3800,12.0300,12.8200
2004-08-10,,,,,,,,,,,,10.5100,10.1900,11.4100,12.0900,12.9200
2004-08-09,,,,,,,,,,,,10.5000,10.2100,11.2600,11.8900,12.8300
2004-08-06,,,,,,,,,,,,10.5000,10.2200,11.2500,11.9100,12.8500
2004-08-05,,,,,,,,,,,,10.5000,10.1300,11.4300,12.1100,12.8800
2004-08-04,,,,,,,,,,,,10.5000,10.1200,11.6200,12.3200,12.9500
2004-08-03,,,,,,,,,,,,10.5000,10.1200,11.6300,12.3900,13.0800
2004-08-02,,,,,,,,,,,,10.5000,10.1100,11.7000,12.5100,13.0400
2004-07-30,,,,,,,,,,,,10.4900,10.1000,11.6500,12.4900,13.0400
2004-07-29,,,,,,,,,,,,10.4900,10.0500,11.6300,12.4500,12.9700
2004-07-28,,,,,,,,,,,,10.4900,10.0400,11.5800,12.3000,12.8700
2004-07-27,,,,,,,,,,,,10.4900,10.0300,11.5700,12.3600,12.8500
2004-07-26,,,,,,,,,,,,10.4900,10.0900,11.4600,12.1800,12.8900
2004-07-23,,,,,,,,,,,,10.4800,10.1000,11.4800,12.3100,12.9600
2004-07-22,,,,,,,,,,,,10.4800,10.0900,11.5900,12.4700,13.1100
2004-07-21,,,,,,,,,,,,10.4800,10.0800,11.5600,12.5200,13.1600
2004-07-20,,,,,,,,,,,,10.4800,10.0900,11.7100,12.7900,13.2800
2004-07-19,,,,,,,,,,,,10.4800,10.1300,11.6300,12.6300,13.3400
2004-07-16,,,,,,,,,,,,10.4700,10.1300,11.6400,12.6500,13.3900
2004-07-15,,,,,,,,,,,,10.4700,10.0700,11.6900,12.7500,13.2800
2004-07-14,,,,,,,,,,,,10.4700,10.0700,11.7400,12.7100,13.4000
2004-07-13,,,,,,,,,,,,10.4700,10.0700,11.7800,12.7500,13.4100
2004-07-12,,,,,,,,,,,,10.4700,10.0900,11.7700,12.7400,13.4800
2004-07-09,,,,,,,,,,,,10.4600,10.0800,11.7600,12.7700,13.4600
2004-07-08,,,,,,,,,,,,10.4600,10.0800,11.7200,12.7300,13.3600
2004-07-07,,,,,,,,,,,,10.4600,10.0700,11.8100,12.9200,13.4000
2004-07-06,,,,,,,,,,,,10.4600,10.0700,11.7900,12.9100,13.3400
2004-07-02,,,,,,,,,,,,10.4500,10.0800,11.8800,13.0800,13.4800
2004-07-01,,,,,,,,,,,,10.4500,10.0300,11.9200,13.0700,13.4700
2004-06-30,,,,,,,,,,,,10.4500,10.0000,12.0400,13.2200,13.5500
2004-06-29,,,,,,,,,,,,10.4500,9.9600,12.0000,13.1200,13.5100
2004-06-28,,,,,,,,,,,,10.4500,9.9400,11.9600,13.0700,13.6300
2004-06-25,,,,,,,,,,,,10.4500,9.9800,11.9700,13.1300,13.5000
2004-06-24,,,,,,,,,,,,10.4400,9.9700,12.0400,13.0400,13.5400
2004-06-23,,,,,,,,,,,,10.4400,9.9500,12.0700,13.0500,13.4200
2004-06-22,,,,,,,,,,,,10.4400,9.9400,11.9700,12.9100,13.3100
2004-06-21,,,,,,,,,,,,10.4400,9.9500,11.9300,12.8500,13.4300
2004-06-18,,,,,,,,,,,,10.4400,9.9400,11.9800,12.8800,13.4100
2004-06-17,,,,,,,,,,,,10.4300,9.9400,11.9500,12.8900,13.3500
2004-06-16,,,,,,,,,,,,10.4300,9.9200,11.9600,12.8900,13.3100
2004-06-15,,,,,,,,,,,,10.4300,9.9400,11.9500,12.8600,13.3300
2004-06-14,,,,,,,,,,,,10.4300,9.8500,11.8700,12.7000,13.1500
2004-06-10,,,,,,,,,,,,10.4300,9.8900,11.9900,12.8800,13.3600
2004-06-09,,,,,,,,,,,,10.4200,9.8900,11.9300,12.8700,13.2300
2004-06-08,,,,,,,,,,,,10.4200,9.9100,12.0500,13.0400,13.4600
2004-06-07,,,,,,,,,,,,10.4200,9.9100,12.0300,13.0600,13.5300
2004-06-04,,,,,,,,,,,,10.4200,9.9000,11.8400,12.8500,13.2000
2004-06-03,,,,,,,,,,,,10.4200,9.9200,11.7800,12.7600,13.1200
2004-06-02,,,,,,,,,,,,10.4100,9.9100,11.8700,12.9500,13.2000
2004-06-01,,,,,,,,,,,,10.4100,9.9200,11.8200,12.9200,13.1500
2004-05-28,,,,,,,,,,,,10.4100,9.9400,11.8200,12.8700,13.1700
2004-05-27,,,,,,,,,,,,10.4100,9.9700,11.8200,12.8300,13.2000
2004-05-26,,,,,,,,,,,,10.4100,9.9300,11.7500,12.7900,12.9800
2004-05-25,,,,,,,,,,,,10.4100,9.9000,11.7300,12.7100,13.0000
2004-05-24,,,,,,,,,,,,10.4000,9.8900,11.5500,12.4700,12.8300
2004-05-21,,,,,,,,,,,,10.4000,9.8800,11.5300,12.3500,12.8100
2004-05-20,,,,,,,,,,,,10.4000,9.9000,11.4800,12.2800,12.6500
2004-05-19,,,,,,,,,,,,10.4000,9.8700,11.4700,12.2700,12.7200
2004-05-18,,,,,,,,,,,,10.4000,9.8900,11.5000,12.2900,12.4800
2004-05-17,,,,,,,,,,,,10.4000,9.9100,11.4200,12.1600,12.3900
2004-05-14,,,,,,,,,,,,10.3900,9.8600,11.5500,12.3100,12.5000
2004-05-13,,,,,,,,,,,,10.3900,9.8300,11.5500,12.3600,12.5500
2004-05-12,,,,,,,,,,,,10.3900,9.8600,11.5600,12.3600,12.6800
2004-05-11,,,,,,,,,,,,10.3900,9.8600,11.5400,12.3800,12.5300
2004-05-10,,,,,,,,,,,,10.3900,9.8400,11.4500,12.1900,12.4600
2004-05-07,,,,,,,,,,,,10.3800,9.8400,11.5700,12.4500,12.8700
2004-05-06,,,,,,,,,,,,10.3800,9.9200,11.7300,12.7200,13.1900
2004-05-05,,,,,,,,,,,,10.3800,9.9500,11.8100,12.8800,13.4400
2004-05-04,,,,,,,,,,,,10.3800,9.9700,11.7900,12.8300,13.3200
2004-05-03,,,,,,,,,,,,10.3800,9.9800,11.7600,12.7800,13.1600
2004-04-30,,,,,,,,,,,,10.3700,9.9900,11.6600,12.6800,13.1300
2004-04-29,,,,,,,,,,,,10.3700,9.9700,11.7300,12.8000,13.1500
2004-04-28,,,,,,,,,,,,10.3700,10.0100,11.8100,12.9900,13.1900
2004-04-27,,,,,,,,,,,,10.3700,10.0300,11.9800,13.2100,13.4500
2004-04-26,,,,,,,,,,,,10.3700,10.0200,11.9500,13.2100,13.4600
2004-04-23,,,,,,,,,,,,10.3700,10.0100,12.0000,13.2300,13.3900
2004-04-22,,,,,,,,,,,,10.3700,10.0500,11.9900,13.2700,13.4600
2004-04-21,,,,,,,,,,,,10.3600,10.0200,11.8300,13.0600,13.3000
2004-04-20,,,,,,,,,,,,10.3600,10.0400,11.7600,12.9600,13.3200
2004-04-19,,,,,,,,,,,,10.3600,10.0600,11.9500,13.1600,13.4200
2004-04-16,,,,,,,,,,,,10.3600,10.0600,11.9400,13.0800,13.4400
2004-04-15,,,,,,,,,,,,10.3600,10.0400,11.8800,13.0200,13.2900
2004-04-14,,,,,,,,,,,,10.3600,10.0500,11.8700,13.0500,13.3500
2004-04-13,,,,,,,,,,,,10.3600,10.0700,11.8800,13.1200,13.5500
2004-04-12,,,,,,,,,,,,10.3500,10.1100,12.0500,13.3700,13.7000
2004-04-08,,,,,,,,,,,,10.3500,10.1200,11.9900,13.3600,13.6500
2004-04-07,,,,,,,,,,,,10.3500,10.1300,12.0000,13.4100,13.6700
2004-04-06,,,,,,,,,,,,10.3500,10.1300,12.0800,13.3900,13.5800
2004-04-05,,,,,,,,,,,,10.3500,10.1000,12.1000,13.5100,13.6500
2004-04-02,,,,,,,,,,,,10.3400,10.1300,12.0100,13.4400,13.6000
2004-04-01,,,,,,,,,,,,10.3400,10.2300,11.9100,13.3300,13.6100
2004-03-31,,,,,,,,,,,,10.3400,10.2500,11.8400,13.2000,13.4400
2004-03-30,,,,,,,,,,,,10.3400,10.2300,11.8500,13.1500,13.3200
2004-03-29,,,,,,,,,,,,10.3400,10.2300,11.8000,13.0500,13.3000
2004-03-26,,,,,,,,,,,,10.3400,10.2500,11.6500,12.8600,13.1500
2004-03-25,,,,,,,,,,,,10.3300,10.2900,11.6600,12.8300,13.1900
2004-03-24,,,,,,,,,,,,10.3300,10.3000,11.4700,12.6000,12.9900
2004-03-23,,,,,,,,,,,,10.3300,10.3000,11.5000,12.6500,13.0200
2004-03-22,,,,,,,,,,,,10.3300,10.2900,11.5200,12.6400,12.9700
2004-03-19,,,,,,,,,,,,10.3300,10.2700,11.6700,12.8600,13.1300
2004-03-18,,,,,,,,,,,,10.3300,10.2800,11.8000,12.9300,13.2300
2004-03-17,,,,,,,,,,,,10.3300,10.3000,11.8100,12.9800,13.2500
2004-03-16,,,,,,,,,,,,10.3200,10.3000,11.6700,12.7800,13.0600
2004-03-15,,,,,,,,,,,,10.3200,10.2700,11.6100,12.7900,12.8900
2004-03-12,,,,,,,,,,,,10.3200,10.2700,11.7800,13.0400,13.0800
2004-03-11,,,,,,,,,,,,10.3200,10.2800,11.6300,12.8200,13.0500
2004-03-10,,,,,,,,,,,,10.3200,10.2800,11.8100,12.9700,13.2400
2004-03-09,,,,,,,,,,,,10.3200,10.2800,11.9800,13.1900,13.4000
2004-03-08,,,,,,,,,,,,10.3200,10.2700,12.0500,13.3100,13.5300
2004-03-05,,,,,,,,,,,,10.3100,10.2500,12.1500,13.4300,13.5800
2004-03-04,,,,,,,,,,,,10.3100,10.1700,12.1300,13.3700,13.3900
2004-03-03,,,,,,,,,,,,10.3100,10.1500,12.0900,13.2600,13.3100
2004-03-02,,,,,,,,,,,,10.3100,10.1600,12.0700,13.2700,13.4900
2004-03-01,,,,,,,,,,,,10.3100,10.1800,12.1400,13.3200,13.5600
2004-02-27,,,,,,,,,,,,10.3100,10.1800,12.0200,13.1500,13.3600
2004-02-26,,,,,,,,,,,,10.3000,10.1500,12.0200,13.0900,13.2900
2004-02-25,,,,,,,,,,,,10.3000,10.1600,12.0100,12.9900,13.3600
2004-02-24,,,,,,,,,,,,10.3000,10.1600,11.9600,12.8600,13.4300
2004-02-23,,,,,,,,,,,,10.3000,10.1500,11.9800,12.8600,13.4900
2004-02-20,,,,,,,,,,,,10.3000,10.1300,12.0100,13.0200,13.4500
2004-02-19,,,,,,,,,,,,10.2900,10.1500,12.0400,13.0800,13.6500
2004-02-18,,,,,,,,,,,,10.2900,10.1400,12.0900,13.2100,13.6400
2004-02-17,,,,,,,,,,,,10.2900,10.1400,12.1400,13.2600,13.6600
2004-02-13,,,,,,,,,,,,10.2900,10.1400,12.0300,13.1200,13.4900
2004-02-12,,,,,,,,,,,,10.2900,10.1200,12.0900,13.2100,13.5000
2004-02-11,,,,,,,,,,,,10.2900,10.1400,12.1500,13.2700,13.4400
2004-02-10,,,,,,,,,,,,10.2800,10.1000,12.0200,13.1600,13.3600
2004-02-09,,,,,,,,,,,,10.2800,10.1100,11.9600,13.0500,13.3400
2004-02-06,,,,,,,,,,,,10.2800,10.1000,11.9800,13.0000,13.2500
2004-02-05,,,,,,,,,,,,10.2800,10.0600,11.8400,12.7400,13.0900
2004-02-04,,,,,,,,,,,,10.2800,10.0800,11.8100,12.6900,13.0300
2004-02-03,,,,,,,,,,,,10.2800,10.0900,11.9100,12.9000,13.1500
2004-02-02,,,,,,,,,,,,10.2800,10.0700,11.9000,12.9300,13.1000
2004-01-30,,,,,,,,,,,,10.2700,10.0700,11.8600,12.9200,13.0700
2004-01-29,,,,,,,,,,,,10.2700,10.0400,11.8900,12.8800,13.0800
2004-01-28,,,,,,,,,,,,10.2700,10.0400,11.8300,12.9600,13.2400
2004-01-27,,,,,,,,,,,,10.2700,10.0900,11.9900,13.1800,13.3600
2004-01-26,,,,,,,,,,,,10.2700,10.0700,12.1100,13.2800,13.4100
2004-01-23,,,,,,,,,,,,10.2600,10.0900,11.9600,13.1700,13.4500
2004-01-22,,,,,,,,,,,,10.2600,10.1300,11.9900,13.1300,13.4700
2004-01-21,,,,,,,,,,,,10.2600,10.1100,12.0300,13.1800,13.4500
2004-01-20,,,,,,,,,,,,10.2600,10.1000,11.9300,13.1600,13.2800
2004-01-16,,,,,,,,,,,,10.2500,10.1100,11.9400,13.0400,13.1300
2004-01-15,,,,,,,,,,,,10.2500,10.1200,11.8600,12.9300,13.1700
2004-01-14,,,,,,,,,,,,10.2500,10.1100,11.8500,12.9100,13.2800
2004-01-13,,,,,,,,,,,,10.2500,10.1000,11.7500,12.8300,13.2600
2004-01-12,,,,,,,,,,,,10.2500,10.0800,11.8100,12.8700,13.2700
2004-01-09,,,,,,,,,,,,10.2500,10.0800,11.7600,12.7600,13.3100
2004-01-08,,,,,,,,,,,,10.2500,10.0100,11.8600,12.7900,13.2500
2004-01-07,,,,,,,,,,,,10.2400,10.0100,11.8000,12.7400,13.1200
2004-01-06,,,,,,,,,,,,10.2400,9.9900,11.7700,12.6700,13.2200
2004-01-05,,,,,,,,,,,,10.2400,9.9500,11.7600,12.6400,13.1700
2004-01-02,,,,,,,,,,,,10.2400,9.9400,11.6100,12.5000,12.9900
2003-12-31,,,,,,,,,,,,10.2400,9.9900,11.6500,12.4800,12.9000
2003-12-30,,,,,,,,,,,,10.2300,9.9800,11.6200,12.5700,12.8200
2003-12-29,,,,,,,,,,,,10.2300,9.9900,11.6200,12.5400,12.7000
2003-12-26,,,,,,,,,,,,10.2300,10.0100,11.4700,12.3800,12.6300
2003-12-24,,,,,,,,,,,,10.2300,9.9900,11.4500,12.3500,12.6100
2003-12-23,,,,,,,,,,,,10.2300,9.9600,11.4700,12.3600,12.5600
2003-12-22,,,,,,,,,,,,10.2200,10.0000,11.4400,12.2800,12.5100
2003-12-19,,,,,,,,,,,,10.2200,10.0100,11.4000,12.2300,12.4600
2003-12-18,,,,,,,,,,,,10.2200,10.0100,11.4000,12.2300,12.4200
2003-12-17,,,,,,,,,,,,10.2200,9.9900,11.2700,12.0700,12.3500
2003-12-16,,,,,,,,,,,,10.2200,9.9700,11.2500,12.0500,12.3400
2003-12-15,,,,,,,,,,,,10.2200,9.9500,11.1800,12.0400,12.4100
2003-12-12,,,,,,,,,,,,10.2100,9.9600,11.2400,12.2100,12.3000
2003-12-11,,,,,,,,,,,,10.2100,9.9600,11.2100,12.1400,12.1800
2003-12-10,,,,,,,,,,,,10.2100,9.9200,11.0800,11.9100,12.1700
2003-12-09,,,,,,,,,,,,10.2100,9.9000,11.0900,12.0300,12.2800
2003-12-08,,,,,,,,,,,,10.2100,9.9400,11.1900,12.1800,12.2300
2003-12-05,,,,,,,,,,,,10.2000,9.9600,11.1100,12.1100,12.2600
2003-12-04,,,,,,,,,,,,10.2000,9.8800,11.1900,12.2000,12.2700
2003-12-03,,,,,,,,,,,,10.2000,9.8600,11.1400,12.2400,12.2900
2003-12-02,,,,,,,,,,,,10.2000,9.8700,11.1600,12.3700,12.2300
2003-12-01,,,,,,,,,,,,10.2000,9.8600,11.1900,12.3800,12.1500
2003-11-28,,,,,,,,,,,,10.1900,9.8900,11.0700,12.2300,11.9800
2003-11-26,,,,,,,,,,,,10.1900,9.9200,11.0700,12.1800,11.9400
2003-11-25,,,,,,,,,,,,10.1900,9.9400,11.0200,12.1300,11.8200
2003-11-24,,,,,,,,,,,,10.1900,9.9200,11.0000,12.0400,11.7700
2003-11-21,,,,,,,,,,,,10.1900,9.9500,10.8200,11.8000,11.7400
2003-11-20,,,,,,,,,,,,10.1900,9.9500,10.8100,11.7500,11.7100
2003-11-19,,,,,,,,,,,,10.1800,9.9200,10.9000,11.8100,11.6700
2003-11-18,,,,,,,,,,,,10.1800,9.9500,10.8100,11.7600,11.7800
2003-11-17,,,,,,,,,,,,10.1800,9.9500,10.9100,11.8500,11.6800
2003-11-14,,,,,,,,,,,,10.1800,9.9300,10.9800,11.9600,11.9300
2003-11-13,,,,,,,,,,,,10.1800,9.8900,11.0600,12.0900,11.8900
2003-11-12,,,,,,,,,,,,10.1800,9.8400,11.0600,12.0700,11.7600
2003-11-10,,,,,,,,,,,,10.1700,9.8300,10.9400,11.9300,11.7700
2003-11-07,,,,,,,,,,,,10.1700,9.8000,11.0000,12.0800,11.8100
2003-11-06,,,,,,,,,,,,10.1700,9.8100,11.0500,12.0700,11.6600
2003-11-05,,,,,,,,,,,,10.1700,9.8400,10.9900,12.0000,11.7400
2003-11-04,,,,,,,,,,,,10.1700,9.8600,11.0000,11.9800,11.8200
2003-11-03,,,,,,,,,,,,10.1600,9.8400,11.0600,11.9800,11.7200
2003-10-31,,,,,,,,,,,,10.1600,9.8600,10.9700,11.8200,11.7200
2003-10-30,,,,,,,,,,,,10.1600,9.8400,10.9300,11.8200,11.8300
2003-10-29,,,,,,,,,,,,10.1600,9.8700,10.9400,11.8300,11.7900
2003-10-28,,,,,,,,,,,,10.1600,9.9000,10.9300,11.7400,11.7100
2003-10-27,,,,,,,,,,,,10.1600,9.8600,10.7600,11.5600,11.6500
2003-10-24,,,,,,,,,,,,10.1500,9.8800,10.7400,11.4200,11.5700
2003-10-23,,,,,,,,,,,,10.1500,9.8400,10.7900,11.4600,11.5300
2003-10-22,,,,,,,,,,,,10.1500,9.8500,10.7500,11.4900,11.7700
2003-10-21,,,,,,,,,,,,10.1500,9.8200,10.9200,11.6900,11.8700
2003-10-20,,,,,,,,,,,,10.1500,9.8100,10.9000,11.6200,11.8400
2003-10-17,,,,,,,,,,,,10.1500,9.8000,10.8500,11.6100,11.8100
2003-10-16,,,,,,,,,,,,10.1400,9.7800,10.9600,11.7800,11.8700
2003-10-15,,,,,,,,,,,,10.1400,9.8000,10.9200,11.7200,11.8200
2003-10-14,,,,,,,,,,,,10.1400,9.8200,10.9500,11.8000,11.8000
2003-10-10,,,,,,,,,,,,10.1400,9.8500,10.8300,11.6000,11.7500
2003-10-09,,,,,,,,,,,,10.1400,9.8300,10.8400,11.6100,11.6800
2003-10-08,,,,,,,,,,,,10.1400,9.8500,10.7900,11.5200,11.5600
2003-10-07,,,,,,,,,,,,10.1300,9.8400,10.8400,11.5700,11.6100
2003-10-06,,,,,,,,,,,,10.1300,9.8800,10.7900,11.5100,11.5500
2003-10-03,,,,,,,,,,,,10.1300,9.8500,10.7400,11.4200,11.5400
2003-10-02,,,,,,,,,,,,10.1300,9.9300,10.6400,11.2600,11.3700
2003-10-01,,,,,,,,,,,,10.1300,9.9600,10.6200,11.1900,11.2600
2003-09-30,,,,,,,,,,,,10.1300,9.9600,10.3800,10.9800,11.0500
2003-09-29,,,,,,,,,,,,10.1300,9.9000,10.4900,11.0500,11.1000
2003-09-26,,,,,,,,,,,,10.1200,9.9200,10.3900,10.9300,11.1200
2003-09-25,,,,,,,,,,,,10.1200,9.8900,10.4600,11.0900,11.2000
2003-09-24,,,,,,,,,,,,10.1200,9.8700,10.5200,11.2800,11.2900
2003-09-23,,,,,,,,,,,,10.1200,9.8400,10.7200,11.4700,11.2900
2003-09-22,,,,,,,,,,,,10.1200,9.8300,10.6600,11.3700,11.3000
2003-09-19,,,,,,,,,,,,10.1100,9.8500,10.8000,11.5000,11.3800
2003-09-18,,,,,,,,,,,,10.1100,9.8500,10.8300,11.4800,11.3900
2003-09-17,,,,,,,,,,,,10.1100,9.8500,10.6900,11.3600,11.2700
2003-09-16,,,,,,,,,,,,10.1100,9.8100,10.7300,11.3700,11.1800
2003-09-15,,,,,,,,,,,,10.1100,9.8200,10.5800,11.2300,11.1000
2003-09-12,,,,,,,,,,,,10.1000,9.8100,10.6200,11.2600,11.0800
2003-09-11,,,,,,,,,,,,10.1000,9.7800,10.5900,11.2200,11.0000
2003-09-10,,,,,,,,,,,,10.1000,9.8000,10.5300,11.1400,11.0500
2003-09-09,,,,,,,,,,,,10.1000,9.7600,10.6600,11.3700,11.1400
2003-09-08,,,,,,,,,,,,10.1000,9.7500,10.7500,11.4500,11.1200
2003-09-05,,,,,,,,,,,,10.1000,9.7600,10.6400,11.3100,11.0200
2003-09-04,,,,,,,,,,,,10.0900,9.6800,10.7100,11.3700,10.9700
2003-09-03,,,,,,,,,,,,10.0900,9.6400,10.6900,11.3300,10.9600
2003-09-02,,,,,,,,,,,,10.0900,9.6400,10.6400,11.2800,10.8400
2003-08-29,,,,,,,,,,,,10.0900,9.7000,10.5000,11.1300,10.7200
2003-08-28,,,,,,,,,,,,10.0900,9.7000,10.4400,11.0700,10.6900
2003-08-27,,,,,,,,,,,,10.0800,9.6600,10.3800,10.9600,10.6600
2003-08-26,,,,,,,,,,,,10.0800,9.6700,10.3800,10.8800,10.6100
2003-08-25,,,,,,,,,,,,10.0800,9.6600,10.3400,10.8500,10.6900
2003-08-22,,,,,,,,,,,,10.0800,9.6800,10.3400,10.9000,10.7400
2003-08-21,,,,,,,,,,,,10.0800,9.6600,10.4400,11.0300,10.7800
2003-08-20,,,,,,,,,,,,10.0800,9.6900,10.4100,10.9300,10.7800
2003-08-19,,,,,,,,,,,,10.0700,9.7100,10.4300,10.9100,10.7300
2003-08-18,,,,,,,,,,,,10.0700,9.6600,10.4100,10.7900,10.7300
2003-08-15,,,,,,,,,,,,10.0700,9.6400,10.3100,10.6500,10.6900
2003-08-14,,,,,,,,,,,,10.0700,9.6200,10.3100,10.6200,10.6900
2003-08-13,,,,,,,,,,,,10.0700,9.6300,10.2400,10.5600,10.5700
2003-08-12,,,,,,,,,,,,10.0700,9.7100,10.3000,10.5600,10.5100
2003-08-11,,,,,,,,,,,,10.0600,9.7100,10.2000,10.4300,10.4700
2003-08-08,,,,,,,,,,,,10.0600,9.7400,10.1700,10.3400,10.4000
2003-08-07,,,,,,,,,,,,10.0600,9.7300,10.1300,10.3200,10.3700
2003-08-06,,,,,,,,,,,,10.0600,9.7000,10.0600,10.3100,10.3300
2003-08-05,,,,,,,,,,,,10.0600,9.6300,10.0400,10.3700,10.4300
2003-08-04,,,,,,,,,,,,10.0600,9.6600,10.2200,10.5100,10.3900
2003-08-01,,,,,,,,,,,,10.0500,9.6300,10.1900,10.5600,10.4200
2003-07-31,,,,,,,,,,,,10.0500,9.6300,10.3000,10.6900,10.4700
2003-07-30,,,,,,,,,,,,10.0500,9.7200,10.2700,10.6500,10.4900
2003-07-29,,,,,,,,,,,,10.0500,9.6900,10.2800,10.6600,10.6000
2003-07-28,,,,,,,,,,,,10.0500,9.7400,10.3600,10.6600,10.6200
2003-07-25,,,,,,,,,,,,10.0500,9.7800,10.3800,10.5900,10.5400
2003-07-24,,,,,,,,,,,,10.0400,9.7900,10.2000,10.5200,10.5500
2003-07-23,,,,,,,,,,,,10.0400,9.8100,10.2700,10.5400,10.3900
2003-07-22,,,,,,,,,,,,10.0400,9.7900,10.2700,10.5000,10.3000
2003-07-21,,,,,,,,,,,,10.0400,9.7800,10.1700,10.4000,10.2700
2003-07-18,,,,,,,,,,,,10.0400,9.8500,10.3200,10.5200,10.2600
2003-07-17,,,,,,,,,,,,10.0400,9.8500,10.2000,10.4400,10.2300
2003-07-16,,,,,,,,,,,,10.0400,9.8600,10.3300,10.6700,10.3800
2003-07-15,,,,,,,,,,,,10.0400,9.8600,10.4000,10.7500,10.4600
2003-07-14,,,,,,,,,,,,10.0300,9.9300,10.4300,10.8000,10.5500
2003-07-11,,,,,,,,,,,,10.0300,9.9500,10.3700,10.6800,10.4200
2003-07-10,,,,,,,,,,,,10.0300,9.9400,10.2700,10.5900,10.4300
2003-07-09,,,,,,,,,,,,10.0300,9.9200,10.4100,10.7400,10.5000
2003-07-08,,,,,,,,,,,,10.0300,9.9100,10.4700,10.7000,10.5300
2003-07-07,,,,,,,,,,,,10.0300,9.9200,10.4300,10.5800,10.5600
2003-07-03,,,,,,,,,,,,10.0200,9.9400,10.2400,10.3900,10.4900
2003-07-02,,,,,,,,,,,,10.0200,9.9700,10.3200,10.4300,10.3900
2003-07-01,,,,,,,,,,,,10.0200,9.9700,10.2000,10.2600,10.2200
2003-06-30,,,,,,,,,,,,10.0200,9.9700,10.1200,10.2200,10.2300
2003-06-27,,,,,,,,,,,,10.0200,9.9500,10.1400,10.2300,10.3000
2003-06-26,,,,,,,,,,,,10.0200,9.9600,10.2400,10.2400,10.2600
2003-06-25,,,,,,,,,,,,10.0200,10.0200,10.1200,10.1200,10.3800
2003-06-24,,,,,,,,,,,,10.0200,10.0500,10.2100,10.0800,10.3100
2003-06-23,,,,,,,,,,,,10.0200,10.0300,10.1900,10.0600,10.4200
2003-06-20,,,,,,,,,,,,10.0200,10.0100,10.3400,10.2500,10.5800
2003-06-19,,,,,,,,,,,,10.0100,10.0300,10.3300,10.2600,10.5700
2003-06-18,,,,,,,,,,,,10.0100,10.0200,10.4900,10.3900,10.6900
2003-06-17,,,,,,,,,,,,10.0100,10.0500,10.5000,10.4100,10.7100
2003-06-16,,,,,,,,,,,,10.0100,10.0800,10.4900,10.4000,10.6200
2003-06-13,,,,,,,,,,,,10.0100,10.1000,10.2600,10.2300,10.4900
2003-06-12,,,,,,,,,,,,10.0100,10.0800,10.3700,10.3500,10.5400
2003-06-11,,,,,,,,,,,,10.0100,10.0700,10.3500,10.3200,10.4900
2003-06-10,,,,,,,,,,,,10.0100,10.0700,10.2200,10.1900,10.3200
2003-06-09,,,,,,,,,,,,10.0100,10.0400,10.1300,10.0700,10.3400
2003-06-06,,,,,,,,,,,,10.0000,10.0000,10.2500,10.2500,10.3700
2003-06-05,,,,,,,,,,,,10.0000,10.0000,10.2700,10.3000,10.2800
2003-06-04,,,,,,,,,,,,10.0000,10.0200,10.2300,10.2000,10.1800
2003-06-03,,,,,,,,,,,,10.0000,10.0100,10.0800,10.0400,10.1200
2003-06-02,,,,,,,,,,,,10.0000,9.9700,10.0300,10.0500,10.1700
2003-05-31,,,,,,,,,,,,10.0000,10.0000,10.0000,10.0000,10.0000
,,,,,,,,,,,,,,,,
